Premise Name,Premise No,Type,TPIN,Physical Address,Street,PSU No,Category,District,Region
ABACUS PHARMA (AFRICA) LIMITED,NDA/PRE/EXT/10092,External/Annex Store,\N,KAWEMPE,KAWEMPE,294,Human,Kampala,Kampala Extra - Akamwesi
DELMAW ENTERPRISES LIMITED,NDA/PRE/EXT/10165,External/Annex Store,\N,5TH STREET,5TH STREET,1619,Human,Kampala,Kampala Extra - Akamwesi
DAAF WORLD SERVICES LIMITED,NDA/PRE/EXT/10191,External/Annex Store,\N,KYEBANDO,,1751,Human,Kampala,Kampala Extra - Akamwesi
NATIONAL MEDICAL STORES,NDA/PRE/EXT/10198,External/Annex Store,\N,PLOT 261,OFF MIRZA ROAD,487,Human,Wakiso,Kampala Extra - Akamwesi
MEDECINS SANS FRONTIERES,NDA/PRE/EXT/10310,External/Annex Store,\N,"PLOT 2, OSU CRESCENT, WEST VILLAGE",second street,1104,Human,Kasese,South Western Region - Mbarara
VET CENTRE UGANDA LIMITED,NDA/PRE/EXT/10470,External/Annex Store,\N,Kaaro Saco Building,NJOBE RD,725,Human,Kampala,Kampala Extra - Akamwesi
PHARMA MART LIMITED,NDA/PRE/EXT/10488,External/Annex Store,\N,OPP HWANSUNG FURNITURE INDUSTRY,AT UHMG UPPER WAREH'SE,1060,Human,Kampala,Kampala Extra - Akamwesi
MEDVIN PHARMA LIMITED,NDA/PRE/EXT/10496,External/Annex Store,\N,"Plot 106A, Opoya Complex, Iganga",VIctor House,633,Human,Kampala,Kampala Extra - Akamwesi
CIPLA Quality Chemicals Industries Ltd,NDA/PRE/EXT/1892,External/Annex Store,\N,Plot M502 Ntinda Industrial Area,Kyambogo Rd,503,Human,Kampala,Kampala Extra - Akamwesi
MAKERERE UNIVERSITY / WALTER REED PROJECT LIMITED,NDA/PRE/EXT/1894,External/Annex Store,\N,Plot 42 Kampala,Nakasero Rd,810,Human,Kampala,Kampala Extra - Akamwesi
METRALCO PHARMACY LTD - Mbale,NDA/PRE/EXT/1925,External/Annex Store,\N,PLOT NO. 29,REPUBLIC STREET,344,Human,Mbale,Eastern Region - Tororo
Medical Access (U) Ltd,NDA/PRE/EXT/2010,External/Annex Store,\N,"PLOT 120, Block 250",Bunga-Ggaba Rd,310,Human,Kampala,Kampala Extra - Akamwesi
United Healthcare Distributors - Plot120,NDA/PRE/EXT/2028,External/Annex Store,\N,"Plot 120, Block 250",Bunga-Ggaba Road,310,Human,Kampala,Kampala Extra - Akamwesi
ABT STORAGE FACILITY - PMI VE'LINK - KIBUKU,NDA/PRE/EXT/2032,External/Annex Store,\N,BUSETA,SUB COUNTY HEADQUARTERS,NONE,Human,Kibuku,Eastern Region - Tororo
BEYOND LOGISTICS LTD,NDA/PRE/EXT/2056,External/Annex Store,\N,"Plot 1661, Kakajjo Zone, Bweyogerere",Link Rd,403,Human,Wakiso,Kampala Extra - Akamwesi
MEDVIN PHARMA LTD,NDA/PRE/EXT/2079,External/Annex Store,\N,PLOT 1,Wilson Rd,633,Human,Kampala,Central Regional Office - Masaka
KARURI PHARMACEUTICALS LTD,NDA/PRE/EXT/2080,External/Annex Store,\N,PLOT 264 NEXT TO GENTEX,NTINDA IND. AREA,445,Human,Kampala,Kampala Extra - Akamwesi
ABT Associates Inc-Namutumba HQ,NDA/PRE/EXT/2122,External/Annex Store,\N,District,ICT Headquaters,10/U/7219/PS,Human,Namutumba,South Eastern Region - Jinja
ABT Associates Inc-Works Department,NDA/PRE/EXT/2126,External/Annex Store,\N,Bugiri,Works Department,10/U/7219/PS,Human,Bugiri,South Eastern Region - Jinja
National Medical Stores - Vaccine store,NDA/PRE/EXT/2144,External/Annex Store,\N,Plot 4-12,Nsamizi Rd,487,Human,Wakiso,Kampala Extra - Akamwesi
Dolphin Pharmaceuticals (U) Ltd,NDA/PRE/EXT/2145,External/Annex Store,\N,"Plot 17, Peoples Plaza",Bhatia Towers,547,Human,Kampala,Kampala Extra - Akamwesi
National Medical Store - Danida store,NDA/PRE/EXT/2146,External/Annex Store,\N,Plot 4-12,Nsamizi Rd,487,Human,Wakiso,Kampala Extra - Akamwesi
National Medical Stores - Constra works,NDA/PRE/EXT/2147,External/Annex Store,\N,Plot 2-4,"1st street, Industrial Area",487,Human,Wakiso,Kampala Extra - Akamwesi
National Medical Stores - New lower &Upper,NDA/PRE/EXT/2148,External/Annex Store,\N,Plot 4-12,Nsamiz Rd,487,Human,Wakiso,Kampala Extra - Akamwesi
Norvik Enterprises Ltd,NDA/PRE/EXT/2251,External/Annex Store,\N,Plot 78/3,Bombo Road,342,Human,Kampala,Kampala Extra - Akamwesi
Kamcare Pharma Ltd,NDA/PRE/EXT/2253,External/Annex Store,\N,Behind eyecare Centre,Johnson Street,378,Human,Kampala,Kampala Extra - Akamwesi
SHURIK LTD,NDA/PRE/EXT/2288,External/Annex Store,\N,PLOT 51/2,Kampala Road,236,Human,Kampala,Kampala Extra - Akamwesi
Vrushik Investments (U) Ltd,NDA/PRE/EXT/2296,External/Annex Store,\N,"Plot 91/97, 7th Street",Industrial Area,602,Human,Kampala,Kampala Extra - Akamwesi
Nile services Ltd,NDA/PRE/EXT/2298,External/Annex Store,\N,Plot 11,Mbuya I Rd,803,Veretinary,Kampala,Kampala Extra - Akamwesi
Sinoafrica Medicines &Health Ltd,NDA/PRE/EXT/2348,External/Annex Store,\N,Plot 104-106A,"5th Street, Industrial Area",973,Human,Kampala,Kampala Extra - Akamwesi
Goodman International Ltd,NDA/PRE/EXT/2360,External/Annex Store,\N,"PLOT 24B, HALA PLAZA",Mulago Kaffero Zone Rd,294,Veretinary,Kampala,Kampala Extra - Akamwesi
ABACUS PHARMA (A) LIMITED,NDA/PRE/EXT/2361,External/Annex Store,\N,TITANIC PLAZA,Ben Kiwanuka Street,497,Human,Kampala,Kampala Extra - Akamwesi
ERAM UGANDA LIMITED,NDA/PRE/EXT/2387,External/Annex Store,\N,"PLOT 3 BAKULI, NEAR BAKULI TRAFFIC LIGHTS",NAMIREMBE RD,357,Veretinary,Kampala,Kampala Extra - Akamwesi
Royal Pharma 2011 Ltd,NDA/PRE/EXT/2388,External/Annex Store,\N,PLOT NO. 4B -,Wilson Rd,590,Human,Kampala,Kampala Extra - Akamwesi
HEALTH CARE PHARMACY LTD,NDA/PRE/EXT/2412,External/Annex Store,\N,PLOT N. 09,NABOA RD,1274,Human,Mbale,Eastern Region - Tororo
ABT STORAGE FACILITY - PMI VECTORLINK - T'RO,NDA/PRE/EXT/2414,External/Annex Store,\N,WORKS DEPARTMENT,NAGONGERA ROAD,NONE,Human,Tororo,Eastern Region - Tororo
ABT STORAGE FACILITY - PMI VECTORLINK- BUDAKA,NDA/PRE/EXT/2415,External/Annex Store,\N,DISTRICT,HEAD QUARTERS,NOT APPLICABLE,Human,Budaka,Eastern Region - Tororo
Evervictory Ltd,NDA/PRE/EXT/2433,External/Annex Store,\N,Plot 14/18,Hoima Rd,259,Veretinary,Kampala,Kampala Extra - Akamwesi
SUPER MEDIC LTD,NDA/PRE/EXT/2497,External/Annex Store,\N,PLOT 14 TWESE PLAZA,NAMUWONGO ROAD,478,Human,Kampala,Kampala Extra - Akamwesi
ABT STORAGE FACILITY - PMI VECTORLINK - P'SA,NDA/PRE/EXT/2579,External/Annex Store,\N,WORKS DEPARTMENT-DISTRICT HEAD QUARTERS,KASODO RD,N / A,Human,Pallisa,Eastern Region - Tororo
GITTOES PHARMACEUTICALS,NDA/PRE/EXT/2603,External/Annex Store,\N,RENE PLAZA,WILLIAM STREET,871,Human,Kampala,Kampala Extra - Akamwesi
C &A PHARMACEUTICALS LTD,NDA/PRE/EXT/2667,External/Annex Store,\N,UNIT G25,"BANDALI RISE, BUGOLOBI",317,Human,Kampala,Kampala Extra - Akamwesi
AIVEEN (U) LTD,NDA/PRE/EXT/3050,External/Annex Store,\N,Plot 14,BOMBO ROAD,328,Human,Kampala,Kampala Extra - Akamwesi
GITTOES PHARMACEUTICALS LTD,NDA/PRE/EXT/3078,External/Annex Store,\N,Plot 4 Main Street,WILLIAM STREET,871,Human,Kampala,Kampala Extra - Akamwesi
marco pharmaceuticals ltd,NDA/PRE/EXT/3095,External/Annex Store,\N,Mukwano Arcade CG.22,Ben Kiwanuka street,300,Human,Kampala,Kampala Extra - Akamwesi
BYAKUWAWO WHOLESALE PHARMACY,NDA/PRE/EXT/3108,External/Annex Store,\N,Plot 2A,SAZA ROAD,775,Human,Iganga,South Eastern Region - Jinja
MULTIPLE SUPER INVESTMENTS LIMITED,NDA/PRE/EXT/3205,External/Annex Store,\N,KISAKYAMARIA BUILDING,BOMBO ROAD,848,Human,Kampala,Kampala Extra - Akamwesi
PLANET PHARMACEUTICAL (U) LTD,NDA/PRE/EXT/3221,External/Annex Store,\N,PLOT 162 ZAKE ROAD MENGO,RUBAGA DIVISION,398,Human,Kampala,Kampala Extra - Akamwesi
KAKANYERO ENTERPRISES PHARMACEUTICALS LIMITED,NDA/PRE/EXT/3556,External/Annex Store,\N,PLOT 17,Lane,462,Human,Gulu,Northern Region - Lira
MAIN PHARMACEUTICALS (U) LIMITED,NDA/PRE/EXT/3557,External/Annex Store,\N,CUSTOMS,CUSTOMS ROAD - ARUBAINE 'A',1019,Human,Busia,Eastern Region - Tororo
ABT STORAGE F'LITY - PMI VECTOR LINK - B'JA,NDA/PRE/EXT/3977,External/Annex Store,\N,HEALTH CENTRE III,TOWN COUNCIL,2100,Human,Butaleja,Eastern Region - Tororo
PHARMAGEN UGANDA LIMITED,NDA/PRE/EXT/4149,External/Annex Store,\N,Natete Opp. Police Station,MASAKA ROAD,903,Human,Kampala,Kampala Extra - Akamwesi
MAKERERE UNIVERSITY / WALTER REED PROJECT LIM,NDA/PRE/EXT/4240,External/Annex Store,\N,Fort Portal Regional Referral Hospital JMEDICC ETU,Buhinga Road,810,Human,Fort Portal,Western Region - Hoima
AAFIYA (A) LTD,NDA/PRE/EXT/4753,External/Annex Store,\N,Plot 18,NAMIREMBE ROAD,899,Human,Kampala,Kampala Extra - Akamwesi
PHARMALIFT LTD,NDA/PRE/EXT/4770,External/Annex Store,\N,"PLOT 1620, BLOCK 206, MPERERWE",Arua park street,1311,Human,Kampala,Kampala Extra - Akamwesi
SKY PHARMACY LTD,NDA/PRE/EXT/4998,External/Annex Store,\N,PLOT 28 -,REPUBLIC STREET,254,Human,Mbale,Eastern Region - Tororo
MU PHARMA CO SMC LTD,NDA/PRE/EXT/5006,External/Annex Store,\N,EMKA HOUSE,BOMBO RD,1413,Human,Kampala,Kampala Extra - Akamwesi
Abacus Parenteral Drugs Ltd,NDA/PRE/EXT/5081,External/Annex Store,\N,"Plot 114, Block 191 - Gwawamya Kinga, Kapeke - Mukono",Kampala-Jinja Road,794,Human,Mukono,South Eastern Region - Jinja
NEW LIFE PHARMACY,NDA/PRE/EXT/5188,External/Annex Store,\N,PLOT NO. 09/11 -,MBALE ROAD,1440,Human,Tororo,Eastern Region - Tororo
STAR GOLD PHARMACY,NDA/PRE/EXT/5638,External/Annex Store,\N,PLOT 8,NORTH ROAD,1187,Human,Mbale,Eastern Region - Tororo
YAFFE PHARMACY LTD,NDA/PRE/EXT/5699,External/Annex Store,\N,KATIKAMU- NAKASEKE T/C,LUWUMU STREET,1451,Human,Kampala,Kampala Extra - Akamwesi
ROYAL PHARMA 2011 LIMITED,NDA/PRE/EXT/5801,External/Annex Store,\N,PLOT 19,KUMI ROAD,1284,Human,Mbale,Eastern Region - Tororo
ABACUS PHARMA A LTD,NDA/PRE/EXT/5806,External/Annex Store,\N,"PLOT 4, MBARARA CITY MALL",BUREMBA ROAD,533,Human,Mbarara,South Western Region - Mbarara
ABACUS PARENTERAL DRUGS LIMITED,NDA/PRE/EXT/6191,External/Annex Store,\N,PLOT 114 BLOCK 191,Wilson Road,794,Human,Kampala,Kampala Extra - Akamwesi
PLANET PHARMACEUTICALS UGANDA LTD,NDA/PRE/EXT/6393,External/Annex Store,\N,"Plot 8, Bhatia building",WILLIAM STREET,398,Human,Kampala,Kampala Extra - Akamwesi
UNITED HEALTHCARE DISTRIBUTORS LIMITED,NDA/PRE/EXT/6527,External/Annex Store,\N,"Plot 65 &66, Namanve",Industrial Area,310,Human,Mukono,South Eastern Region - Jinja
MIDAS CARE (U) LIMITED,NDA/PRE/EXT/6890,External/Annex Store,\N,"Plot 12, Bhatia Building",WILLIAM STREET,501,Human,Kampala,Kampala Extra - Akamwesi
REDDYS PHARMA LIMITED,NDA/PRE/EXT/7147,External/Annex Store,\N,"Plot 114/5, Kawempe","MATUGGA, BOMBO RD",640,Human,Wakiso,Kampala Extra - Akamwesi
ASTHA HEALTH CARE LIMITED,NDA/PRE/EXT/8539,External/Annex Store,\N,MAGANJO,MAGANJO,988,Human,Wakiso,Kampala Extra - Akamwesi
LIFE MEDICURE PHARMA-SMC LIMITED,NDA/PRE/EXT/8759,External/Annex Store,\N,PLOT 100,MAIN STREET,1023,Human,Iganga,South Eastern Region - Jinja
COZZAR PHARMACY LTD,NDA/PRE/EXT/9171,External/Annex Store,\N,"SHOP 2, KALUNGI PLAZA",WILLIAM STREET,742,Human,Kampala,Kampala Extra - Akamwesi
JOINT MEDICAL STORE (UPMB - UCMB),NDA/PRE/EXT/9453,External/Annex Store,\N,Plot 1828 Nsambya,,865,Human,Kampala,Kampala Extra - Akamwesi
AFIYA PHARMA &MEDICAL EQUIPMENT LIMITED,NDA/PRE/EXT/9486,External/Annex Store,\N,"PLOT 29D, LOWER KOLOLO TERRACE",SIR APOLLO KAGGWA RD,834,Human,Kampala,Kampala Extra - Akamwesi
MEDIKWICK PHARMA U LTD,NDA/PRE/EXT/9503,External/Annex Store,\N,"PRIME COMPLEX B-31, B-23, B-24",BOMBO RD,438,Human,Kampala,Kampala Extra - Akamwesi
MACKIE PHARMA LTD,NDA/PRE/EXT/9515,External/Annex Store,\N,AT FORMER KISEKENDE LODGE,MUBENDE- FORTPORTAL HIGHWAY,818,Human,Mubende,Western Region - Hoima
REDDY'S PHARMA LIMITED,NDA/PRE/EXT/9525,External/Annex Store,\N,"MATTUGA, WAREHOUSE GROUND FLOOR",BOMBO ROAD,640,Human,Wakiso,Kampala Extra - Akamwesi
MUNIR &SONS INVESTMENTS LIMITED,NDA/PRE/EXT/9568,External/Annex Store,\N,ABAYITA ABABIRI,ENTEBBE ROAD,751,Human,Wakiso,Kampala Extra - Akamwesi
SCOPEVET DEVELOPMENT STORE,NDA/PRE/EXT/9684,External/Annex Store,\N,PLOT NO 14/18 NAKIVUBO PLACE KAMPALA,NAKIVUBO STREET,1477,Veretinary,Kampala,Kampala Extra - Akamwesi
WHITE STAR PHAMA (U) LIMITED,NDA/PRE/EXT/9782,External/Annex Store,\N,SALAM BUILDING BASEMENT,MAIN STREET,296,Human,Jinja,South Eastern Region - Jinja
MARTIN HEALTH CARE (U) LIMITED,NDA/PRE/EXT/9960,External/Annex Store,\N,OPP. UGANDA RAILWAY,KAMPALA RD,247,Human,Kampala,Kampala Extra - Akamwesi
ST JUDE ELECRTICAL AND MEDICAL EQUIPMENT WORKSHOP LTD,NDA/PRE/MDV/1869,Surgical Instruments and Appliances Outlet,1000674921,"Next To Winners Chapel, Rubaga Rd",Rubaga Rd,\N,Human,Kampala,Kampala Extra - Akamwesi
PRECISE DIAGNOSTIC &MEDICAL SUPPLIES LIMITED,NDA/PRE/MDV/1871,Surgical Instruments and Appliances Outlet,1000035546,"Plot 15, Lower Naguru East",Ntinda II Rd,4120120024,Human,Kampala,Kampala Extra - Akamwesi
ZAYO-SIGMA (ZSA) CHEMICALS LIMITED,NDA/PRE/MDV/1872,Surgical Instruments and Appliances Outlet,1000121486,PLOT 5 HANTEX INVESTMENT BUILDING,KINAWATAKA ROAD,4120120043,Human,Kampala,Kampala Extra - Akamwesi
BIOMEDICS PRODUCTS LTD,NDA/PRE/MDV/1874,Surgical Instruments and Appliances Outlet,\N,"Plot 229, off Weraga Rd",Weranga Rd,-,Human,Kampala,Kampala Extra - Akamwesi
AM SALES &SERVICES (A) LIMITED,NDA/PRE/MDV/1878,Surgical Instruments and Appliances Outlet,1001803994,"Ground Floor Rm 54 Mukwano Mall,",Kyagwe Rd,\N,Human,Kampala,Kampala Extra - Akamwesi
PACIFIC DIAGNOSTIC LIMITED,NDA/PRE/MDV/1907,Surgical Instruments and Appliances Outlet,1000800289,Plot 37 UEDCL Tower,Nakasero Rd,4120120124,Human,Kampala,Kampala Extra - Akamwesi
YOGI LIMITED,NDA/PRE/MDV/1908,Surgical Instruments and Appliances Outlet,1000187781,Plot 10,Bombo Rd,\N,Human,Kampala,Kampala Extra - Akamwesi
TRANSCELL BIOTECH SYSTEMS CO. LTD,NDA/PRE/MDV/1911,Surgical Instruments and Appliances Outlet,1000255391,PLOT 4265,LUWAFU ROAD,\N,Human,Kampala,Kampala Extra - Akamwesi
CHEM-LABS HEALTH CARE LIMITED,NDA/PRE/MDV/1912,Surgical Instruments and Appliances Outlet,1000066455,"Plot 24, Ganesh Plaza",Entebbe Rd,\N,Human,Kampala,Kampala Extra - Akamwesi
LIFECARE DIAGNOSTICS LIMITED,NDA/PRE/MDV/1926,Surgical Instruments and Appliances Outlet,1000170773,"Plot 166A, Katabi Stage",Entebbe Rd,\N,Human,Wakiso,Kampala Extra - Akamwesi
TECHNOMED (UGANDA) LIMITED,NDA/PRE/MDV/1932,Surgical Instruments and Appliances Outlet,\N,"Plot 6, Nadiope Lane Mbuya",Off Ismail Road,4120120022,Human,Kampala,Kampala Extra - Akamwesi
MEDEQUIP UGANDA LIMITED,NDA/PRE/MDV/2098,Surgical Instruments and Appliances Outlet,\N,BLOCK 29 PLOT 1521,Mawanda Rd,4120120089,Human,Kampala,Kampala Extra - Akamwesi
HORSENS UGANDA LIMITED,NDA/PRE/MDV/2133,Surgical Instruments and Appliances Outlet,1008477618,"Plot 2890, Kyaliwajaala - Kira Rd",Kira Rd,\N,Human,Wakiso,Kampala Extra - Akamwesi
LABLINK INTERNATIONAL LIMITED,NDA/PRE/MDV/2198,Surgical Instruments and Appliances Outlet,1000504605,"PLOT 83, NTINDA","SEMAWATA ROAD,",\N,Human,Kampala,Kampala Extra - Akamwesi
AFRICA BIOSYSTEMS UGANDA LIMITED,NDA/PRE/MDV/2205,Surgical Instruments and Appliances Outlet,1006850514,"Plot 17/19, DTB Building",Kampala Road,17929,Human,Kampala,Kampala Extra - Akamwesi
HUMAN DIAGNOSTICS (UGANDA) LIMITED,NDA/PRE/MDV/2208,Surgical Instruments and Appliances Outlet,1000030209,"Plot 84, Tufnell Drive",Kamwokya Rd,13798,Human,Kampala,Kampala Extra - Akamwesi
MICRO-HAEM SCIENTIFICS AND MEDICAL SUPPLIES LIMITED,NDA/PRE/MDV/2209,Surgical Instruments and Appliances Outlet,1001410585,"PLOT 16 MARTYR'S WAY RD, NTINDA",MARTYRS WAY RD,56784,Human,Kampala,Kampala Extra - Akamwesi
Sino Africa Medical Devices Co. Ltd,NDA/PRE/MDV/2227,Surgical Instruments and Appliances Outlet,\N,"Plot 27-31, Luzira",2nd Ring Road,22566,Human,Kampala,Kampala Extra - Akamwesi
JANI'S BONE CARE CO LIMITED,NDA/PRE/MDV/2237,Surgical Instruments and Appliances Outlet,1000159806,"Bikka House, Suite 4, Opp. Bank of Baroda",Kamwokya,\N,Human,Kampala,Kampala Extra - Akamwesi
CIRCULAR SUPPLY (U) LIMITED,NDA/PRE/MDV/2241,Surgical Instruments and Appliances Outlet,1000111023,PLOT 76 SHOAL BUILDING,Bombo Road,4120120030,Human,Kampala,Kampala Extra - Akamwesi
ELITE CHEMICALS LIMITED,NDA/PRE/MDV/2264,Surgical Instruments and Appliances Outlet,1001832055,"Plot 80/82, Banda - Jinja Road",Jinja Road,79628,Human,Kampala,Kampala Extra - Akamwesi
HASS SCIENTIFIC AND MEDICAL SUPPLIES LIMITED,NDA/PRE/MDV/2294,Surgical Instruments and Appliances Outlet,1000031062,Plot 2236,Tank Hill Road Muyenga,MDV 20728,Human,Kampala,Kampala Extra - Akamwesi
LABORATORY NEEDS SOLUTION LIMITED,NDA/PRE/MDV/2300,Surgical Instruments and Appliances Outlet,1001145423,Plot 212 Old Kampala,Nsalo Road,4120120125,Human,Kampala,Kampala Extra - Akamwesi
LOBRAT INVESTMENTS LTD,NDA/PRE/MDV/2330,Surgical Instruments and Appliances Outlet,\N,"Plot 518, Block 208",Namugongo Rd,222062,Human,Wakiso,Kampala Extra - Akamwesi
MEDILINK LABS AND SURGICALS LTD,NDA/PRE/MDV/2355,Surgical Instruments and Appliances Outlet,1000459398,"Plot 1220, Block 224 Kisugu Kansanga",Ggaba Rodd,10029,Human,Kampala,Kampala Extra - Akamwesi
MULAGO HILL DIAGNOSTIC LTD,NDA/PRE/MDV/2374,Surgical Instruments and Appliances Outlet,1000126985,PLOT 92 BLOCK 29,MAWANDA ROAD,10000,Human,Kampala,Kampala Extra - Akamwesi
SURGIMED UGANDA LIMITED,NDA/PRE/MDV/2395,Surgical Instruments and Appliances Outlet,1007721139,PLOT NO. 26,Bombo Rd,\N,Human,Kampala,Kampala Extra - Akamwesi
KAMPALA X-RAY SUPPLIERS LIMITED,NDA/PRE/MDV/2399,Surgical Instruments and Appliances Outlet,1000086680,"PLOT 2,SIMBAMANYO HOUSE,LUMUMBA AVENUE.",Lumumba Anenue,\N,Human,Kampala,Kampala Extra - Akamwesi
UGANDA MEDICAL EQUIPMENT AND DENTAL SUPPLIES LIMITED,NDA/PRE/MDV/2462,Surgical Instruments and Appliances Outlet,1004894497,Plot 4 Colline house,Pilkington Rd,K,Human,Kampala,Kampala Extra - Akamwesi
MERIDIAN TECH SYSTEMS,NDA/PRE/MDV/2469,Surgical Instruments and Appliances Outlet,1000402151,"SURE HOUSE ,SHOP LG5",BOMBO ROAD,\N,Human,Kampala,Kampala Extra - Akamwesi
ANGELO FOUNDATION MEDICAL SUPPLY LIMITED,NDA/PRE/MDV/2473,Surgical Instruments and Appliances Outlet,1008783006,KAGWA CLOSE,OFF KIREKA ROAD,217359,Human,Kampala,Kampala Extra - Akamwesi
UGAMER DIAGNOSTICS HOUSE LIMITED,NDA/PRE/MDV/2477,Surgical Instruments and Appliances Outlet,1003237409,"Plot 9A, Ministers Village",Martyrs Rd,\N,Human,Kampala,Kampala Extra - Akamwesi
KOBIAN SCIENTIFIC (UGANDA) LIMITED,NDA/PRE/MDV/2478,Surgical Instruments and Appliances Outlet,1000093159,"Plot 2490, YK Hamied Road","African Investment Building, Luzira",\N,Human,Kampala,Kampala Extra - Akamwesi
COMPUTECH UGANDA LIMITED,NDA/PRE/MDV/2512,Surgical Instruments and Appliances Outlet,1000030244,NTINDA COMPLEX BLOCK C ROOM F2-08,NTINDA,\N,Human,Kampala,Kampala Extra - Akamwesi
SCIENCE &BIOTECHNOLOGY SUPPORT SYSTEMS LIMITED,NDA/PRE/MDV/2513,Surgical Instruments and Appliances Outlet,\N,BUKASA,MUYENGA,14361,Human,Kampala,Kampala Extra - Akamwesi
CROWN MERCHANTILE LIMITED,NDA/PRE/MDV/2596,Surgical Instruments and Appliances Outlet,\N,NSAMBYA,HOSPITAL ROAD,49337,Human,Kampala,Kampala Extra - Akamwesi
KAATIS (U) LIMITED,NDA/PRE/MDV/2654,Surgical Instruments and Appliances Outlet,1000062164,"PLOT 2220, AQUA , COMPLEX BUILDING SUITE 15",COMPLEX BUILDING SUITE 15,\N,Human,Kampala,Kampala Extra - Akamwesi
SKAILAB SUPPLIES (EA) LIMITED,NDA/PRE/MDV/2724,Surgical Instruments and Appliances Outlet,1007554627,PLOT 318 SEPIRANZA NAKAMATTE HOUSE,"NABISASIRO,BUSEGA",\N,Human,Kampala,Kampala Extra - Akamwesi
MEDICAL INTEGRATION GROUP LIMITED,NDA/PRE/MDV/2755,Surgical Instruments and Appliances Outlet,\N,REGENCY APARTMENT KYOGA ROOM 2,LUGOGO BYPASS,MDV 11520,Human,Kampala,Kampala Extra - Akamwesi
MODERN DIAGNOSTICS (U) LTD,NDA/PRE/MDV/2826,Surgical Instruments and Appliances Outlet,1009340290,"PLOT 1357, BLOCK 729",KINAWATAKA ROAD,\N,Human,Wakiso,Kampala Extra - Akamwesi
E - DIAGNOSTIC CENTRE LIMITED,NDA/PRE/MDV/3006,Surgical Instruments and Appliances Outlet,\N,MENGO,BALINTUMA ROAD,5989,Human,Kampala,Kampala Extra - Akamwesi
MEDISELL - UG. LIMITED,NDA/PRE/MDV/3076,Surgical Instruments and Appliances Outlet,1000054259,"Block 122 Plot 560 Kyagwe, Degeya Estate",Degeya Estate,2866,Human,Mukono,South Eastern Region - Jinja
CHEMMART (U) LIMITED,NDA/PRE/MDV/3195,Surgical Instruments and Appliances Outlet,1009996155,PLOT 4-6 UPET HOUSE,BELL CLOSE LUZIRA,\N,Human,Kampala,Kampala Extra - Akamwesi
BIOMET LABORATORY SUPPLIES LIMITED,NDA/PRE/MDV/3210,Surgical Instruments and Appliances Outlet,1010132511,"JESCO PLAZA, SHOP NO. CE15",WILSON STREET,23496,Human,Kampala,Kampala Extra - Akamwesi
PHARMA SOURCING LTD,NDA/PRE/MDV/3233,Surgical Instruments and Appliances Outlet,\N,PLOT 6 SHOAL HOUSE,FIRST FLOOR BOMBO RD,. N/A,Human,Kampala,Kampala Extra - Akamwesi
S K V CENTRAL MED EA LIMITED,NDA/PRE/MDV/3268,Surgical Instruments and Appliances Outlet,\N,SUNSET ARCADE 2ND FLOOR RM14,WILSON RD,N/A,Human,Kampala,Kampala Extra - Akamwesi
DHS MEDICAL LOGISTICS LIMITED,NDA/PRE/MDV/3296,Surgical Instruments and Appliances Outlet,1012346299,"PLOT 36 BLOCK 266 SSEGUKU, SSEGUKU",ENTEBBE RD,\N,Human,Wakiso,Kampala Extra - Akamwesi
BIOMART EXPERTS LTD,NDA/PRE/MDV/3300,Surgical Instruments and Appliances Outlet,\N,PLOT 78 ARUA PARK PLAZA,BEN KIWANUKA STREET,n/a,Human,Kampala,Kampala Extra - Akamwesi
CRITICAL CARE SOLUTIONS LIMITED,NDA/PRE/MDV/3343,Surgical Instruments and Appliances Outlet,\N,"PLOT 3002, KISUGU",BUKASA RD,NOT APPLICABLE,Human,Kampala,Kampala Extra - Akamwesi
CITY DENTAL AND MEDICAL SUPPLIES LTD,NDA/PRE/MDV/3346,Surgical Instruments and Appliances Outlet,1002053940,PLOT 4 EMKA HOUSE,BOMBO ROAD,a,Human,Kampala,Kampala Extra - Akamwesi
PUBMED DIAGNOSTIC AND MEDICAL SUPPLIES LIMITED,NDA/PRE/MDV/3347,Surgical Instruments and Appliances Outlet,1009835860,"TITANIC PLAZA ROOM TD 06, JOHNSON STREET, KAMPALA - CENTRAL DIVISION",JOHNSON STREET,\N,Human,Kampala,Kampala Extra - Akamwesi
SUJUZI UGANDA LIMITED,NDA/PRE/MDV/3356,Surgical Instruments and Appliances Outlet,1000060956,PLOT 2329,OLD PORT BELL RD,\N,Human,Kampala,Kampala Extra - Akamwesi
DENTEK SERVICES AND SUPPLIES LIMITED,NDA/PRE/MDV/3382,Surgical Instruments and Appliances Outlet,1008838296,"OPP YMCA WANDEGEYA, SILVA ARCADE ROOM 12",OPP YMCA WANDEGEYA BOMBO RD,14790,Human,Kampala,Kampala Extra - Akamwesi
GENOME SCIENTIFICS LIMITED,NDA/PRE/MDV/3385,Surgical Instruments and Appliances Outlet,1012920315,PLOT 20 FIRST FLOOR,NTINDA VIEW CRESCENT,\N,Human,Kampala,Kampala Extra - Akamwesi
ADVANCED MEDICAL SOLUTIONS LIMITED,NDA/PRE/MDV/3387,Surgical Instruments and Appliances Outlet,\N,PLOT 617 BOGERE ESTATE MENGO BLOCK 4,OFF RUBAGA ROAD,MDV 26215,Human,Kampala,Central Regional Office - Masaka
MEDISERVE LABORATORY STORES LIMITED,NDA/PRE/MDV/3402,Surgical Instruments and Appliances Outlet,1008042941,"TWESE PLAZA ROOM G26, WILSON ROAD",WILSON ROAD,11874,Human,Kampala,Kampala Extra - Akamwesi
OUM DISTRIBUTORS LIMITED,NDA/PRE/MDV/3476,Surgical Instruments and Appliances Outlet,\N,7THS STREET,PLOT 6D 7TH STREET,16820,Human,Kampala,Kampala Extra - Akamwesi
SAMUEL MCWILLIAM INVESTMENTS LTD,NDA/PRE/MDV/3501,Surgical Instruments and Appliances Outlet,1013288021,TWESE PLAZA SHOP G11,WILSON ROAD,23667,Human,Kampala,Kampala Extra - Akamwesi
VVSAOL INVESTMENT LIMITED,NDA/PRE/MDV/3560,Surgical Instruments and Appliances Outlet,\N,"PLOT 2103, KIREKA","KIREKA ,NAMUGONGO RD",26570,Human,Wakiso,Kampala Extra - Akamwesi
GAS TECH SOLUTIONS AND ALLIED PRODUCTS LIMITED,NDA/PRE/MDV/3592,Surgical Instruments and Appliances Outlet,1012826263,Industrial Park OPP UNBS Head Office,Brooklyn Avenue Bwoyogerere,12857,Human,Wakiso,Kampala Extra - Akamwesi
AKRON DIAGNOSTIC AND LABORATORY SUPPLIES U LIMITED,NDA/PRE/MDV/3603,Surgical Instruments and Appliances Outlet,\N,London chambers,Johnson street,19118,Human,Kampala,Kampala Extra - Akamwesi
HUTCHINSON CENTRE RESEARCH INSTITUTE OF UGANDA LIMITED,NDA/PRE/MDV/3637,Surgical Instruments and Appliances Outlet,1000142650,Mulago Hospital,Upper Mulago hill Road,\N,Human,Kampala,Kampala Extra - Akamwesi
ML SUPPLIES LIMITED,NDA/PRE/MDV/3651,Surgical Instruments and Appliances Outlet,1000878179,Plot 1862 Bukasa,Muyenga,\N,Human,Kampala,Kampala Extra - Akamwesi
LANCET LABORATORIES UGANDA LIMITED,NDA/PRE/MDV/3660,Surgical Instruments and Appliances Outlet,\N,Opp UNBS Head office,By pass link Bweyogerere,74967,Human,Kampala,Kampala Extra - Akamwesi
LABORATORY WORLD SMC LIMITED,NDA/PRE/MDV/3715,Surgical Instruments and Appliances Outlet,1013928697,2nd floor sunset arcade,Wilson Road,\N,Human,Kampala,Kampala Extra - Akamwesi
SPENCERS GENERAL MEDICAL AND DENTAL,NDA/PRE/MDV/3750,Surgical Instruments and Appliances Outlet,\N,"PLOT 78, R.ALMEIDAH AND SONS BUILDING",BOMBO RD,13637,Human,Kampala,Kampala Extra - Akamwesi
MEDICAL INNOVATIONS AND SUPPLIES UGANDA (MISU) LIMITED,NDA/PRE/MDV/3807,Surgical Instruments and Appliances Outlet,\N,PRIME TOWER NAKULABYE,HOIMA ROAD,AHP2673,Human,Kampala,Central Regional Office - Masaka
FULL HEALTH AND HOME CARE LIMITED,NDA/PRE/MDV/3899,Surgical Instruments and Appliances Outlet,1014168805,"PLOT 189, NAMULI RD BUKOTO","PLOT 189, NAMULI RD BUKOTO",MDV31814,Human,Kampala,Kampala Extra - Akamwesi
MEDFIELD SOLUTIONS (U) LTD,NDA/PRE/MDV/3975,Surgical Instruments and Appliances Outlet,1011805571,PLOT 1490 DOLPHIN PLAZA,GAYAZA ROAD,\N,Human,Kampala,Kampala Extra - Akamwesi
ELBOW ENGINEERING CO. LIMITED,NDA/PRE/MDV/4012,Surgical Instruments and Appliances Outlet,1013409523,"MASITOOWA,BANK OF AFRICA BUILDING",HOIMA ROAD,\N,Human,Wakiso,Kampala Extra - Akamwesi
EMPERRORS HILL LIFE INVESTMENTS LIMITED,NDA/PRE/MDV/4040,Surgical Instruments and Appliances Outlet,1010050575,NYUMBA KUBWA BLDG,BEN KIWANUKA STREET,\N,Human,Kampala,Kampala Extra - Akamwesi
FUTURE MEDICAL EQUIPMENT LIMITED,NDA/PRE/MDV/4136,Surgical Instruments and Appliances Outlet,1014305606,PLOT 2 HAMISI KINTU BUILDING,BISHOP CARPILING ROAD,MDV 12375,Human,Kampala,Kampala Extra - Akamwesi
NDYANABO DIAGNOSTICS - SMC LIMITED,NDA/PRE/MDV/4189,Surgical Instruments and Appliances Outlet,\N,FREEDOM CITY MALL ROOM F-15,ENTEBBE ROAD NAMASUBA,MDV 9227,Human,Wakiso,Kampala Extra - Akamwesi
DENTAL PRINCE LIMITED,NDA/PRE/MDV/4385,Surgical Instruments and Appliances Outlet,1003559335,KYEBANDO,KIRUNDA ROAD,G-1850,Human,Kampala,Kampala Extra - Akamwesi
GOD'S GRACE BIOMED SUPPLY LIMITED,NDA/PRE/MDV/4463,Surgical Instruments and Appliances Outlet,1014532700,PLOT 78 ARUA PARK PLAZA ROOM 272,BEN KIWANUKA STREET,MDV 32495,Human,Kampala,Kampala Extra - Akamwesi
MEDILAB SOLUTIONS LIMITED,NDA/PRE/MDV/4468,Surgical Instruments and Appliances Outlet,1015261163,MULAGO,DWALIRO RD,MDV 12275,Human,Kampala,Kampala Extra - Akamwesi
REAL-TIME DIAGNOSTICS (U) LTD,NDA/PRE/MDV/4475,Surgical Instruments and Appliances Outlet,\N,PLOT 56 KALMAX BUILDING ROOM DO1,BOMBO ROAD,k-5922,Human,Kampala,Kampala Extra - Akamwesi
BRENOPHARM UGANDA LIMITED,NDA/PRE/MDV/4491,Surgical Instruments and Appliances Outlet,\N,"LUKULI ROAD, MAKINDYE","LUKULI ROAD, MAKINDYE",MDV 26680,Human,Kampala,Kampala Extra - Akamwesi
DENTAL AND MEDICAL WORLD LIMITED,NDA/PRE/MDV/4495,Surgical Instruments and Appliances Outlet,1000022553,PLOT 60B,PRINCE CHARLES DRIVE,H 5765,Human,Kampala,Kampala Extra - Akamwesi
OMEL MEDICAL EQUIPMENT LIMITED,NDA/PRE/MDV/4791,Surgical Instruments and Appliances Outlet,1015051650,"PLOT 1351, MALAIKA BUILDING",KAMWOKYA KIRA RD,\N,Human,Kampala,Kampala Extra - Akamwesi
ITAC HEALTHCARE LTD,NDA/PRE/MDV/4809,Surgical Instruments and Appliances Outlet,\N,BAPIPO MALL ROOM BB 111,BUSABALA ROAD,MDV 15738,Human,Kampala,Central Regional Office - Masaka
SCIENCE LOGISTICS LTD,NDA/PRE/MDV/4829,Surgical Instruments and Appliances Outlet,\N,PLOT 1274 MUYENGA BUKASA,KINYOLO ROAD,MDV 27197,Human,Kampala,Kampala Extra - Akamwesi
SWIFT PATH SOLUTIONS LIMITED,NDA/PRE/MDV/4946,Surgical Instruments and Appliances Outlet,1016245789,KAKINDU VILLAGE KAWUKU,SSEKITOLEKO RD,\N,Human,Wakiso,Kampala Extra - Akamwesi
MEHMOS LAB-SMC LIMITED,NDA/PRE/MDV/4977,Surgical Instruments and Appliances Outlet,\N,TWESE PLAZA SECOND FLOOR SHOP S14,WILSON ROAD,MDV 24385,Human,Kampala,Kampala Extra - Akamwesi
DOCTORS HOSPITAL SSEGUKU LIMITED,NDA/PRE/MDV/4980,Surgical Instruments and Appliances Outlet,1000333916,PLOT 36,ENTEBBE ROAD,H2469,Human,Wakiso,Kampala Extra - Akamwesi
REM MEDICAL SOLUTIONS LIMITED,NDA/PRE/MDV/5061,Surgical Instruments and Appliances Outlet,\N,PLOT 206 MPERERWE,BUWAMBO ROAD,MDV 27927,Human,Kampala,Kampala Extra - Akamwesi
SONET MEDICALS LTD,NDA/PRE/MDV/5136,Surgical Instruments and Appliances Outlet,\N,"PLOT 12281, NANSANA BUSINESS CENTRE",HOIMA ROAD,MDV 18070,Human,Wakiso,Kampala Extra - Akamwesi
TRIVITRON HEALTHCARE AFRICA(U)-SMC LIMITED,NDA/PRE/MDV/5183,Surgical Instruments and Appliances Outlet,\N,"PLOT 56 NTINDA,",NTINDA II RD,1416,Human,Kampala,Kampala Extra - Akamwesi
AMOVAP MEDICAL STORES LIMITED,NDA/PRE/MDV/5211,Surgical Instruments and Appliances Outlet,1015828147,SILVA ARCADE ROOM B-13,BOMBO ROAD,\N,Human,Kampala,Kampala Extra - Akamwesi
SHUSHI TRUSTED CO. LIMITED,NDA/PRE/MDV/5285,Surgical Instruments and Appliances Outlet,1008936014,MISISNDYE SONDE,GOMA DIVISION,\N,Human,Mukono,South Eastern Region - Jinja
BIOTECH SUPPLIES UGANDA LIMITED,NDA/PRE/MDV/5293,Surgical Instruments and Appliances Outlet,1016326931,FIRST FLOOR DEAN COMPLEX,KYALIWAJJALA KIREKA ROAD,\N,Human,Wakiso,Kampala Extra - Akamwesi
ARKMED LABORATORY SUPPLY LIMITED,NDA/PRE/MDV/5366,Surgical Instruments and Appliances Outlet,\N,PLOT 10 JESCO PLAZA ROOM CD15,WILSON ROAD,\N,Human,Kampala,Kampala Extra - Akamwesi
RELIEFLINE (UGANDA) LIMITED,NDA/PRE/MDV/5488,Surgical Instruments and Appliances Outlet,\N,OXFORD STATION ROOM 11,SEVENTH STREET INDUSTRIAL AREA,\N,Human,Kampala,Kampala Extra - Akamwesi
BIXTRON SAFETY HANDLERS (BSH)-SMC LTD,NDA/PRE/MDV/5603,Surgical Instruments and Appliances Outlet,\N,PLOT 3 NABUTITI KANSANGA,OLYMPIA ROAD,\N,Human,Kampala,Kampala Extra - Akamwesi
ISRAEL ORTHOTICS LTD,NDA/PRE/MDV/5651,Surgical Instruments and Appliances Outlet,1015736349,DISCOVER PLAZA 2ND FLOOR,WILLIAM STREET,\N,Human,Kampala,Kampala Extra - Akamwesi
SINCO MEDICAL SUPPLIES,NDA/PRE/MDV/5953,Surgical Instruments and Appliances Outlet,\N,PLOT 4906 MUYENGA,ST BARNABAS ROAD,18886,Human,Kampala,Kampala Extra - Akamwesi
BADE MEDICALS INTERNATIONAL SMC LTD,NDA/PRE/MDV/5957,Surgical Instruments and Appliances Outlet,1016181258,KISA KYAMARIA LEVEL 6,WILLIAM STREET,\N,Human,Kampala,Kampala Extra - Akamwesi
MEMORIAL PHARMA (U) LTD,NDA/PRE/MDV/6160,Surgical Instruments and Appliances Outlet,\N,PLOT 158 INDUSTRIAL AREA,SIXTH STREET INDUSTRIAL AREA,\N,Human,Kampala,Kampala Extra - Akamwesi
DIAGNOSTICS WORLD UGANDA LIMITED,NDA/PRE/MDV/6232,Surgical Instruments and Appliances Outlet,\N,KITALA PLAZA ROOM L28 NAKULABYE,HOIMA ROAD,\N,Human,Kampala,Kampala Extra - Akamwesi
LABTECH MEDICAL SUPPLIES LIMITED,NDA/PRE/MDV/6233,Surgical Instruments and Appliances Outlet,1001579634,"ARUA PARK PLAZA ROOM B1 445,BI 446",BEN KIWANUKA STREET,\N,Human,Kampala,Kampala Extra - Akamwesi
SCIENCESCOPE AFRICA LIMITED,NDA/PRE/MDV/6262,Surgical Instruments and Appliances Outlet,1017754412,PLOT 20 NAGURU,COMMERCIAL ROAD,\N,Human,Kampala,Kampala Extra - Akamwesi
PHARD UGANDA LIMITED,NDA/PRE/MDV/6318,Surgical Instruments and Appliances Outlet,1015609086,JK HOUSE,KIREKA -NAMUGONGO ROAD,\N,Human,Wakiso,Kampala Extra - Akamwesi
OCTOPUS MEDICAL SOLUTIONS LTD,NDA/PRE/MDV/6526,Surgical Instruments and Appliances Outlet,1015686724,TITANIC BUILDING SHOP,WILSON STREET,\N,Human,Kampala,Kampala Extra - Akamwesi
IMAGINE PHARMACEUTICALS - SMC LTD,NDA/PRE/MDV/6574,Surgical Instruments and Appliances Outlet,\N,PLOT 41B,Lithuli Avenue,,Human,Kampala,Kampala Extra - Akamwesi
PAN DENTAL SURGERY LIMITED,NDA/PRE/MDV/6625,Surgical Instruments and Appliances Outlet,1000130475,KAMPALA,NAGURU DRIVE,\N,Human,Kampala,Kampala Extra - Akamwesi
KLAN LOGISTICS LIMITED,NDA/PRE/MDV/6641,Surgical Instruments and Appliances Outlet,1000303908,RUBICON WAREHOUSE,KIREKA NAMUGONGO ROAD,\N,Human,Wakiso,Kampala Extra - Akamwesi
SENJO SUPPLIES LIMITED,NDA/PRE/MDV/6672,Surgical Instruments and Appliances Outlet,1011974503,ARUA PARK PLAZA,BEN KIWANUKA STREET,\N,Human,Kampala,Kampala Extra - Akamwesi
VCARE PHARMACY LTD,NDA/PRE/MDV/6728,Surgical Instruments and Appliances Outlet,\N,"BLOCK 14, PLOT 1145, MAKINDYE",NAMIREMBE ROAD,\N,Human,Kampala,Kampala Extra - Akamwesi
MYRRH MEDICAL SERVICES LTD,NDA/PRE/MDV/6774,Surgical Instruments and Appliances Outlet,1016832822,FIRST FLOOR ESAMI BUILDING,BOMBO ROAD,\N,Human,Kampala,Kampala Extra - Akamwesi
LEOS ORTHOPEDIC CENTER LTD,NDA/PRE/MDV/6775,Surgical Instruments and Appliances Outlet,\N,SSEWAVA MUSA BUILDING,SIR ALBERT COOK ROAD,\N,Human,Kampala,Kampala Extra - Akamwesi
ACCULAB CONSULT LIMITED,NDA/PRE/MDV/6791,Surgical Instruments and Appliances Outlet,1016661919,MAYENGO COMPLEX,BOMBO ROAD,\N,Human,Kampala,Kampala Extra - Akamwesi
SILICONE SUPPLY (U) SMC LTD,NDA/PRE/MDV/6792,Surgical Instruments and Appliances Outlet,1016754480,PLOT 13 BHATIA CHAMBERS,PARLIAMENTARY AVENUE,\N,Human,Kampala,Kampala Extra - Akamwesi
RADIOTECH CONSULT LTD,NDA/PRE/MDV/6852,Surgical Instruments and Appliances Outlet,\N,"MUKUBIRA ZONE, MAKERERE","MUKUBIRA ZONE, MAKERERE",CF87105102NTME,Human,Kampala,Kampala Extra - Akamwesi
ROHATU GENERAL SUPPLIES LIMITED,NDA/PRE/MDV/6856,Surgical Instruments and Appliances Outlet,\N,CAPITAL SHOPPERS,KYEBANDO CENTRAL RD,\N,Human,Kampala,Kampala Extra - Akamwesi
ARCHERY LABARATORY SUPPLY UGANDA LIMITED,NDA/PRE/MDV/6967,Surgical Instruments and Appliances Outlet,\N,"ROOM CD 22,CD25 JESCO PLAZA",WILSON ROAD,\N,Human,Kampala,Kampala Extra - Akamwesi
SKYDENT CARE LIMITED,NDA/PRE/MDV/6968,Surgical Instruments and Appliances Outlet,1017494041,"PLOT 62 ANNEX SA BUILDING, BOMBO ROAD",BOMBO ROAD,\N,Human,Kampala,Kampala Extra - Akamwesi
SALUTEM HEALTH UGANDA LIMITED,NDA/PRE/MDV/7085,Surgical Instruments and Appliances Outlet,1016973310,"CHURCH ZONE KISAASI, KISAASI KYANJA ROAD",KISAASI KYANJA ROAD,\N,Human,Kampala,Kampala Extra - Akamwesi
ZAKE INTERNATIONAL GROUP LIMITED,NDA/PRE/MDV/7136,Surgical Instruments and Appliances Outlet,1009072287,TITANIC PLAZA,JOHNSTONE STREET,\N,Human,Kampala,Kampala Extra - Akamwesi
P.M. KAGO ENTERPRISES (U) LIMITED,NDA/PRE/MDV/7159,Surgical Instruments and Appliances Outlet,1010414867,"TWESE PLAZA ROOM G24, WILSON ROAD",WILSON ROAD,\N,Human,Kampala,Kampala Extra - Akamwesi
RODRISA SUPPLIES LIMITED,NDA/PRE/MDV/7220,Surgical Instruments and Appliances Outlet,1001938051,"PLOT 3 , RUBAGA ROAD",RUBAGA ROAD,\N,Human,Kampala,Kampala Extra - Akamwesi
ASTORIA MEDICAL SUPPLIES SMC LTD,NDA/PRE/MDV/7256,Surgical Instruments and Appliances Outlet,\N,TITANIC PLAZA,WILSON ROAD,\N,Human,Kampala,Kampala Extra - Akamwesi
ARRAY MEDICAL SUPPLIERS &CONSULTS LIMITED,NDA/PRE/MDV/7260,Surgical Instruments and Appliances Outlet,1018298354,"TITANIC PLAZA ROOM TD 28, JOHNSTONE STREET",JOHNSTONE STREET,\N,Human,Kampala,Kampala Extra - Akamwesi
FELOS HEALTH CARE LIMITED,NDA/PRE/MDV/7341,Surgical Instruments and Appliances Outlet,\N,KIM ARCADE,BOMBO ROAD,\N,Human,Wakiso,Kampala Extra - Akamwesi
MOTEC QUALITY LABORATORY STORES LIMITED,NDA/PRE/MDV/7399,Surgical Instruments and Appliances Outlet,\N,OPP. CITY HOTEL,CLIVE RD,\N,Human,Jinja,South Eastern Region - Jinja
JAMIS MEDICAL AND EQUIPMENT SUPPLIES LTD,NDA/PRE/MDV/7538,Surgical Instruments and Appliances Outlet,1019045568,PLOT 503,MAWANDA ROAD,\N,Human,Kampala,Kampala Extra - Akamwesi
FIRM MEDICAL SUPPLIES LIMITED,NDA/PRE/MDV/7579,Surgical Instruments and Appliances Outlet,\N,FIRST FLOOR CITY CENTRE COMPLEX,LUWUM STREET,\N,Human,Kampala,Kampala Extra - Akamwesi
ROUTINE DENTAL AND MEDICAL SUPPLIES LTD,NDA/PRE/MDV/7596,Surgical Instruments and Appliances Outlet,1018235045,PLOT 29/30 ARYAN HOSTEL,NKIIZI ROAD,\N,Human,Kampala,Kampala Extra - Akamwesi
KENT MEDICAL SUPPLIES (U) LTD,NDA/PRE/MDV/7599,Surgical Instruments and Appliances Outlet,\N,PLOT 20 NYUMBA KUBWA ARCADE,BEN KIWANUKA STREET,\N,Human,Kampala,Kampala Extra - Akamwesi
N2M COMPANY LIMITED,NDA/PRE/MDV/7602,Surgical Instruments and Appliances Outlet,1003616372,PLOT 9797 KITENDE,ST. MARYS KITENDE ROAD,\N,Human,Wakiso,Kampala Extra - Akamwesi
CAIRO MEDICAL UGANDA SMC LTD,NDA/PRE/MDV/7676,Surgical Instruments and Appliances Outlet,1020306102,PLOT 27,KANJOKYA STREET,\N,Human,Kampala,Kampala Extra - Akamwesi
POLLYZAC LAB SUPPLIES LTD,NDA/PRE/MDV/7715,Surgical Instruments and Appliances Outlet,\N,TWESE PLAZA ROOM S06,WILSON ROAD,\N,Human,Kampala,Kampala Extra - Akamwesi
JOED LABORATORY SUPPLY LTD,NDA/PRE/MDV/7717,Surgical Instruments and Appliances Outlet,\N,TWESE PLAZA ROOM S22,WILSON ROAD,\N,Human,Kampala,Kampala Extra - Akamwesi
NDTC U LTD,NDA/PRE/PMA/10102,Surgical Instruments and Appliances Outlet,\N,"PLOT 2885, KYADONDO BLOCK 236, KBP",NAMANVE,778,Human,Wakiso,Kampala Extra - Akamwesi
MICROHAEM SCIENTIFICS AND MEDICAL SUPPLIES,NDA/PRE/PMA/10599,Surgical Instruments and Appliances Outlet,\N,"PLOT 14, MARTYRS WAY",NTINDA,1320,Human,Kampala,Kampala Extra - Akamwesi
HOSPICE AFRICA UGANDA LIMITED,NDA/PRE/PMA/2382,Surgical Instruments and Appliances Outlet,\N,Plot 30,"Mobutu Road, Makindye",861,Human,Kampala,Central Regional Office - Masaka
LINT INDUSTRIES LIMITED,NDA/PRE/PMA/4118,Surgical Instruments and Appliances Outlet,\N,"KABALAGALA, BIYINZA ZONE",GABA ROAD,29341,Human,Kampala,Kampala Extra - Akamwesi
MED BIIN PHARMACEUTICALS LIMITED,NDA/PRE/PMB/10403,Surgical Instruments and Appliances Outlet,\N,"Plot 720, Block 28",OFF - MAWANDA RD,895,Human,Kampala,Kampala Extra - Akamwesi
KINGSTON 2021 PHARMA LIMITED,NDA/PRE/PMB/1720,Surgical Instruments and Appliances Outlet,\N,Plot 165,"Sabin House, Bombo Rd",821,Human,Kampala,Kampala Extra - Akamwesi
SEV PHARMACEUTICALS LIMITED,NDA/PRE/PMB/2381,Surgical Instruments and Appliances Outlet,\N,PLOT 100 NALUKOLONGO,MASAKA ROAD,338,Human,Kampala,Kampala Extra - Akamwesi
MAVID PHARMACEUTICAL INDUSTRIES LIMITED,NDA/PRE/PMB/3056,Surgical Instruments and Appliances Outlet,\N,"PLOT 490 BIRONGO, KITIIKO",OFF ENTEBBE-MUNYONYO HIGHWAY,1555,Human,Wakiso,Kampala Extra - Akamwesi
MEDIPHARM INDUSTRIES (E.A) LTD,NDA/PRE/PMB/3121,Surgical Instruments and Appliances Outlet,\N,Plot 65- Bweyogerere,Kakajjo Rd,565,Human,Wakiso,Kampala Extra - Akamwesi
SANGA VETCHEM LIMITED,NDA/PRE/PMB/6789,Surgical Instruments and Appliances Outlet,\N,"Plot 1144, Kampala Industrial Business Park, Namanve",Gomma Division,1511,Veretinary,Mukono,South Eastern Region - Jinja
TIANRAN BIOTECH (U) LTD,NDA/PRE/PMB/9183,Surgical Instruments and Appliances Outlet,\N,PLOT 6 &7,NYANZA CLOSE,1771,Human,Jinja,South Eastern Region - Jinja
LIFEWAY PHARMACEUTICAL INDUSTRIES LIMITED,NDA/PRE/PMC/1535,Surgical Instruments and Appliances Outlet,\N,KINYAMAHAMBA B,Nangwa,998,Human,Mukono,South Eastern Region - Jinja
KAMPALA PHARMACEUTICAL INDUSTRIES 1996 LIMITED,NDA/PRE/PMC/2367,Surgical Instruments and Appliances Outlet,\N,"PLOT M444B, NTINDA",STRETCHER ROAD,893,Human,Kampala,Kampala Extra - Akamwesi
RENE INDUSTRIES LIMITED,NDA/PRE/PMC/2369,Surgical Instruments and Appliances Outlet,\N,Plot 680 Kamuli- Kireka,Jinja Rd,358,Human,Kampala,Central Regional Office - Masaka
RUHARO MISSION HOSPITAL,NDA/PRE/PMC/5604,Surgical Instruments and Appliances Outlet,\N,"ANKOLE DIOCESE,CANON YOEL BUNINGWIRE AVENUE","BARARA HIGH SCHOOL,KAMUKUZ",1127,Human,Mbarara,South Western Region - Mbarara
DOCTORS CHOICE LIMITED,NDA/PRE/PMC/6440,Surgical Instruments and Appliances Outlet,\N,Jinja,INDUSTRIAL AREA,1091,Human,Jinja,South Eastern Region - Jinja
EAST AFRICAN MEDICAL VITALS LIMITED,NDA/PRE/PMC/6943,Surgical Instruments and Appliances Outlet,\N,"Plot 1186, Block 113, Kyaggwe, Kampala Industrial","and Business Park, Namanve",732,Human,Mukono,South Eastern Region - Jinja
NIGHTINGALE PHARMACEUTICALS LTD,NDA/PRE/PMC/9701,Surgical Instruments and Appliances Outlet,\N,Bukoto trading center,KAMPALA BUSINESS PARK,1448,Human,Mukono,South Eastern Region - Jinja
INDUSTRIAL HEMP-UGANDA LIMITED,NDA/PRE/PMD/9350,Surgical Instruments and Appliances Outlet,\N,"KAYDONDO BLOCK 196,",KOMAMBOGA,1424,Human,Kampala,Kampala Extra - Akamwesi
GITTOES PHARMACEUTICALS LIMITED,NDA/PRE/PME/5407,Surgical Instruments and Appliances Outlet,\N,"PLOT 16, EZZI STORE BUILDING",Bugolobi,861,Human,Kampala,Kampala Extra - Akamwesi
REVIGEN PHARMACEUTICALS LIMITED,NDA/PRE/RTP/0002,Retail Pharmacy,\N,Opp Makerere Kikoni Gate,Sir Apollo Kagwa Road,390,Human,Kampala,Kampala Extra - Akamwesi
HAWA PHARMACEUTICALS LIMITED,NDA/PRE/RTP/0005,Retail Pharmacy,\N,Plot 16,COMMERCIAL STREET,308,Human,Masindi,Western Region - Hoima
RANANA ENTERPRISES LIMITED,NDA/PRE/RTP/0008,Retail Pharmacy,1001175006,"Plot 21 Masaka, Elgin Street",Elgin Street,1050,Human,Masaka,Central Regional Office - Masaka
MABU PHARMACY LTD,NDA/PRE/RTP/0011,Retail Pharmacy,\N,PLOT 8- MASAKA TOWN,ELGIN STREET,234,Human,Masaka,Central Regional Office - Masaka
Veronica Pharmaceuticals Ltd,NDA/PRE/RTP/0012,Retail Pharmacy,\N,OPPOSITE MASID ABUBAKAR SWIDIQ MOSQUE,KIWATULE - NAJJERA ROAD,206,Human,Kampala,Kampala Extra - Akamwesi
TOWNCARE PHARMACY LIMITED,NDA/PRE/RTP/0015,Retail Pharmacy,\N,KIRA TRADING CENTRE,BURTON STREET,852,Human,Kampala,Kampala Extra - Akamwesi
COLES PHARMACY LTD,NDA/PRE/RTP/0016,Retail Pharmacy,\N,SEROMA SHOPPERS STOP PLAZA,"OPP TOTAL, OLD TAXI PARK",1400,Human,Kampala,Kampala Extra - Akamwesi
LATTICE PHARMACEUTICALS LIMITED,NDA/PRE/RTP/0017,Retail Pharmacy,\N,Akamwesi Building,PortBell Rd,414,Human,Kampala,Kampala Extra - Akamwesi
RED PILL PHARMACEUTICALS (U) - SMC LTD,NDA/PRE/RTP/0018,Retail Pharmacy,1021690192,NEXT TO NKOBA ZAMBOGO HARDWARE  KIROMBE LUZIRA,BUKASA ROAD,1360,Human,Kampala,Kampala Extra - Akamwesi
Pharmaco-City Ltd,NDA/PRE/RTP/0019,Retail Pharmacy,\N,"Plot 69, Kiswa Road,",Bugolobi,778,Human,Kampala,Kampala Extra - Akamwesi
VENUS PHARMACEUTICALS LIMITED,NDA/PRE/RTP/0024,Retail Pharmacy,\N,"Plot 22, Majestic Plaza",William Street,454,Human,Kampala,Kampala Extra - Akamwesi
Medric Enterprises Ltd,NDA/PRE/RTP/0049,Retail Pharmacy,\N,"Plot 124, Makindye",Namuwongo Rd,259,Human,Kampala,Kampala Extra - Akamwesi
SPAN MEDICARE COMPANY LIMITED,NDA/PRE/RTP/0050,Retail Pharmacy,\N,Kisasi T/C,Kisaasi Rd,717,Human,Kampala,Kampala Extra - Akamwesi
LISA PHARMACEUTICALS LIMITED,NDA/PRE/RTP/0053,Retail Pharmacy,\N,"BULINDO, KIRA MUNICIPALITY",Hoima Rd,836,Human,Wakiso,Kampala Extra - Akamwesi
SILICON PHARMACY INTERNATIONAL LIMITED,NDA/PRE/RTP/0056,Retail Pharmacy,\N,Kyengera T/C,Hoima Rd,933,Human,Kampala,Kampala Extra - Akamwesi
QUALITY -PLUS PHARMACY LIMITED,NDA/PRE/RTP/0058,Retail Pharmacy,\N,Kawaala,Town Centre,802,Human,Kampala,Kampala Extra - Akamwesi
BUKOOLA CHEMICAL INDUSTRIES LIMITED,NDA/PRE/RTP/0065,Retail Pharmacy,\N,SEBCO PLAZA,NAKIVUBO PLACE,772,Veretinary,Kampala,Kampala Extra - Akamwesi
Kalen Clinic Pharmacy,NDA/PRE/RTP/0066,Retail Pharmacy,\N,Makindye,Kibuye Zone 1,641,Human,Kampala,Kampala Extra - Akamwesi
Avante Medical Supplies Ltd,NDA/PRE/RTP/0067,Retail Pharmacy,\N,Kulekana Trading centre,Salaama Rd,679,Human,Kampala,Kampala Extra - Akamwesi
Healthline Pharmaceuticals Ltd,NDA/PRE/RTP/0068,Retail Pharmacy,\N,"Bugenga Hardware block,","Waswa Zone, Makindye",345,Human,Kampala,Kampala Extra - Akamwesi
SMJ PHARMACY LIMITED,NDA/PRE/RTP/0076,Retail Pharmacy,\N,Bulaga Trading Centre,Mityana Road,649,Human,Wakiso,Kampala Extra - Akamwesi
OMNI CARE PHARMA LIMITED,NDA/PRE/RTP/0077,Retail Pharmacy,\N,PLOT 15,William Street,1362,Human,Kampala,Kampala Extra - Akamwesi
Jordan Enterprises Limited,NDA/PRE/RTP/0078,Retail Pharmacy,\N,Plot 232 Block 2231 Banda T/C,Jinja Rd,1873,Human,Kampala,Kampala Extra - Akamwesi
OMEGA PHARMACY,NDA/PRE/RTP/0080,Retail Pharmacy,\N,"New Kiswa Palace building, Bweyogerere T/C",Jinja Rd,467,Human,Wakiso,Kampala Extra - Akamwesi
NIBV PHARMA LIMITED,NDA/PRE/RTP/0085,Retail Pharmacy,1033923611,Opp. Nakawa Market,Jinja Rd,1398,Human,Kampala,Kampala Extra - Akamwesi
PEACE RETAIL PHARMACY LTD,NDA/PRE/RTP/0101,Retail Pharmacy,\N,PLOT NO. 32 - CITY,NABOA RD,707,Human,Mbale,Eastern Region - Tororo
Wilbert Pharmacy Ltd,NDA/PRE/RTP/0105,Retail Pharmacy,\N,Taso Villlage,Market street,818,Human,Kampala,Kampala Extra - Akamwesi
Kansanga Pharmacy,NDA/PRE/RTP/0112,Retail Pharmacy,\N,Kansanga,Ggaba Rd,1652,Human,Kampala,Kampala Extra - Akamwesi
Extra Care Pharmacy Gayaza,NDA/PRE/RTP/0116,Retail Pharmacy,\N,"Mirembe Stage, Bulamu Road,",Gayaza Trading Centre,780,Human,Wakiso,Kampala Extra - Akamwesi
Febros Pharmaceuticals Limited,NDA/PRE/RTP/0120,Retail Pharmacy,1008568246,"Kitemu T/C, Masaka Rd",Masaka Rd,1258,Human,Wakiso,Kampala Extra - Akamwesi
K.S. VET PHARMACY LIMITED,NDA/PRE/RTP/0124,Retail Pharmacy,1007287069,"PLOT 14/18, NAKIVUBO PLAZA","PLOT 14/18, NAKIVUBO PLAZA",417,Veretinary,Kampala,Kampala Extra - Akamwesi
FARAK COMPANY LIMITED,NDA/PRE/RTP/0125,Retail Pharmacy,1016747041,"Plot 57A, Naguru Hill, Katalima Rd",Katalima Rd,846,Human,Kampala,Kampala Extra - Akamwesi
NEAT PHARMACY LTD,NDA/PRE/RTP/0126,Retail Pharmacy,\N,"Emma Oils Petrol Station, Kagoma T.C",Bombo Rd,697,Human,Wakiso,Kampala Extra - Akamwesi
PURELIFE HEALTH MART LTD,NDA/PRE/RTP/0128,Retail Pharmacy,1022131214,"Plot 410 Kabalagala, Muyenga Rd",Muyenga Rd,856,Human,Kampala,Kampala Extra - Akamwesi
ERIOTH AND EDWARD  PHARMACY LTD,NDA/PRE/RTP/0129,Retail Pharmacy,1001818116,"KUNYA, MBUYA - KIREKA",KIREKA-MBUYA ROAD,1081,Human,Kampala,Kampala Extra - Akamwesi
NORTHERN PHARMA LIMITED,NDA/PRE/RTP/0134,Retail Pharmacy,\N,Plot No 30,Awich Rd,1759,Human,Gulu,Northern Region - Lira
NECK PHARMACY LIMITED,NDA/PRE/RTP/0136,Retail Pharmacy,\N,"White Nile Lane, Katwe",Entebbe Rd,1565,Human,Kampala,Kampala Extra - Akamwesi
PERFECT CARE PHARMACY LIMITED,NDA/PRE/RTP/0138,Retail Pharmacy,\N,NTINDA,TRADING CENTRE,1285,Human,Kampala,Kampala Extra - Akamwesi
7 HILLS MEDICAL CENTRE,NDA/PRE/RTP/0140,Retail Pharmacy,\N,"PLOT 4687, KIRINYA BWEYOGERERE",BUKASA RD,859,Human,Wakiso,Kampala Extra - Akamwesi
Recos Pharmacy,NDA/PRE/RTP/0142,Retail Pharmacy,\N,Plot 10/12,William Street,457,Human,Kampala,Kampala Extra - Akamwesi
JUNEXEN PHARMACY LIMITED,NDA/PRE/RTP/0144,Retail Pharmacy,1051582799,"Near Protestant Shrine, Namugongo",Namugongo,2223,Human,Wakiso,Kampala Extra - Akamwesi
MOHT TECHNOLOGIES LIMITED,NDA/PRE/RTP/0145,Retail Pharmacy,1010689598,OPP. UGANDA MARTYRS SHRINE,NAMUGONGO RD,897,Human,Wakiso,Kampala Extra - Akamwesi
Ruby Pharmacy Ltd,NDA/PRE/RTP/0149,Retail Pharmacy,\N,"Plot 639/640,",Mobuto Rd,519,Human,Kampala,Kampala Extra - Akamwesi
GENTLE CARE PHARMACIES LIMITED,NDA/PRE/RTP/0157,Retail Pharmacy,\N,"Seeta, Bukerere zone",Najjera 1,1290,Human,Wakiso,Kampala Extra - Akamwesi
LALAR PHARMACEUTICALS LTD,NDA/PRE/RTP/0160,Retail Pharmacy,\N,Plot 5,Awich Rd,1283,Human,Gulu,Northern Region - Lira
Aafiya (A) Limited,NDA/PRE/RTP/0163,Retail Pharmacy,\N,PLOT NO. 12 BELOW KILIMANJARO HOTEL,Awera Rd,1032,Human,Gulu,Northern Region - Lira
GULU PHARMACY (U) LTD,NDA/PRE/RTP/0165,Retail Pharmacy,\N,Plot No. 12,Olya Rd,817,Human,Gulu,Northern Region - Lira
LAWJANZ PHARMACEUTICALS LTD,NDA/PRE/RTP/0172,Retail Pharmacy,\N,KANSANGA,GGABA ROAD,1606,Human,Kampala,Kampala Extra - Akamwesi
GREEN PLUS PHARMACEUTICALS LIMITED,NDA/PRE/RTP/0177,Retail Pharmacy,\N,Plot 24,Queens Avenue,1491,Human,Gulu,Northern Region - Lira
SANCTUM HEALTH UGANDA LIMITED,NDA/PRE/RTP/0178,Retail Pharmacy,1016294724,"KIRA MALL, BULINDO ROAD, WAKISO",BULINDO RD,1470,Human,Wakiso,Kampala Extra - Akamwesi
Oasis Pharmaceutical (U) Ltd,NDA/PRE/RTP/0179,Retail Pharmacy,\N,Plot 26 Bwaise,Bombo Rd,740,Human,Kampala,Kampala Extra - Akamwesi
MOYEEN PHARMACY UGANDA LIMITED,NDA/PRE/RTP/0181,Retail Pharmacy,\N,Nankulabye,Trading Centre,437,Human,Kampala,Kampala Extra - Akamwesi
UNIVERSAL HEALTH CARE PRODUCTS LTD,NDA/PRE/RTP/0182,Retail Pharmacy,1020435661,"Mackay Plaza, Opp. New Taxi Park, Mackay Rd",Mackay Rd,2055,Human,Kampala,Kampala Extra - Akamwesi
Taget Pharmaceuticals Ltd,NDA/PRE/RTP/0183,Retail Pharmacy,\N,Kyebando - Nsooba T/C,Kisingiri Street,701,Human,Kampala,Kampala Extra - Akamwesi
Den super Pharmacy Limited,NDA/PRE/RTP/0185,Retail Pharmacy,\N,Nakulabye,Trading Center,446,Human,Kampala,Kampala Extra - Akamwesi
GETWELL PHARMACY - SMC LTD,NDA/PRE/RTP/0188,Retail Pharmacy,1017578783,OLD MULAGO,DWALIRO RD,1267,Human,Kampala,Kampala Extra - Akamwesi
FIRST PHARMACY UGANDA LIMITED,NDA/PRE/RTP/0189,Retail Pharmacy,\N,Mulago Hill,ALONG BOMBO RD,903,Human,Kampala,Kampala Extra - Akamwesi
BLUE WATER PHARMACY LIMITED,NDA/PRE/RTP/0190,Retail Pharmacy,1007312555,"Plot 1170, Block 236",Bweyogerere T/C,988,Human,Wakiso,Kampala Extra - Akamwesi
HILLSIDE PHARMACY LTD,NDA/PRE/RTP/0197,Retail Pharmacy,1028083393,"CK PLAZA, KIBULI, MBOGO RD",MBOGO RD,2113,Human,Kampala,Kampala Extra - Akamwesi
JONARCH PHARMACY LIMITED,NDA/PRE/RTP/0199,Retail Pharmacy,\N,Plot 775,Naalya-Namugongo Rd,487,Human,Wakiso,Kampala Extra - Akamwesi
Devyne Pharmacy,NDA/PRE/RTP/0200,Retail Pharmacy,1006352003,KIREKA KAMULI RD WAKISO - KIRA,Kamuli Rd,2303,Veretinary,Wakiso,Kampala Extra - Akamwesi
Tendoz Chiwera Pharma Ltd,NDA/PRE/RTP/0205,Retail Pharmacy,\N,AFTER UPET PETROL STATION,BWEYOGERERE,1780,Human,Wakiso,Kampala Extra - Akamwesi
FIRST PHARMACY (U) LTD,NDA/PRE/RTP/0206,Retail Pharmacy,\N,"Plot 338, Wandegeya",Nkinzi Rd,1852,Human,Kampala,Kampala Extra - Akamwesi
Pandonor Pharmaceuticals Ltd,NDA/PRE/RTP/0207,Retail Pharmacy,\N,Mbuya,Kinawataka Rd,1813,Human,Kampala,Kampala Extra - Akamwesi
Viga Pharmaceuticals Ltd,NDA/PRE/RTP/0209,Retail Pharmacy,\N,Bukoto T.C,Kisaasi Road,386,Human,Kampala,Kampala Extra - Akamwesi
MELLY PHARMACY,NDA/PRE/RTP/0214,Retail Pharmacy,\N,Kawempe 5 Miles,Bombo Rd,300,Human,Kampala,Kampala Extra - Akamwesi
RUTY PHARMACY LTD,NDA/PRE/RTP/0217,Retail Pharmacy,\N,Katali Zone,Naguru Hill,1868,Human,Kampala,Kampala Extra - Akamwesi
St Jude Pharmacy Limited,NDA/PRE/RTP/0219,Retail Pharmacy,\N,"TOLOFAINA NAKKU BLDG, NAJJANANKUMBI",KIWANUKA RD,468,Human,Kampala,Kampala Extra - Akamwesi
Christa Pharmacy,NDA/PRE/RTP/0224,Retail Pharmacy,\N,Kagoma T/C,Bombo Rd,1004,Human,Kampala,Kampala Extra - Akamwesi
Josh Concepts (U) Ltd,NDA/PRE/RTP/0225,Retail Pharmacy,\N,Opp. Kawempe Police station,Bombo Rd,1043,Human,Kampala,Kampala Extra - Akamwesi
CarePlus Pharmacy Ltd,NDA/PRE/RTP/0229,Retail Pharmacy,\N,Luwafu zone,Makindye,400,Human,Kampala,Kampala Extra - Akamwesi
BEPA PHARMACEUTICALS LIMITED,NDA/PRE/RTP/0230,Retail Pharmacy,\N,KATENDE TRADING CENTRE,Masaka Rd,649,Human,Mpigi,Central Regional Office - Masaka
BAYLOR PHARMA-SMC LTD,NDA/PRE/RTP/0231,Retail Pharmacy,1010456349,"SHOP C01, HAM SHOPPING GROUNDS, PLOT 26, NAMIREMBE ROAD",NAMIREMBE ROAD,1589,Human,Kampala,Kampala Extra - Akamwesi
LASAN PHARMACY LIMITED,NDA/PRE/RTP/0240,Retail Pharmacy,\N,Nabingo,Masaka Rd,872,Human,Wakiso,Kampala Extra - Akamwesi
Zeel Pharmacy Ltd,NDA/PRE/RTP/0244,Retail Pharmacy,\N,Ndeeba,Old Masaka Rd,1358,Veretinary,Kampala,Kampala Extra - Akamwesi
NAMIREMBE PHARMACY LIMITED,NDA/PRE/RTP/0248,Retail Pharmacy,\N,NEW TAXI PARK MALL GROUND FLOOR SHOP NO.712,KAMPALA,1202,Human,Kampala,Kampala Extra - Akamwesi
FELIESTA PHARMACY LTD,NDA/PRE/RTP/0252,Retail Pharmacy,\N,Plot 36,Obote Avenue,545,Human,Lira,Northern Region - Lira
MEDRITE INVESTMENTS LIMITED,NDA/PRE/RTP/0253,Retail Pharmacy,\N,KITEBI - SERUNJOJI'S APARTMENTS,Rubaga Division,716,Human,Kampala,Kampala Extra - Akamwesi
WILBERT PHARMACY LIMITED,NDA/PRE/RTP/0258,Retail Pharmacy,1000065951,"NAJJANANKUMBI, STELLA STAGE, NYONDO BUILDING",Stella Stage,764,Human,Kampala,Kampala Extra - Akamwesi
GOSAPE DEVELOPMENTS LIMITED,NDA/PRE/RTP/0259,Retail Pharmacy,\N,EXPRESS MALL,"BUSEGA ROUND ABOUT, RUBAGA DIVISION",274,Human,Kampala,Kampala Extra - Akamwesi
SOKI PHARMACY BUGEMBE,NDA/PRE/RTP/0269,Retail Pharmacy,\N,Gaylife Building,Bugembe,681,Human,Jinja,South Eastern Region - Jinja
NEW MULTICARE PHARMACY LTD,NDA/PRE/RTP/0272,Retail Pharmacy,\N,Near Barclays Bank,Jinja-Kampala Rd,227,Human,Mukono,South Eastern Region - Jinja
LLOYDS PHARMACY UGANDA LIMITED,NDA/PRE/RTP/0277,Retail Pharmacy,1009607910,KATOOKE TRADING CENTRE,TRADING CENTRE,702,Human,Wakiso,Kampala Extra - Akamwesi
Dervin Pharmaceuticals Limited,NDA/PRE/RTP/0279,Retail Pharmacy,\N,Kisenyi II zone,Kamwokya II Parish,2053,Human,Kampala,Kampala Extra - Akamwesi
CITRONET CONSULTANTS LIMITED,NDA/PRE/RTP/0280,Retail Pharmacy,\N,"PLOT NO. 47, KASANGATI",KASANGATI,886,Human,Wakiso,Kampala Extra - Akamwesi
Sarina Medical Limited,NDA/PRE/RTP/0285,Retail Pharmacy,\N,Masaka town,Elgin street,1231,Human,Masaka,Central Regional Office - Masaka
ALYEEN PHARMACEUTICALS LTD,NDA/PRE/RTP/0286,Retail Pharmacy,\N,KASUBI,TRADING CENTRE,838,Human,Kampala,Kampala Extra - Akamwesi
NTIMBA PHARMACY LIMITED,NDA/PRE/RTP/0287,Retail Pharmacy,\N,Plot 95,Kireka T/C,1085,Human,Wakiso,Kampala Extra - Akamwesi
CAWAALE PHARMACY AND DIAGNOSTICS LTD,NDA/PRE/RTP/0290,Retail Pharmacy,\N,MENGO- RUBAGA,MUSAJJA ALUMBA ROAD,1674,Human,Kampala,Kampala Extra - Akamwesi
RAZA MEDICAL STORE LTD,NDA/PRE/RTP/0292,Retail Pharmacy,1018095296,"Kabakanjagala Rd Round About, Rubaga",Rubaga,453,Human,Kampala,Kampala Extra - Akamwesi
WELLMANS PHARMACY LIMITED,NDA/PRE/RTP/0293,Retail Pharmacy,\N,NEXT TO ABSA BANK,ABAYITA ABABIRI,1613,Human,Wakiso,Kampala Extra - Akamwesi
MISHA INTERNATIONAL UGANDA LIMITED,NDA/PRE/RTP/0294,Retail Pharmacy,\N,Mpigi Town Opp Mpigi HC IV,Mpigi Rd,303,Human,Mpigi,Central Regional Office - Masaka
SENA PHARMACY LTD,NDA/PRE/RTP/0295,Retail Pharmacy,1009003686,"SHOP 5G &6 G, FOTOGENIX BUILDING, KULAMBIRO RING ROAD, NAKAWA DIVISION",KULAMBIRO RING ROAD,2231,Human,Kampala,Kampala Extra - Akamwesi
FRANSA PHARMACY LIMITED,NDA/PRE/RTP/0298,Retail Pharmacy,\N,Zzana Town,Entebbe Rd,569,Human,Wakiso,Kampala Extra - Akamwesi
BYANSI SERVICES LIMITED,NDA/PRE/RTP/0299,Retail Pharmacy,\N,Bogere Building,By pass Rd,578,Human,Masaka,Central Regional Office - Masaka
CASE MEDICAL CENTRE LIMITED,NDA/PRE/RTP/0311,Retail Pharmacy,1000035170,Plot 69/71,Buganda Rd,1247,Human,Kampala,Kampala Extra - Akamwesi
PEARLGREEN HEALTH LTD,NDA/PRE/RTP/0323,Retail Pharmacy,\N,"Shop 4, Basement floor, Garden city",Ggaba Rd,908,Human,Kampala,Kampala Extra - Akamwesi
Ecopharm Ltd Capital Shoppers-Ntinda,NDA/PRE/RTP/0326,Retail Pharmacy,\N,"Capital Shoppers, Ntinda",City stretcher Rd,1782,Human,Kampala,Kampala Extra - Akamwesi
JB Pharmaceuticals Ltd,NDA/PRE/RTP/0328,Retail Pharmacy,\N,OWINO MARKET LOCKUP,NKOYOYO RD,1559,Human,Kampala,Kampala Extra - Akamwesi
ECOPHARM LIMITED,NDA/PRE/RTP/0329,Retail Pharmacy,\N,"KABUYE WILLIAMS BLD'G, RM 4",ALONG KISAASI-KYANJA RD,563,Human,Kampala,Kampala Extra - Akamwesi
LOYAL PHARMACY AND PHARMACEUTICAL DISTRIBUTORS LIMITED,NDA/PRE/RTP/0330,Retail Pharmacy,1006751277,"Plot 1, Numak Complex",Rubaga Rd,2198,Human,Kampala,Kampala Extra - Akamwesi
Tetaz Pharmaceuticals Ltd,NDA/PRE/RTP/0331,Retail Pharmacy,\N,Najjanankumbi,Delico Rd,593,Human,Kampala,Kampala Extra - Akamwesi
Euro Group Ltd,NDA/PRE/RTP/0332,Retail Pharmacy,\N,"Unit 9G,The Oasis Mall",Yusuf Lule Rd,890,Human,Kampala,Kampala Extra - Akamwesi
Lwadda Dispensing Chemists Ltd,NDA/PRE/RTP/0338,Retail Pharmacy,\N,"Kalungi Plaza , Shop A3",William Street,379,Human,Kampala,Kampala Extra - Akamwesi
UMOJA PHARMACY LIMITED,NDA/PRE/RTP/0341,Retail Pharmacy,\N,"Plot 144, Mengo",Kisingiri Rd,850,Human,Kampala,Kampala Extra - Akamwesi
Rolean Pharmacy,NDA/PRE/RTP/0342,Retail Pharmacy,\N,Rubaga,Road,728,Human,Kampala,Kampala Extra - Akamwesi
MMABATHO PHARMACY LIMITED,NDA/PRE/RTP/0343,Retail Pharmacy,1052003358,"KIBUYE II, NAJJANANKUMBI, ENTEBBE RD","KIBUYE II, NAJJANANKUMBI, ENTEBBE RD",751,Human,Kampala,Kampala Extra - Akamwesi
FAME PHARMACY LIMITED,NDA/PRE/RTP/0344,Retail Pharmacy,\N,"BLOCK 244, PALM VILLAGE MALL, KANSANGA",BIINA RD,1177,Human,Kampala,Kampala Extra - Akamwesi
RAVIM PHARMACEUTICALS LTD,NDA/PRE/RTP/0346,Retail Pharmacy,1008482237,"Namasuba Bata - Bata Stage, Entebbe Road",Entebbe Road,705,Human,Wakiso,Kampala Extra - Akamwesi
JOPE PHARMACEUTCALS LIMNTED,NDA/PRE/RTP/0349,Retail Pharmacy,\N,Kalerwe,Trading Centre,348,Human,Kampala,Kampala Extra - Akamwesi
SAMARIA PHARMACY LIMITED,NDA/PRE/RTP/0351,Retail Pharmacy,\N,"Luteete, 8miles",Gayaza Rd,956,Human,Wakiso,Kampala Extra - Akamwesi
CARE FORT DRUG STORE,NDA/PRE/RTP/0356,Retail Pharmacy,\N,"Plot 253, Block 230, Swan Residence, Kamuli",Namugongo Rd,690,Human,Kampala,Central Regional Office - Masaka
Byansi Services Ltd,NDA/PRE/RTP/0358,Retail Pharmacy,\N,Plot 9,Kampala Rd,1255,Human,Masaka,Central Regional Office - Masaka
ABBA PHARMACY LIMITED,NDA/PRE/RTP/0360,Retail Pharmacy,\N,Plot 1732 Galaxy House,Ntinda-Bukoto Rd,539,Human,Kampala,Kampala Extra - Akamwesi
LIFE LINK PHARMACY LIMITED,NDA/PRE/RTP/0361,Retail Pharmacy,\N,Naalya,Kyaliwajjala,685,Human,Wakiso,Kampala Extra - Akamwesi
CIVIN PHARMACY (U) LIMITED,NDA/PRE/RTP/0362,Retail Pharmacy,\N,Abaita Ababiri,Entebbe Road,851,Human,Wakiso,Kampala Extra - Akamwesi
JOPEEM PHARMACY AND HEALTH CARE CENTER LIMITED,NDA/PRE/RTP/0363,Retail Pharmacy,\N,Lebron Shopping Centre,Trading Center,525,Human,Wakiso,Kampala Extra - Akamwesi
WILICE LIMITED,NDA/PRE/RTP/0365,Retail Pharmacy,\N,Ttula Kilokole,Kawempe,832,Human,Kampala,Kampala Extra - Akamwesi
FRIECCA PHARMACY LIMITED,NDA/PRE/RTP/0366,Retail Pharmacy,\N,"OPP TOTAL PETROL STATION, BULINDO",Bombo Rd,744,Human,Kampala,Kampala Extra - Akamwesi
Medico Pharmaceuticals Ltd,NDA/PRE/RTP/0371,Retail Pharmacy,\N,"Plot 68, Kisenyi",Mengo Rd,634,Human,Kampala,Kampala Extra - Akamwesi
KKEMWA PHARMACY LIMITED,NDA/PRE/RTP/0372,Retail Pharmacy,\N,Naalya,Namugongo Rd,1090,Human,Wakiso,Kampala Extra - Akamwesi
SURU PHARMACEUTICALS LIMITED,NDA/PRE/RTP/0374,Retail Pharmacy,\N,Zana,Nyanama Rd,828,Human,Wakiso,Kampala Extra - Akamwesi
HAZUSA INVESTMENTS LTD,NDA/PRE/RTP/0375,Retail Pharmacy,\N,"D &S Building, Ntinda",Kalinaabiri Rd,754,Human,Kampala,Kampala Extra - Akamwesi
AFIYA PHARMA &MEDICAL EQUIPMENT LTD,NDA/PRE/RTP/0376,Retail Pharmacy,\N,Plot 7- Ntinda T/C,Kiwatule Rd,1498,Human,Kampala,Kampala Extra - Akamwesi
Genesis Pharmaceuticals Ltd - Luzira,NDA/PRE/RTP/0377,Retail Pharmacy,\N,Stage 6 Luzira,Portbell Rd,1000,Human,Kampala,Kampala Extra - Akamwesi
EPIPHANIA PHARMACY LIMITED,NDA/PRE/RTP/0380,Retail Pharmacy,\N,"Tankhill Building, Muyenga",Muyenga Rd,653,Human,Kampala,Kampala Extra - Akamwesi
ROMARO PHARMACY LTD,NDA/PRE/RTP/0381,Retail Pharmacy,1048762571,Kasangati Trading Centre,Gayaza Rd,844,Human,Wakiso,Kampala Extra - Akamwesi
SYLDEN PHARMACEUTICALS LIMITED,NDA/PRE/RTP/0385,Retail Pharmacy,1007100353,"Plot 1497 Block 243, Luzira Town",Luzira Town,281,Human,Kampala,Kampala Extra - Akamwesi
MOTI PHARMA (UGANDA) LIMITED,NDA/PRE/RTP/0399,Retail Pharmacy,1000064967,"PLOT 3/5, EMKA HOUSE, BOMBO ROAD",BOMBO ROAD,1280,Human,Kampala,Kampala Extra - Akamwesi
Citronate Investments Limited,NDA/PRE/RTP/0401,Retail Pharmacy,\N,Mpererwe T/C,Gayaza Rd,655,Human,Kampala,Kampala Extra - Akamwesi
Gasto Pharmaceuticals Ltd,NDA/PRE/RTP/0403,Retail Pharmacy,\N,Bwaise,Nabweru Road,989,Human,Kampala,Kampala Extra - Akamwesi
PLUTO PHARMACEUTICALS LTD,NDA/PRE/RTP/0409,Retail Pharmacy,1014870274,"PLOT 7, ARUA PARK JOHNSTONE STREET",JOHNSTONE STREET,416,Human,Kampala,Kampala Extra - Akamwesi
ALYEEN PHARMACEUTICALS LIMITED,NDA/PRE/RTP/0414,Retail Pharmacy,1009678002,NATEETE TRADING CENTRE,NATEETE TRADING CENTRE,838,Human,Kampala,Kampala Extra - Akamwesi
REFILL PHARMACY LTD,NDA/PRE/RTP/0415,Retail Pharmacy,\N,MAKINDYE,SALAAMA RD,1149,Human,Kampala,Kampala Extra - Akamwesi
UNION PSALMS PHARMACISTS LTD,NDA/PRE/RTP/0416,Retail Pharmacy,\N,KABAGA TRADING CENTRE,Kungu Rd,784,Human,Kampala,Kampala Extra - Akamwesi
IQRA PHARMACEUTICALS LTD,NDA/PRE/RTP/0417,Retail Pharmacy,\N,OPP Stanbic bank,Gayaza Rd,768,Human,Kampala,Kampala Extra - Akamwesi
Texas Pharmacy Limited,NDA/PRE/RTP/0421,Retail Pharmacy,\N,Plot 9. Nakasule Shopping Mall,Nakivubo Green Street,206,Human,Kampala,Kampala Extra - Akamwesi
BARON INTERNATIONAL LTD,NDA/PRE/RTP/0423,Retail Pharmacy,\N,KYEBANDO,Kamuli Rd,1226,Human,Wakiso,Kampala Extra - Akamwesi
Top Medical Store (U) Ltd,NDA/PRE/RTP/0429,Retail Pharmacy,1002608832,shoal house,bombo road,1184,Human,Kampala,Kampala Extra - Akamwesi
HEM SUPERMARKET &PHARMACY LIMITED,NDA/PRE/RTP/0430,Retail Pharmacy,\N,Bbunga,Trading Centre,345,Human,Kampala,Kampala Extra - Akamwesi
AGROSERVE UGANDA LIMITED,NDA/PRE/RTP/0438,Retail Pharmacy,1002084348,"Plot 48-50, NAKIVUBO, SSEBANA KIZITO RD",SSEBANA KIZITO RD,1912,Veretinary,Kampala,Kampala Extra - Akamwesi
Marianna Pharmacy,NDA/PRE/RTP/0441,Retail Pharmacy,\N,Plot 12,Luwum Street,217,Human,Kampala,Kampala Extra - Akamwesi
ESSAW PHARMA (U) LIMITED,NDA/PRE/RTP/0449,Retail Pharmacy,\N,"PLOT 24, ENTEBBE M/C",ENTEBBE HILL LANE,1173,Human,Kampala,Central Regional Office - Masaka
WELLGO PHARMACEUTICALS LTD,NDA/PRE/RTP/0450,Retail Pharmacy,\N,Munyonyo,Entebbe Rd,413,Human,Wakiso,Kampala Extra - Akamwesi
DEITCHHEALTH LIMITED,NDA/PRE/RTP/0456,Retail Pharmacy,1054156275,"Holiday Building Nateete, Wakaliga Rd",Wakaliga Rd,2193,Human,Kampala,Kampala Extra - Akamwesi
MUSAJJAWAZA PHARMACY LIMITED,NDA/PRE/RTP/0462,Retail Pharmacy,\N,GAYAZA TRADING CENTER,Namirembe Rd,662,Veretinary,Kampala,Kampala Extra - Akamwesi
Pharmacy Choice Ltd,NDA/PRE/RTP/0467,Retail Pharmacy,\N,"Angi House, Soya Stage",Ggaba Rd,617,Human,Kampala,Kampala Extra - Akamwesi
VICTORIA HOSPITAL LIMITED,NDA/PRE/RTP/0475,Retail Pharmacy,\N,Plot 54B,Old Kiira Rd,883,Human,Kampala,Kampala Extra - Akamwesi
KRAVIS HEALTH CARE (U) LIMITED,NDA/PRE/RTP/0477,Retail Pharmacy,\N,"Plot 829, Najjera",KIRA ROAD,304,Human,Wakiso,Kampala Extra - Akamwesi
MAXCAL PHARMACY LIMITED,NDA/PRE/RTP/0483,Retail Pharmacy,\N,KYALIWAJJALA,INSIDE JURIZI SUPERMAKET,1666,Human,Wakiso,Kampala Extra - Akamwesi
ECOPHARM LIMITED,NDA/PRE/RTP/0485,Retail Pharmacy,\N,"ZION PLAZA, KIBUYE",ENTEBBE ROAD,1413,Human,Kampala,Kampala Extra - Akamwesi
MEDSUP HEALTHCARE LIMITED,NDA/PRE/RTP/0493,Retail Pharmacy,\N,Namuwongo Zone B,Bukasa Rd,1618,Human,Kampala,Kampala Extra - Akamwesi
EAGLEVET UGANDA LIMITED,NDA/PRE/RTP/0494,Retail Pharmacy,\N,Opposite Bugisu Cooperative Union building,Nakivubo Place,1805,Veretinary,Kampala,Kampala Extra - Akamwesi
Comfort Community Pharmacy,NDA/PRE/RTP/0495,Retail Pharmacy,1008493359,"Nsambu Stage, Kiruddu, Salaama Munyonyo Rd",Salama Munyonyo Rd,790,Human,Kampala,Kampala Extra - Akamwesi
DONATELLA PHARMACY LIMITED,NDA/PRE/RTP/0497,Retail Pharmacy,1034110158,"Plot 42 , Bugolobi T.C",Luthuli Close,1016,Human,Kampala,Kampala Extra - Akamwesi
Aqua Pharmacy,NDA/PRE/RTP/0503,Retail Pharmacy,\N,Nantabulirwa,Along Bukerere Road,376,Human,Mukono,South Eastern Region - Jinja
LLOYDS PHARMACY UGANDA LTD,NDA/PRE/RTP/0510,Retail Pharmacy,\N,NYEIHANGA TC,Zone,1107,Human,Luweero,Kampala Extra - Akamwesi
SM PHARMA INVESTMENTS LIMITED,NDA/PRE/RTP/0511,Retail Pharmacy,\N,BULAGA KU MWENDA TOWN,Trading Center,1985,Human,Wakiso,Kampala Extra - Akamwesi
KATS PHARMACY NAJEERA,NDA/PRE/RTP/0513,Retail Pharmacy,\N,Najeera,Kiwatule Road,1158,Human,Kampala,Kampala Extra - Akamwesi
COMFORT COMMUNITY PHARMACY LIMITED,NDA/PRE/RTP/0515,Retail Pharmacy,\N,Opp. Kisugu Health Centre,Namuwongo Rd,1247,Human,Kampala,Kampala Extra - Akamwesi
Niru Pharmaceuticals Ltd,NDA/PRE/RTP/0518,Retail Pharmacy,\N,Wabigalo - Makindye,Muwayire Rd,904,Human,Kampala,Kampala Extra - Akamwesi
TEEBA PHARMACY,NDA/PRE/RTP/0526,Retail Pharmacy,1009944317,"Kirokole - Kawempe, Tula Rd",Tula Rd,1785,Human,Kampala,Kampala Extra - Akamwesi
EL OLAM PHARMACY COMPANY LIMITED,NDA/PRE/RTP/0529,Retail Pharmacy,\N,NEXT TO KITUNZI MARKET,LUNGUJJA,1542,Human,Kampala,Kampala Extra - Akamwesi
CRYSTAL PHARMACEUTICAL LIMITED,NDA/PRE/RTP/0532,Retail Pharmacy,1007511664,"KABALAGALA, PLOT 290, SBA BUILDING","KABALAGALA, PLOT 290, SBA BUILDING",662,Human,Kampala,Kampala Extra - Akamwesi
SMART PHARMACY LIMITED,NDA/PRE/RTP/0533,Retail Pharmacy,\N,Nabbingo,Kiwatule Rd,702,Human,Kampala,Kampala Extra - Akamwesi
GUARDIAN HEALTH LIMITED,NDA/PRE/RTP/0537,Retail Pharmacy,1003583706,"PLOT 168 / 169, WANDEGEYA - BOMBO ROAD",BOMBO ROAD,1196,Human,Kampala,Kampala Extra - Akamwesi
MEDISUITE PHARMACY LTD,NDA/PRE/RTP/0538,Retail Pharmacy,\N,SEROMA,MOBUTU ROAD,1398,Human,Kampala,Kampala Extra - Akamwesi
KISUBI PHARMACY,NDA/PRE/RTP/0548,Retail Pharmacy,\N,Kawuku-Kisubi,Entebbe Rd,902,Human,Wakiso,Kampala Extra - Akamwesi
Ssera Pharmacy Uganda Limited,NDA/PRE/RTP/0549,Retail Pharmacy,\N,"Bwaise,",Kawaala Rd,1527,Human,Kampala,Kampala Extra - Akamwesi
Lion's Pharmaceuticals Investments Limited,NDA/PRE/RTP/0553,Retail Pharmacy,\N,Kitebi-,Nyanama Road,1786,Human,Wakiso,Kampala Extra - Akamwesi
NICANE INTERNATIONAL LIMITED,NDA/PRE/RTP/0554,Retail Pharmacy,\N,Kitintale T/C,Kitintale Road,365,Human,Kampala,Kampala Extra - Akamwesi
LAISI PHARMACY LTD,NDA/PRE/RTP/0555,Retail Pharmacy,\N,Kamwokya,Kamwokya- Church Rd,850,Human,Kampala,Kampala Extra - Akamwesi
ANKOLE PHARMACEUTICALS LTD,NDA/PRE/RTP/0556,Retail Pharmacy,\N,Akanya Building,Bucunku Rd,1008,Human,Mbarara,South Western Region - Mbarara
EQUUS ENTERPRISES LIMITED,NDA/PRE/RTP/0558,Retail Pharmacy,\N,"Plot 16, Sanitary Lane",Grant St. Sanitary Lane,1144,Human,Masaka,Central Regional Office - Masaka
MEDSANCARE PHARMACEUTICALS LIMITED,NDA/PRE/RTP/0562,Retail Pharmacy,\N,KYENGERA TOWN,Masaka Rd,906,Human,Kampala,Kampala Extra - Akamwesi
EUROJOI PHARMACY LIMITED,NDA/PRE/RTP/0567,Retail Pharmacy,1000051981,"PLOT 3, WILLIAM STREET",WILLIAM STREET,2133,Human,Kampala,Kampala Extra - Akamwesi
ABACUS PHARMA(A) LTD-MBARARA,NDA/PRE/RTP/0573,Retail Pharmacy,\N,Plot 33 Mbarara City,High Street,533,Human,Mbarara,South Western Region - Mbarara
Vanguard Investments Limited,NDA/PRE/RTP/0577,Retail Pharmacy,\N,LOWER KONGE,Ntinda-Kigoowa,1062,Human,Kampala,Kampala Extra - Akamwesi
Mediline Pharmaceuticals Ltd,NDA/PRE/RTP/0578,Retail Pharmacy,\N,Jacob's Building,Namugongo Rd,333,Human,Wakiso,Kampala Extra - Akamwesi
SENABU ENTERPRISES LIMITED,NDA/PRE/RTP/0584,Retail Pharmacy,\N,"PLOT 349, BLOCK 16, RUBAGA",ZANA STAGE,1742,Human,Wakiso,Kampala Extra - Akamwesi
INIZIO PHARMACY CO. LIMITED,NDA/PRE/RTP/0959,Retail Pharmacy,1049831314,"Makerere Kikoni, Kimera Rd",Kimera Rd,1697,Human,Kampala,Kampala Extra - Akamwesi
Katumwa International Pharmacy Ltd,NDA/PRE/RTP/0589,Retail Pharmacy,\N,"Nyendo Town,",Masaka Rd,873,Human,Masaka,Central Regional Office - Masaka
RWEBIKOONA PHARMACY LTD,NDA/PRE/RTP/0593,Retail Pharmacy,\N,PLOT 49,FORT POERTAL ROAD,786,Human,Mbarara,South Western Region - Mbarara
NOBLE PHARMACEUTICALS UGANDA LIMITED,NDA/PRE/RTP/0597,Retail Pharmacy,\N,"Plot 7, People's Plaza",Ben Kiwanuka Strt,1750,Human,Kampala,Kampala Extra - Akamwesi
CEDARS HEALTH CARE LTD,NDA/PRE/RTP/0600,Retail Pharmacy,1006894392,"Plot 857, Block 203, Hoima Road- Nakulabye Trading Centre",Hoima Rd,1525,Human,Kampala,Kampala Extra - Akamwesi
ZEE INVESTMENTS LIMITED,NDA/PRE/RTP/0602,Retail Pharmacy,1000125052,"PLOT 2, SHOP 1, KABALE ROAD, KABALE","PLOT 2, SHOP 1, KABALE ROAD, KABALE",774,Human,Kabale,South Western Region - Mbarara
Alison Pharmacy Ltd [Mac Alison Co. Ltd],NDA/PRE/RTP/0611,Retail Pharmacy,\N,Citizen Plaza,Busega,728,Human,Kampala,Kampala Extra - Akamwesi
MAKRO PHARMACY (U) LTD,NDA/PRE/RTP/0615,Retail Pharmacy,\N,"Plot 13, Kisementi",Cooper Rd,860,Human,Kampala,Kampala Extra - Akamwesi
Byamaka Pharmaceuticals Co. Ltd,NDA/PRE/RTP/0625,Retail Pharmacy,1000500076,Plot 15/17,Buremba Road,332,Human,Mbarara,South Western Region - Mbarara
Medron Pharmacy Ltd,NDA/PRE/RTP/0645,Retail Pharmacy,\N,Plot 12 /14,Nakivubo Place,394,Veretinary,Kampala,Kampala Extra - Akamwesi
VERSE PHARMACY LIMITED,NDA/PRE/RTP/0659,Retail Pharmacy,\N,Sseguku Katale,KAJJANSI TOWN,997,Human,Wakiso,Kampala Extra - Akamwesi
SHIFA CHEMISTS LTD,NDA/PRE/RTP/0664,Retail Pharmacy,\N,Ivory Plaza,HIGH STREET,604,Human,Mbarara,South Western Region - Mbarara
FRIECCA PHARMACY,NDA/PRE/RTP/0667,Retail Pharmacy,\N,"Ntinda, Opp.Musana Plaza",Kisaasi Rd,1262,Human,Kampala,Kampala Extra - Akamwesi
Pick Pharmacy Ltd,NDA/PRE/RTP/0668,Retail Pharmacy,\N,LWASA STAGE,SALAMA RD,1482,Human,Kampala,Kampala Extra - Akamwesi
PECOS PHARMACY,NDA/PRE/RTP/0669,Retail Pharmacy,\N,Plot 46/47 Rwebikoona,Mbarara-Kasese Rd,710,Human,Mbarara,South Western Region - Mbarara
KATUREEBE PHARMACY,NDA/PRE/RTP/0670,Retail Pharmacy,\N,PLOT 1 OLD KABALE-MBARARA RD,NTUNGAMO MUNICIPALITY,575,Human,Ntungamo,South Western Region - Mbarara
RAZ PHARMACEUTICALS LTD,NDA/PRE/RTP/0672,Retail Pharmacy,1008926987,"PLT 36/38, High Street",High Street,1140,Human,Mbarara,South Western Region - Mbarara
DRUG MART PHARMACY LIMITED,NDA/PRE/RTP/0674,Retail Pharmacy,1054210819,"KIJUNGU TRADING CENTER, MBARARA CITY","KIJUNGU TRADING CENTER, MBARARA CITY",573,Human,Mbarara,South Western Region - Mbarara
ROYAL PHARMA 2010 LTD-KABALE,NDA/PRE/RTP/0675,Retail Pharmacy,\N,"FLORIDA BUILDING, PLOT 20",KABALE ROAD,792,Human,Kabale,South Western Region - Mbarara
Verona Pharmaceuticals Ltd,NDA/PRE/RTP/0676,Retail Pharmacy,\N,Makindye,Makindye Rd,576,Human,Kampala,Kampala Extra - Akamwesi
TOWNCARE PHARMACY LTD,NDA/PRE/RTP/0678,Retail Pharmacy,\N,"GROVE MALL BLDG, KITINTALE",PORTBELL RD,443,Human,Kampala,Kampala Extra - Akamwesi
RHINE PHARMACEUTICALS LIMITED,NDA/PRE/RTP/0679,Retail Pharmacy,\N,Kyengera,Kampala-Masaka Rd,675,Human,Wakiso,Kampala Extra - Akamwesi
GUARDIAN HEALTH LIMITED,NDA/PRE/RTP/0680,Retail Pharmacy,\N,"PLOT 106,",High Street,1236,Human,Mbarara,South Western Region - Mbarara
M KAY PHARMACY LIMITED,NDA/PRE/RTP/0681,Retail Pharmacy,\N,"Plot 544 , Kabuusu",Rubaga Rd,1269,Human,Kampala,Kampala Extra - Akamwesi
NUMBERS PHARMACEUTICALS,NDA/PRE/RTP/0683,Retail Pharmacy,\N,BULENGA,MITYANA ROAD,927,Human,Wakiso,Kampala Extra - Akamwesi
ARSGARD PHARMACEUTICLALS LIMITED,NDA/PRE/RTP/0684,Retail Pharmacy,1042451040,Plot 20 Entebbe,Airport Road,493,Human,Wakiso,Kampala Extra - Akamwesi
MAKULA DISPENSING PHARMACY LTD,NDA/PRE/RTP/0692,Retail Pharmacy,1014119480,MENGO TRADING CENTRE,TRADING CENTRE,1789,Human,Kampala,Kampala Extra - Akamwesi
Capacities for Health Consults (U) Ltd,NDA/PRE/RTP/0695,Retail Pharmacy,\N,Namayingo Town,Mutungo Rd,1860,Human,Kampala,Kampala Extra - Akamwesi
HEALTH OKAY ESTABLISHMENTS LTD,NDA/PRE/RTP/0696,Retail Pharmacy,\N,"ST JUDE MALL, KABOJJA",Old Kiira Rd,1791,Human,Kampala,Kampala Extra - Akamwesi
OLIVE PHARMACEUTICALS LIMITED,NDA/PRE/RTP/0700,Retail Pharmacy,\N,KOOKI TOWERS,Buremba Rd,779,Human,Mbarara,South Western Region - Mbarara
DASH CARE VENTURES LTD,NDA/PRE/RTP/0707,Retail Pharmacy,1051940101,"PLOT 24, OPP DELUXE SUPERMARKET, Bukoto",BUKOTO - KISAASI RD,1367,Human,Kampala,Kampala Extra - Akamwesi
PLUS MEDIC (U) LTD,NDA/PRE/RTP/0709,Retail Pharmacy,\N,Georgna Complex Kyaliwajala,Namugongo Rd,691,Human,Wakiso,Kampala Extra - Akamwesi
RENGA APEX SERVICES LTD,NDA/PRE/RTP/0710,Retail Pharmacy,\N,"RM N4, NDUNDU COMPLEX, KISASI",KYANJA RD,493,Human,Kampala,Kampala Extra - Akamwesi
LIFE CARE INVESTMENTS (U) LIMITED,NDA/PRE/RTP/0712,Retail Pharmacy,\N,"Plot 30,",Ben Kiwanuka Strt,1639,Human,Kampala,Kampala Extra - Akamwesi
HEALTH LINK PHARMACY LTD,NDA/PRE/RTP/0713,Retail Pharmacy,\N,"PLT 23, GBK SHOPING ARCADE, HIGH STRT, MBARARA",Ntare Road,433,Human,Mbarara,South Western Region - Mbarara
M-MEDIUS PHARMA (U) LTD,NDA/PRE/RTP/0717,Retail Pharmacy,\N,"MASHERUKA RD, KABWOHE T.C, SHEEMA",BUREMBA ROAD,624,Human,Mbarara,South Western Region - Mbarara
MM &TRUST PHARMACEUTICALS LTD,NDA/PRE/RTP/0723,Retail Pharmacy,\N,Ishaka Town,Rukungiri Rd,734,Human,Bushenyi,South Western Region - Mbarara
Qure Tech Pharmacy Limited,NDA/PRE/RTP/0726,Retail Pharmacy,\N,Nyendo T.C,Masaka Rd,339,Human,Masaka,Central Regional Office - Masaka
LIFE CARE PHARMACY LTD - KABALE,NDA/PRE/RTP/0728,Retail Pharmacy,\N,"Plot 101, Shop 6",Main Road,1718,Human,Kabale,South Western Region - Mbarara
Asante Pharmacy Ltd,NDA/PRE/RTP/0729,Retail Pharmacy,\N,"Plot 770, Kabuusu",Rubaga Rd,591,Human,Kampala,Kampala Extra - Akamwesi
Lima Pharmacy Ltd,NDA/PRE/RTP/0731,Retail Pharmacy,\N,Plot 9,Naguru Avenue,754,Human,Kampala,Kampala Extra - Akamwesi
MAJEX INVESTMENT LTD,NDA/PRE/RTP/0736,Retail Pharmacy,1005811102,"Opp Kajjansi Police station, Bweya Road, Kajjansi Trading Centre",Entebbe Rd,438,Human,Wakiso,Kampala Extra - Akamwesi
XENON PHARMACEUTICALS,NDA/PRE/RTP/0758,Retail Pharmacy,\N,"PLOT 230, ZONE A KIREKA",Bukasa Rd,554,Veretinary,Wakiso,Kampala Extra - Akamwesi
Shalom Life Care Limited,NDA/PRE/RTP/0762,Retail Pharmacy,\N,Kafeero-Zone,Mulago,1738,Human,Kampala,Kampala Extra - Akamwesi
Shubh Pharmacy,NDA/PRE/RTP/0763,Retail Pharmacy,\N,Kawempe,Ttula Rd,944,Human,Kampala,Kampala Extra - Akamwesi
JOCINA PHARMACEUTICALS LIMITED,NDA/PRE/RTP/0452,Retail Pharmacy,1000091675,"Nateete, Old Masaka Rd",Old Masaka Rd,482,Human,Kampala,Kampala Extra - Akamwesi
CLOUD PHARMACEUTICALS LIMITED,NDA/PRE/RTP/0783,Retail Pharmacy,\N,MBIRIZI T/C,Gayaza Rd,1330,Human,Kampala,Kampala Extra - Akamwesi
CASSIA PHARMACY LTD,NDA/PRE/RTP/0788,Retail Pharmacy,1001451080,OPPOSITE TOTAL PETROL STATION,KYALIWAJJALA,375,Human,Wakiso,Kampala Extra - Akamwesi
JORUM PHARMACEUTICALS LTD,NDA/PRE/RTP/0789,Retail Pharmacy,\N,"Matugga Trading Centre,",Bombo Rd,530,Human,Kampala,Kampala Extra - Akamwesi
CURE-LINK PHARMACEUTICALS SMC LIMITED,NDA/PRE/RTP/0791,Retail Pharmacy,1024823903,Opp. Upet Petrol Station,"Bweyogerere Town,Kira Municipality",1640,Human,Wakiso,Kampala Extra - Akamwesi
MATRISH PHARMACEUTICALS COMPANY LIMITED,NDA/PRE/RTP/0799,Retail Pharmacy,\N,Plot 31A Entebbe,Kiwafu Rd,1858,Human,Wakiso,Kampala Extra - Akamwesi
EL ROI PHARMACY - SMC LIMITED,NDA/PRE/RTP/0804,Retail Pharmacy,1019618296,"HAM SHOPPING MALL, CENTRAL BUSINESS DISTRICT, NAMIREMBE RD",NAMIREMBE RD,1429,Human,Kampala,Kampala Extra - Akamwesi
MWIRU PHARMACEUTICALS LIMITED,NDA/PRE/RTP/0805,Retail Pharmacy,\N,KAJJANSI TOWN COUNCIL,KITINTALE,522,Human,Wakiso,Kampala Extra - Akamwesi
DDUNDU PHARMACY,NDA/PRE/RTP/0809,Retail Pharmacy,\N,Matugga T/C,Bombo Rd,926,Human,Wakiso,Kampala Extra - Akamwesi
MELAIN PHARMACY LIMITED,NDA/PRE/RTP/0813,Retail Pharmacy,\N,Park Enkadde Mall,NAMIREMBE RD,943,Human,Kampala,Kampala Extra - Akamwesi
Ntinda Medical Centre Pharmacy Ltd,NDA/PRE/RTP/0816,Retail Pharmacy,\N,"PLOT 1 , SALIM BAY ROAD",NTINDA,321,Human,Kampala,Kampala Extra - Akamwesi
TASH PHARMA (U) LTD,NDA/PRE/RTP/0817,Retail Pharmacy,\N,MBUYA II ZONE II,KINAWATAKA ROAD,914,Human,Kampala,Kampala Extra - Akamwesi
First Line Pharmaceuticals (U) Ltd,NDA/PRE/RTP/0818,Retail Pharmacy,\N,Nansana East II Zone,Hoima Rd,1646,Human,Wakiso,Kampala Extra - Akamwesi
TABULA PHARMACEUTICALS U LTD,NDA/PRE/RTP/0821,Retail Pharmacy,1052039162,"NADDULI T/C , BUNGA SOYA, GGABA RD",GGABA RD,671,Human,Kampala,Kampala Extra - Akamwesi
FRIECCA PHARMACY LTD,NDA/PRE/RTP/0823,Retail Pharmacy,\N,"WANDEGEYA SHOPPING CENTER, RM 19-23",Bombo Rd,225,Human,Kampala,Kampala Extra - Akamwesi
GROOTS HEALTHCARE LIMITED,NDA/PRE/RTP/0829,Retail Pharmacy,1011363382,PLOT 59A,Naguru Drive,809,Human,Kampala,Kampala Extra - Akamwesi
FELLOWSHIP MODERN PHARMACY (U) LTD,NDA/PRE/RTP/0830,Retail Pharmacy,\N,Kayunga T/C,Council,606,Human,Luweero,Kampala Extra - Akamwesi
KADRITHAN INVESTIMENTS LTD,NDA/PRE/RTP/0836,Retail Pharmacy,\N,Katwe Spare Center Building,Mutebi Road,1526,Human,Kampala,Kampala Extra - Akamwesi
Regipharm (U) Ltd,NDA/PRE/RTP/0837,Retail Pharmacy,\N,Plot 35,Kampala Rd,263,Human,Wakiso,Kampala Extra - Akamwesi
Padre Pharmacy Limited,NDA/PRE/RTP/0839,Retail Pharmacy,\N,"St. Paul Complex, Kamwokya",Church Road,999,Human,Kampala,Kampala Extra - Akamwesi
Veterinary Health Center Co Ltd,NDA/PRE/RTP/0851,Retail Pharmacy,\N,Plot 24/26,High Street,1522,Veretinary,Mbarara,South Western Region - Mbarara
SMILE HEALTH SERVICES LIMITED,NDA/PRE/RTP/0852,Retail Pharmacy,\N,Kamwenge T/C,Railway Station Way Rd,1166,Human,Kamwenge,South Western Region - Mbarara
OPTIME PHARMACY LIMITED,NDA/PRE/RTP/0856,Retail Pharmacy,\N,GGANGU TRADING CENTRE,Entebbe,609,Human,Wakiso,Kampala Extra - Akamwesi
ANKOLE PHARMACEUTICALS,NDA/PRE/RTP/0858,Retail Pharmacy,\N,Plot 8,Buremba Rd,847,Human,Mbarara,South Western Region - Mbarara
FINE PHARMACY LTD,NDA/PRE/RTP/0859,Retail Pharmacy,\N,RUSHERE,TOWN COUNCIL,1808,Human,Kiruhura,South Western Region - Mbarara
SPELA PHARMACEUTICALS,NDA/PRE/RTP/0860,Retail Pharmacy,1014635596,PLOT 65 HIGH STREET MBARARA,PLOT 65 HIGH STREET MBARARA,680,Human,Mbarara,South Western Region - Mbarara
AMIBELLA INVESTMENTS (U) LIMITED,NDA/PRE/RTP/0861,Retail Pharmacy,\N,Lugala Trading Centre,Namungoona Rd,414,Human,Kampala,Kampala Extra - Akamwesi
HOUSE OF HOLY FAMILY LIMITED,NDA/PRE/RTP/0863,Retail Pharmacy,\N,"Plot 7, Kalisizo",Old Masaka,894,Human,Rakai,Central Regional Office - Masaka
Delly Pharmaceutical Limited,NDA/PRE/RTP/0873,Retail Pharmacy,\N,Nansana Near,Kenjoy Supermarket,1256,Human,Wakiso,Kampala Extra - Akamwesi
Moon Pharmaceuticals Ltd,NDA/PRE/RTP/0878,Retail Pharmacy,\N,SEETA,SEETA,896,Human,Mukono,South Eastern Region - Jinja
Go Pharmacy Ltd,NDA/PRE/RTP/0883,Retail Pharmacy,\N,Plot 95 / 97,Main Street,1573,Human,Jinja,South Eastern Region - Jinja
BBOSA PHARMACY (U) LIMITED,NDA/PRE/RTP/0890,Retail Pharmacy,\N,UPPER,SAZA,905,Human,Kiboga,Western Region - Hoima
Numack Pharmacy,NDA/PRE/RTP/0893,Retail Pharmacy,\N,Mengo Town,Mengo Rd,422,Human,Kampala,Kampala Extra - Akamwesi
Jolis Pharmaceutical Co. Ltd,NDA/PRE/RTP/0897,Retail Pharmacy,\N,Kanyanya,Along Gayaza Rd,1096,Human,Kampala,Kampala Extra - Akamwesi
A &A MEDCOR LIMITED,NDA/PRE/RTP/0898,Retail Pharmacy,\N,Plot 63,Kampala Rd,389,Human,Wakiso,Kampala Extra - Akamwesi
BENELUX PHARMACEUTICALS LTD.,NDA/PRE/RTP/0902,Retail Pharmacy,\N,Plot 7,Rwenzori Road,1368,Human,Kabarole,Western Region - Hoima
NAKASERO HOSPITAL LIMITED,NDA/PRE/RTP/0904,Retail Pharmacy,1000138297,"Plot 14A, Nakasero - Akiibua Rd",Akiibua Rd,843,Human,Kampala,Kampala Extra - Akamwesi
Ashley Pharmaceuticals Ltd,NDA/PRE/RTP/0907,Retail Pharmacy,\N,MPANGA,MALL ULG009,622,Human,Kabarole,Western Region - Hoima
Haqq Pharmacy,NDA/PRE/RTP/0911,Retail Pharmacy,\N,"Block 18 / 20, Natete T/C",Nateete Rd,582,Human,Kampala,Kampala Extra - Akamwesi
Aggie Pharmacy Ltd - Bunga,NDA/PRE/RTP/0929,Retail Pharmacy,\N,Bunga -Next to Oak Petrol Station,Ggaba Rd,486,Human,Kampala,Kampala Extra - Akamwesi
NICKY &NORMY PHARMA LIMITED,NDA/PRE/RTP/0936,Retail Pharmacy,\N,Ggaba Trading Centre,Ggaba Rd,1877,Human,Kampala,Kampala Extra - Akamwesi
LOURILET PHARMACY,NDA/PRE/RTP/0941,Retail Pharmacy,\N,KITALA,Mityana Rd,885,Human,Wakiso,Kampala Extra - Akamwesi
NICKEL PHARMACY (U) LIMITED,NDA/PRE/RTP/0943,Retail Pharmacy,\N,Bbunga next to shell,Bombo Rd,536,Human,Kampala,Kampala Extra - Akamwesi
KHAN IMPEX LIMITED,NDA/PRE/RTP/0948,Retail Pharmacy,\N,Katwe T/c,Katwe,619,Human,Masaka,Central Regional Office - Masaka
ROYAL PHARMA (U) LIMITED,NDA/PRE/RTP/0953,Retail Pharmacy,\N,"BABIIHA RD,",BABIIHA RD,1307,Human,Fort Portal,Western Region - Hoima
AROMA PHARMACEUTICALS LTD,NDA/PRE/RTP/0964,Retail Pharmacy,\N,BWEYOGERERE,TAXI STAGE,1672,Human,Wakiso,Kampala Extra - Akamwesi
GROOTS HEALTHCARE LIMITED,NDA/PRE/RTP/0113,Retail Pharmacy,1011363382,"OPP U-SAVE SUPERMARKET, KIWATULE - NAJJEERA",KIWATULE - NAJJEERA,651,Human,Kampala,Kampala Extra - Akamwesi
GETWELL PHARMACY SMC LTD,NDA/PRE/RTP/0968,Retail Pharmacy,1017578783,Mussy Hotel buildng,Bombo Rd,1201,Human,Kampala,Kampala Extra - Akamwesi
Pribern Pharmacy,NDA/PRE/RTP/0970,Retail Pharmacy,\N,Kisaasi T/C,Kisaasi - Ntinda Rd,610,Human,Kampala,Kampala Extra - Akamwesi
Gallop Pharmacy Limited,NDA/PRE/RTP/0972,Retail Pharmacy,\N,Nabisaalu,Zone,615,Human,Kampala,Kampala Extra - Akamwesi
VEER ENTERPRISES LIMITED,NDA/PRE/RTP/0980,Retail Pharmacy,\N,Gayaza,Mirembe Stage,2127,Human,Wakiso,Kampala Extra - Akamwesi
BACTON LIMITED,NDA/PRE/RTP/0982,Retail Pharmacy,1008859750,"PLOT 3, Kasangati T/C",Gayaza Rd,1640,Human,Wakiso,Kampala Extra - Akamwesi
NICE PHARMACY LIMITED,NDA/PRE/RTP/0983,Retail Pharmacy,1052627434,"Kyengera T/C, Opposite Total, Mugongo Road",Mugongo Rd,2076,Human,Wakiso,Kampala Extra - Akamwesi
GIZLAN PHARMACEUTICALS,NDA/PRE/RTP/0984,Retail Pharmacy,\N,NAJJEMBA'S BLD'G KIREKA TRADING CENTER,,1025,Human,Wakiso,Kampala Extra - Akamwesi
ELOIPHARM (U) LIMITED,NDA/PRE/RTP/0990,Retail Pharmacy,\N,A.M Legacy Plaza,Kalerwe T/C,532,Human,Kampala,Kampala Extra - Akamwesi
MEDWELL PHARMA LIMITED,NDA/PRE/RTP/0992,Retail Pharmacy,\N,Kabalagala,Ggaba Rd,612,Human,Kampala,Kampala Extra - Akamwesi
PURE PHARMACEUTICALS,NDA/PRE/RTP/0993,Retail Pharmacy,1008433630,"ON MOSES KAMUNYI'S BUILDING, MANYANGWA T/C, KASANGATI T.C, KBUBU RD - OFF GAYAZA RD","ON MOSES KAMUNYI'S BUILDING, MANYANGWA T/C, KASANGATI T.C, KBUBU RD - OFF GAYAZA RD",580,Human,Wakiso,Kampala Extra - Akamwesi
City Care Pharmacy,NDA/PRE/RTP/0997,Retail Pharmacy,\N,Sembule- Wankulukuku,Dinia Rd,1345,Human,Kampala,Kampala Extra - Akamwesi
Westlink Pharmacy,NDA/PRE/RTP/0998,Retail Pharmacy,\N,Seguku T/C,Entebbe Rd,979,Human,Wakiso,Kampala Extra - Akamwesi
LUKA PHARMACY LIMITED,NDA/PRE/RTP/0999,Retail Pharmacy,\N,KIRA,BEFORE TOTAL PETROL STATION,1033,Human,Wakiso,Kampala Extra - Akamwesi
SAINT PHARMACEUTICALS LTD,NDA/PRE/RTP/1003,Retail Pharmacy,\N,Kitooro,Entebbe Rd,446,Human,Wakiso,Kampala Extra - Akamwesi
OYINDO PHARMACY LIMITED,NDA/PRE/RTP/10034,Retail Pharmacy,1027345468,OPPOSITE MAYUGE HEALTH CENTRE IV,"MAIN STREET, HOSPITAL ROAD",2126,Human,Mayuge,South Eastern Region - Jinja
EXTRA CARE PHARMACEUTICALS GAYAZA LIMITED,NDA/PRE/RTP/10035,Retail Pharmacy,1016455430,"KASANGATI ,MUTAASA CITY - KYANKIMA RD,","KYANKIMA RD,",952,Human,Wakiso,Kampala Extra - Akamwesi
MEDVILLE HEALTHCARE LIMITED,NDA/PRE/RTP/10056,Retail Pharmacy,\N,HARMONY MALL,GAYAZA ROAD,1242,Human,Wakiso,Kampala Extra - Akamwesi
LYV INVESTMENTS LIMITED,NDA/PRE/RTP/1006,Retail Pharmacy,1001087934,"Namaganda Plaza, Shop L1, Luwum Street",Luwum Street,2208,Human,Kampala,Kampala Extra - Akamwesi
EDKAM PHARMACY - SMC LIMITED,NDA/PRE/RTP/10065,Retail Pharmacy,\N,"OPPOSITE S.K.Y ARCADE, MPIGI TOWN",MPIGI - KAMPALA ROAD,1938,Human,Mpigi,Central Regional Office - Masaka
VIANNE PHARMACY LIMITED,NDA/PRE/RTP/10066,Retail Pharmacy,\N,AT OFURA BUILDING,KABANGO T.C,1696,Human,Masindi,Western Region - Hoima
ZILLIONS MEDIC  PHARMACY LIMITED,NDA/PRE/RTP/10071,Retail Pharmacy,1033366914,OPP. SHIR PETROL STATION - MBALE ROAD,MBALE ROAD,2008,Human,Tororo,Eastern Region - Tororo
MOFREY PHARMACY LIMITED,NDA/PRE/RTP/10079,Retail Pharmacy,\N,"NAJJERA 1, NEXT TO NAJJERA POLICE STATION",MBOGO ROAD,2040,Human,Wakiso,Kampala Extra - Akamwesi
ONCOPHARM (U) LTD,NDA/PRE/RTP/1008,Retail Pharmacy,\N,REEV HOUSE WANDEGEYA,BOMBO RD,835,Human,Kampala,Kampala Extra - Akamwesi
AVAMYS INVESTMENTS LIMITED,NDA/PRE/RTP/10082,Retail Pharmacy,\N,KAGOMA,,1926,Human,Wakiso,Kampala Extra - Akamwesi
VOLKS HOLDINGS LIMITED,NDA/PRE/RTP/10089,Retail Pharmacy,1016017718,"SYLON BUILDING, GAYAZA TRADING CENTRE",GAYAZA ROAD,1359,Human,Wakiso,Kampala Extra - Akamwesi
TANID PHARMACY LIMITED,NDA/PRE/RTP/1009,Retail Pharmacy,1042374334,"KAWEMPE TRADING CENTRE (NABUKALU ZONE), NEXT TO DFCU BANK",NABUKALU ZONE,1130,Human,Kampala,Kampala Extra - Akamwesi
MORERA HEALTHCARE LIMITED,NDA/PRE/RTP/10093,Retail Pharmacy,\N,PLOT 1712,BULANGE SENTEMA ROAD,2024,Human,Kampala,Kampala Extra - Akamwesi
LODEN PHARMACY-SMC LIMITED,NDA/PRE/RTP/10099,Retail Pharmacy,1037084596,"AMOTOT CELL, KAGGA WARD, OCHERO T.C",MARKET STREET,2022,Human,Kaberamaido,North Eastern Region - Soroti
DIPLOMATT PHARMACY LIMITED,NDA/PRE/RTP/10101,Retail Pharmacy,\N,NGABI RESTAURANT BLD'G,100M FROM SHELL KYENGERA,990,Human,Wakiso,Kampala Extra - Akamwesi
WAAKO PHARMACEUTICAL LIMITED,NDA/PRE/RTP/10105,Retail Pharmacy,\N,"NEXT TO KIWENDA MOSQUE, KIWENDA T/C, BUSUKUMA",BOMBO ROAD,2128,Human,Wakiso,Kampala Extra - Akamwesi
WAMAKALEG GENERAL ENTERPRISES - SMC LIMITED,NDA/PRE/RTP/10119,Retail Pharmacy,\N,"LUGA, JAMES MALE BLD'G",NDEJJE-KANAABA RD,2021,Human,Wakiso,Kampala Extra - Akamwesi
DIS-CHEM PHARMACEUTICALS LIMITED,NDA/PRE/RTP/1012,Retail Pharmacy,1008496307,Market street - Wantony - Mukono,WANTONY,832,Human,Mukono,South Eastern Region - Jinja
RECTUS PHARMACY LIMITED,NDA/PRE/RTP/10121,Retail Pharmacy,\N,"NXT TO MEETING POINT, KAMUKAMU - GANDA",,2047,Human,Wakiso,Kampala Extra - Akamwesi
FS TRUST PHARMACY UGANDA LIMITED,NDA/PRE/RTP/10131,Retail Pharmacy,\N,"MARKET STREET, LYANTONDE TOWN COUNCIL",,1939,Human,Lyantonde,South Western Region - Mbarara
SERCY PHARMACY LIMITED,NDA/PRE/RTP/10135,Retail Pharmacy,\N,"KASENYI LANDING SITE, FUULU ESTATES BLD'G",,1663,Human,Wakiso,Kampala Extra - Akamwesi
PREMUIMCARE PHARMACY LIMITED,NDA/PRE/RTP/10139,Retail Pharmacy,\N,NABIGANDA T.C,NABOA RD,1958,Human,Butaleja,Eastern Region - Tororo
ELVAT PHARMACY (U) LTD,NDA/PRE/RTP/10145,Retail Pharmacy,\N,Kabuyanda T/C,Near Kabuyanda HCIV,1678,Human,Isingiro,South Western Region - Mbarara
BIOPHARM PHARMACEUTICALS LIMITED,NDA/PRE/RTP/10150,Retail Pharmacy,\N,"KYEBANDO - GANDA, PETER NANKATUSE BLD'G",BOMBO ROAD,1992,Human,Kampala,Kampala Extra - Akamwesi
MINCH FARMERS CENTER - SMC LIMITED,NDA/PRE/RTP/10153,Retail Pharmacy,\N,"NYANGE BUILDING, KITAKA ZONE, NATEETE",,1984,Veretinary,Kampala,Kampala Extra - Akamwesi
APOLANCE INVESTMENTS LTD,NDA/PRE/RTP/10158,Retail Pharmacy,\N,NEXT TO LUKULI NATIONAL WATER PUMP STATION,LUKULI ROAD,1345,Human,Kampala,Kampala Extra - Akamwesi
HI-TN PHARMA LIMITED,NDA/PRE/RTP/10163,Retail Pharmacy,1037421707,"PLOT 586, BLOCK 255, MULUNGU MUNYONYO",MARTYRS SHRINE ROAD,2188,Human,Kampala,Kampala Extra - Akamwesi
ANISE PHARMACY,NDA/PRE/RTP/1017,Retail Pharmacy,\N,"SEETA, NAMILYANGO RD JUNCTION",Namilyango Rd Junction,376,Human,Mukono,South Eastern Region - Jinja
PAPA PHARMACEUTICALS LIMITED,NDA/PRE/RTP/10179,Retail Pharmacy,\N,MUBENDE,,1925,Human,Kiboga,Western Region - Hoima
MARANIL PHARMA LTD,NDA/PRE/RTP/10183,Retail Pharmacy,\N,NASERE - GANDA,"SENTEMA ROAD, WAKISO TOWN COUNCIL",1362,Human,Wakiso,Kampala Extra - Akamwesi
VICENT LIFE PHARMACY (U) LTD,NDA/PRE/RTP/10186,Retail Pharmacy,\N,"REVIEW BLD'G 2022, NYAKIGUMBA STAGE",KASESE - FORTPORTAL ROAD,1942,Human,Bunyangabu,Western Region - Hoima
MT PHARMACY,NDA/PRE/RTP/10188,Retail Pharmacy,\N,Lyantonde,Kooki road,2005,Human,Lyantonde,South Western Region - Mbarara
VOW LIFE PHARMACY(U) LTD,NDA/PRE/RTP/10189,Retail Pharmacy,\N,JINJA MUNICIPALITY WEST,MAIN STREET WEST,\N,Human,Jinja,South Eastern Region - Jinja
WOTALI PHARMACEUTICALS LTD,NDA/PRE/RTP/10208,Retail Pharmacy,\N,"NJAGALA MUHAMMAD BLD'G, NDEJJE ROAD, LUFUKA",100 METERS FROM RAHIM FOODS,2036,Human,Wakiso,Kampala Extra - Akamwesi
PRIMEWISE LLP,NDA/PRE/RTP/10209,Retail Pharmacy,\N,"Mwanjari, Southern Division,",Kabale - Katuna rd,2055,Human,Kabale,South Western Region - Mbarara
DREAMLAND PHARMACY LIMITED,NDA/PRE/RTP/1021,Retail Pharmacy,1055659837,"Kawempe ,Ttula Road",Ttula Road,1813,Human,Kampala,Kampala Extra - Akamwesi
RAKAI HEALTH SCIENCES PROGRAM LIMITED,NDA/PRE/RTP/10210,Retail Pharmacy,1000035187,RAKAI HEALTH SCIENCES PROGRAM,OLD BUKOBA ROAD,1122,Human,Kyotera,Central Regional Office - Masaka
ZANDI PHARMACY LIMITED,NDA/PRE/RTP/10211,Retail Pharmacy,\N,"TULA, ZANDI INVESTMENT LTD BLD'G","KIBANGAJO ROAD, NABWERU",1991,Human,Wakiso,Kampala Extra - Akamwesi
KAGADI ALINAZ PHARMACEUTICALS LTD,NDA/PRE/RTP/10218,Retail Pharmacy,1038264613,"KISIITA EAST, KISIITA TOWN COUNCIL",JULIUS RD,2279,Human,Kakumiro,Western Region - Hoima
Moon Pharmaceuticals Ldt,NDA/PRE/RTP/10226,Retail Pharmacy,\N,Seeta,Jinja Road,\N,Human,Mukono,South Eastern Region - Jinja
LIBERTY PHARMACY LIMITED,NDA/PRE/RTP/10229,Retail Pharmacy,1038178221,"KIRINYABIGO T/C, 100 METERS AFTER GENIUS KINDERGARTEN SCH",100 METERS AFTER GENIUS KINDERGARTEN SCH,2286,Human,Wakiso,Kampala Extra - Akamwesi
DIVINE MERCY PHARMACEUTICALS LIMITED,NDA/PRE/RTP/1023,Retail Pharmacy,\N,Plot 4B,Kutch Road,647,Human,Jinja,South Eastern Region - Jinja
KALIDAD PHARMACEUTICALS LTD,NDA/PRE/RTP/10236,Retail Pharmacy,\N,"OPP. CONVENANT KINDERGATEN, RWENGOMA 2 CELL",KAHUNGABUNYONYI,1777,Human,Fort Portal,Western Region - Hoima
Bagrane Pharmacy Company,NDA/PRE/RTP/10238,Retail Pharmacy,\N,Ntungamo,New Ntungamo Kabale Road,\N,Human,Ntungamo,South Western Region - Mbarara
ANCIENT PHARMACY LTD,NDA/PRE/RTP/10241,Retail Pharmacy,\N,"PLOT 35, OLD MBARARA",KABALE RD,1036,Human,Ntungamo,South Western Region - Mbarara
Given Pharmacy,NDA/PRE/RTP/1027,Retail Pharmacy,1000042381,"PLOT 16, CLIVE ROAD WEST- JINJA CITY",Clive Road,961,Human,Jinja,South Eastern Region - Jinja
ELIASHIB PHARMACY,NDA/PRE/RTP/10272,Retail Pharmacy,\N,"PETROL FUEL STATION,",KITANTE,405,Human,Kampala,Kampala Extra - Akamwesi
FORESTERS INVESTMENT GROUP LIMITED,NDA/PRE/RTP/10285,Retail Pharmacy,\N,SHELL KAKIRI,"HOIMA ROAD, KAKIRI TOWN COUNCIL",2005,Human,Wakiso,Kampala Extra - Akamwesi
NUCLEUS PHARMACY LIMITED,NDA/PRE/RTP/10302,Retail Pharmacy,\N,GOMA DIV. NABUTI VILLAGE - MUKONO,"KIKKO RD, ALONG MUKONO MARKET",1890,Human,Mukono,South Eastern Region - Jinja
WILTON HEALTH CARE (U) LTD,NDA/PRE/RTP/10306,Retail Pharmacy,\N,"OPP AGOPEX PETROL STATION, KAZO",,836,Human,Wakiso,Kampala Extra - Akamwesi
COSTA MEDICAL UGANDA LIMITED,NDA/PRE/RTP/10329,Retail Pharmacy,\N,KASENGEJJE,ALONG MATUGGA ROAD,1812,Human,Wakiso,Kampala Extra - Akamwesi
BLESSED KATTOZ PHARMACEUTICALS CO. LIMITED,NDA/PRE/RTP/10330,Retail Pharmacy,1027808141,NABULAGALA TRADING CENTRE,NABULAGALA ROAD,1364,Human,Kampala,Kampala Extra - Akamwesi
WESTLINK PHARMACEUTICALS LIMITED,NDA/PRE/RTP/10338,Retail Pharmacy,1007051014,"GROUND FLOOR PRIMROSE SHOPPING CENTER, LUBOWA ESTATE - NEXT TO SFC OFFICES",NEXT TO SFC OFFICES,568,Human,Wakiso,Kampala Extra - Akamwesi
NVANUNGI PHARMACEUTICALS LTD,NDA/PRE/RTP/1034,Retail Pharmacy,\N,Kiwanga-Goma,Opp Kiwanga Police Post,1095,Human,Mukono,South Eastern Region - Jinja
LOBIAN PHARMACEUTICALS LIMITED,NDA/PRE/RTP/10341,Retail Pharmacy,\N,"OPP SPRING OIL, NAKIRAMA - KASENGE",,2033,Human,Wakiso,Kampala Extra - Akamwesi
DAYAHA SERVICES - SMC LIMITED,NDA/PRE/RTP/10343,Retail Pharmacy,\N,NEAR KISORO HOSPITAL,KISORO - BUNAGANA HIGHWAY,1554,Human,Kisoro,South Western Region - Mbarara
CLEAT SUPPLIERS &CONTRACTORS LTD,NDA/PRE/RTP/10344,Retail Pharmacy,\N,NYAMARUNDA T/C,KIBAALE - KAMPALA ROAD,2032,Human,Kibaale,Western Region - Hoima
MATIBABU LIFE PHARMACY LIMITED,NDA/PRE/RTP/10350,Retail Pharmacy,\N,KIHIHI,Independent Road,1503,Human,Kanungu,South Western Region - Mbarara
GAVANA PHARMACY LTD,NDA/PRE/RTP/10352,Retail Pharmacy,1013622771,"KIBUNGA BLD'G, MASAKA HIGHWAY, NYENDO TOWN",MASAKA HIGHWAY,1499,Human,Masaka,Central Regional Office - Masaka
CLOUD PHARMACEUTICALS LTD,NDA/PRE/RTP/10370,Retail Pharmacy,\N,KYEBANDO,GAYAZA ROAD,1459,Human,Kampala,Kampala Extra - Akamwesi
ST PETER'S KYANJA GENERAL HOSP. &PHARMACY,NDA/PRE/RTP/10386,Retail Pharmacy,\N,ST.PETER'S HOSP. BLDG,KYANJA RING RD,1757,Human,Kampala,Kampala Extra - Akamwesi
ABATA PHARMACY UGANDA LIMITED,NDA/PRE/RTP/10390,Retail Pharmacy,\N,"PLOT 59, CENTRAL WARD CELL F,",SOLOT AVENUE,1933,Human,Soroti,North Eastern Region - Soroti
ROMADIE PHARMACY LIMITED,NDA/PRE/RTP/10398,Retail Pharmacy,\N,AT VALLEY VIEW LUXURY APARTMENT,BUKASA RD,776,Human,Kampala,Kampala Extra - Akamwesi
TRIANDY INVESTMENTS LTD,NDA/PRE/RTP/10399,Retail Pharmacy,\N,"OPP KIWOLOGOMA MOSQUE, KIWOLOGOMA",,1930,Human,Wakiso,Kampala Extra - Akamwesi
ENTRY POINT PHARMACY LIMITED,NDA/PRE/RTP/10416,Retail Pharmacy,\N,Butogota Town Council,Kibiriti Road,1908,Human,Kanungu,South Western Region - Mbarara
FOUNTAIN PHARMACY - SMC - LTD,NDA/PRE/RTP/10432,Retail Pharmacy,\N,"20M OPP NANA BUSINESS LTD HARDWARE, NDIKUTAMADDA",BUSABALA ROAD,1484,Human,Wakiso,Kampala Extra - Akamwesi
JOS JONS' HEALTH CARE LTD,NDA/PRE/RTP/10448,Retail Pharmacy,\N,LWEZA B,NALUMUNYE - BANDWE ROAD,1118,Human,Wakiso,Kampala Extra - Akamwesi
MUKWANO PHARMACEUTICALS LIMITED,NDA/PRE/RTP/1046,Retail Pharmacy,\N,"BBALE ROAD, KAYUNGA TOWN COUNCI",KAYUNGA RD,952,Human,Mukono,South Eastern Region - Jinja
LOREN - N PHARMACEUTICAL COMPANY LIMITED,NDA/PRE/RTP/10460,Retail Pharmacy,\N,"OPP POLICE STATION, KAKIRI TOWN COUNCIL",HOIMA ROAD,2038,Human,Wakiso,Kampala Extra - Akamwesi
PEAKCARE LTD,NDA/PRE/RTP/10463,Retail Pharmacy,\N,KISOWERA ZONE,ROKO RD,2010,Human,Kampala,Kampala Extra - Akamwesi
KAMTIN MEDICAL SUPPLIES AND SUNDRIES LTD,NDA/PRE/RTP/10464,Retail Pharmacy,\N,"T &N BLD'G, NAJJERA",,1775,Human,Wakiso,Kampala Extra - Akamwesi
NASK MEDICAL SUPPLIES LIMITED,NDA/PRE/RTP/10474,Retail Pharmacy,1020982834,"T-JUNCTION, BULINDO-NSASA ROAD",BULINDO-NSASA ROAD,2016,Human,Wakiso,Kampala Extra - Akamwesi
TAKWANA PHARMACY LTD,NDA/PRE/RTP/10503,Retail Pharmacy,\N,NEXT TO PRIDE MICROFINANCE LUGAZI CENTRAL,JINJA HIGHWAY LUGAZI CENTRAL,\N,Human,Buikwe,South Eastern Region - Jinja
COJEYS LIMITED,NDA/PRE/RTP/10504,Retail Pharmacy,\N,JOOGO,BUKERERE ROAD,683,Human,Mukono,South Eastern Region - Jinja
Morid Pharmaceuticals Ltd,NDA/PRE/RTP/1051,Retail Pharmacy,\N,"HM Plaza, Opp. Nabuti Road - Mukon",Opp. Nabuti Road,465,Human,Mukono,South Eastern Region - Jinja
QUALITY - PLUS PHARMACY LIMITED,NDA/PRE/RTP/10512,Retail Pharmacy,\N,"BEHIND KINDLY PETROL STATION, MUKONO",OFF MASAKA ROAD,1984,Human,Kalungu,Central Regional Office - Masaka
BIYINZIKA PHARMACEUTICALS LIMITED,NDA/PRE/RTP/1052,Retail Pharmacy,\N,"Plot 2A, East",Clive Road,561,Veretinary,Jinja,South Eastern Region - Jinja
NICANGO PHARMACY UGANDA LIMITED,NDA/PRE/RTP/10531,Retail Pharmacy,\N,"LAYIBI CENTRAL, TEGWANA PARISH",PECE DIV. GULU HIGHWAY,2058,Human,Gulu,Northern Region - Lira
BALVEV PHARMACY LIMITED,NDA/PRE/RTP/10548,Retail Pharmacy,\N,"KISIGULA, PLOT 19 JOMAYI ESTATE",NALUMUNYE ROAD,1326,Human,Wakiso,Kampala Extra - Akamwesi
HEALINGWAY DIAGNOSTIC &FERTILIY CENTRE LTD,NDA/PRE/RTP/10580,Retail Pharmacy,\N,KOLOLO,MABUA RD,1531,Human,Kampala,Kampala Extra - Akamwesi
EPS PHARMACY LIMITED,NDA/PRE/RTP/10592,Retail Pharmacy,\N,OPPOSITE MBUYA ARMY BARRACKS,CHWA II ROAD,1430,Human,Kampala,Kampala Extra - Akamwesi
KABANA INVESTMENT PHARMACY LTD,NDA/PRE/RTP/1060,Retail Pharmacy,\N,Satelite Beach,House,1856,Human,Mukono,South Eastern Region - Jinja
MARIOZ CONSULTS LIMITED,NDA/PRE/RTP/10607,Retail Pharmacy,\N,"STRIP MALL, ABAITA ABABIRI",KATABI TOWN COUNCIL,1185,Human,Wakiso,Kampala Extra - Akamwesi
LARID PHARMACY LTD,NDA/PRE/RTP/1063,Retail Pharmacy,\N,KALAGI T/C,MUKONO-KAYUNGA RD,873,Human,Mukono,South Eastern Region - Jinja
MEDISAT HEALTHCARE SERVICES CO. LIMITED,NDA/PRE/RTP/10651,Retail Pharmacy,1039237554,"KIRA WARD, BUWATE ROAD",BUWATE ROAD,2237,Human,Wakiso,Kampala Extra - Akamwesi
SEMDIOMPHARM PHARMACY LIMITED,NDA/PRE/RTP/10652,Retail Pharmacy,1030321307,"GUNGA CELL-MUKONO, OPP. MUKONO TAXI PARK",OPP. MUKONO TAXI PARK,1710,Human,Mukono,South Eastern Region - Jinja
Fort Pharmaceuticals Ltd,NDA/PRE/RTP/1073,Retail Pharmacy,\N,PLOT 7,Lugard Road,408,Human,Fort Portal,Western Region - Hoima
MANDELA PHARMACY LIMITED,NDA/PRE/RTP/1084,Retail Pharmacy,\N,PLOT 47 -,GWERI RD,430,Human,Soroti,North Eastern Region - Soroti
GILEAD PHARMACY,NDA/PRE/RTP/1089,Retail Pharmacy,\N,Plot 8,Republic Street,363,Human,Mbale,Eastern Region - Tororo
JIWCO PHARMACY LIMITED,NDA/PRE/RTP/1090,Retail Pharmacy,1001190640,PLOT NO. 13 - PALLISA RD,PALLISA RD,1891,Human,Mbale,Eastern Region - Tororo
SPECTUS COMPANY LIMITED,NDA/PRE/RTP/1093,Retail Pharmacy,1016943288,PLOT 51B GWERI ROAD SOROTI,GWERI ROAD,1541,Human,Soroti,North Eastern Region - Soroti
DAL CUIDADO PHARMACEUTICALS LTD,NDA/PRE/RTP/1094,Retail Pharmacy,1032420998,"PLOT NO. 37 - SSAIMA COMPLEX, CATHEDRAL ROAD, MBALE CITY",SSAIMA COMPLEX,1573,Human,Mbale,Eastern Region - Tororo
PARENTS PHARMACY LTD,NDA/PRE/RTP/1097,Retail Pharmacy,1015903652,PLOT NO. 12 - REPUBLIC STREET,REPUBLIC STREET,2134,Human,Mbale,Eastern Region - Tororo
HIGHER LIFE PHARMACY,NDA/PRE/RTP/1098,Retail Pharmacy,\N,PLOT NO. 01,KUMI ROAD -,731,Human,Mbale,Eastern Region - Tororo
MARCY WORLD PHARMACY,NDA/PRE/RTP/1102,Retail Pharmacy,\N,PLOT NO. 26 -,CATHEDRAL AVENUE,1792,Human,Mbale,Eastern Region - Tororo
J-PLUS PHARMACY LIMITED,NDA/PRE/RTP/1103,Retail Pharmacy,\N,PLOT NO. 14 -,NORTH RD,1792,Human,Mbale,Eastern Region - Tororo
AL-HAMDU PHARMACY LTD,NDA/PRE/RTP/1105,Retail Pharmacy,\N,PLOT NO. 02 - OUTEKE ROAD - TOWN - BUKEDEA,OUTEKE ROAD,2022,Human,Bukedea,North Eastern Region - Soroti
FIXINET PHARMA LIMITED,NDA/PRE/RTP/1119,Retail Pharmacy,\N,PLOT 18C -JINJA MUNICIPALITY,ALDINA RD,397,Human,Jinja,South Eastern Region - Jinja
BIVAN PHARMACY,NDA/PRE/RTP/1125,Retail Pharmacy,\N,NAKIFUMA TOWN CENTRE- MUKONO,Trading Centre,844,Human,Mukono,South Eastern Region - Jinja
HEALTH CARE LTD,NDA/PRE/RTP/0316,Retail Pharmacy,1000298934,"Plot No. 77A, Kampala Plaza, Kampala Rd",Kampala Rd,867,Human,Kampala,Kampala Extra - Akamwesi
MWESIGWA PHARMACEUTICALS LIMITED,NDA/PRE/RTP/1130,Retail Pharmacy,\N,Plot 2/4,Scindia Rd,561,Human,Jinja,South Eastern Region - Jinja
BAMKES PHARMACEUTICALS LIMITED,NDA/PRE/RTP/1148,Retail Pharmacy,1010664026,"PLOT 19, GLU PORT BUILDING LUGARD RD",LUGARD RD,1128,Human,Kabarole,Western Region - Hoima
SHREEJI HEALTH MART LTD,NDA/PRE/RTP/1155,Retail Pharmacy,\N,PLOT 03 -,KAMPALA RD,704,Human,Mityana,Western Region - Hoima
GLORIA PHARMACY LIMITED,NDA/PRE/RTP/1158,Retail Pharmacy,\N,"Plot 22, Kiryatete",Fort portal Rd,479,Human,Hoima,Western Region - Hoima
BUSIMBI PHARMACEUTICALS LTD,NDA/PRE/RTP/1163,Retail Pharmacy,\N,MARKET STREET,STREET,1584,Human,Mityana,Western Region - Hoima
NONO PHARMACEUTICALS LTD,NDA/PRE/RTP/1164,Retail Pharmacy,\N,MUBENDE,TOWN COUNCIL,1227,Human,Mubende,Western Region - Hoima
Kamwenge Phamaceuticals Limited,NDA/PRE/RTP/1170,Retail Pharmacy,1009699328,Fort portal,ROAD,552,Human,Fort Portal,Western Region - Hoima
3DOC PHARMACEUTICALS LTD,NDA/PRE/RTP/1171,Retail Pharmacy,\N,"Plot 1A, Opp. Total Petrol Station",Main Street,1552,Human,Hoima,Western Region - Hoima
Kinn Pharmaceuticals (U) Ltd,NDA/PRE/RTP/1183,Retail Pharmacy,\N,KAYUNGA T/C,ALONG HOIMA RD,1662,Human,Wakiso,Kampala Extra - Akamwesi
ZEE PHARMACEUTICALS LIMITED,NDA/PRE/RTP/1184,Retail Pharmacy,\N,GULU CITY,Obote Avenue,879,Human,Lira,Northern Region - Lira
VANGUARD PHARMACY LTD,NDA/PRE/RTP/1187,Retail Pharmacy,\N,INSIDE FRAINE SHOPPING MALL,NTINDA,1419,Human,Kampala,Kampala Extra - Akamwesi
K.S. VET PHARMACY LTD,NDA/PRE/RTP/1189,Retail Pharmacy,1007287069,"ROOM KB9, KJ PLAZA, CONTAINER VILLAGE, KAMPALA",CONTAINER VILLAGE,1263,Veretinary,Kampala,Kampala Extra - Akamwesi
THE BOLD PHARMACY LIMITED,NDA/PRE/RTP/1191,Retail Pharmacy,1049597596,"SHELL MAKINDYE, MOBUTU ROAD",MOBUTU ROAD,263,Human,Kampala,Kampala Extra - Akamwesi
DANNAB PHARMACY LIMITED,NDA/PRE/RTP/1192,Retail Pharmacy,\N,"Sseguku, Off katale",Katale Busawule Rd,936,Human,Wakiso,Kampala Extra - Akamwesi
GYMCO TECHNICAL SERVICES LTD,NDA/PRE/RTP/1197,Retail Pharmacy,\N,"US MALL, PLOT 5872/5873, KISAASI",KYANJA RD,937,Human,Kampala,Kampala Extra - Akamwesi
MASAKA HEALTH PHARMACEUTICAL LTD,NDA/PRE/RTP/1202,Retail Pharmacy,\N,"Plot 54, Frankline House",Elgin Strt,1320,Human,Masaka,Central Regional Office - Masaka
Kuribs Pharmacy,NDA/PRE/RTP/1204,Retail Pharmacy,\N,"Mutundwe,",Mutundwe Rd,589,Human,Kampala,Kampala Extra - Akamwesi
ZAAM PHARMACY,NDA/PRE/RTP/1209,Retail Pharmacy,\N,"PLOT 2, KATWE",KAYEMBA RD,666,Human,Kampala,Kampala Extra - Akamwesi
Zak Phamacy - Busega,NDA/PRE/RTP/1212,Retail Pharmacy,\N,Busega Trading Centre,Masaka Rd,684,Human,Kampala,Kampala Extra - Akamwesi
RAPHA CHEMISTS,NDA/PRE/RTP/1216,Retail Pharmacy,1110121251,"PLOT 540, GGABA ROAD",GGABA ROAD,1765,Human,Kampala,Kampala Extra - Akamwesi
Safescript Pharmaceuticals Ltd,NDA/PRE/RTP/1218,Retail Pharmacy,\N,Najim Mall- Ntinda T/C,Kiwatule Rd,784,Human,Kampala,Kampala Extra - Akamwesi
FRAHA PHARMACY LTD,NDA/PRE/RTP/1224,Retail Pharmacy,\N,"GLOBAL COMPLEX BLD'G, RM GF 41 &42",NEW TAXI PARK EXIT,1451,Human,Kampala,Kampala Extra - Akamwesi
PLATINUM PLUS (U) LIMITED,NDA/PRE/RTP/1227,Retail Pharmacy,\N,"Kawempe, Plot 546",Bombo Road,949,Human,Kampala,Kampala Extra - Akamwesi
SHILOH PHARMACY LIMITED,NDA/PRE/RTP/1228,Retail Pharmacy,\N,Kiteezi Trading Centre,Buwambo Rd,459,Human,Kampala,Kampala Extra - Akamwesi
EL-SHADAI MEDICAL SERVICES COMPANY LTD,NDA/PRE/RTP/1230,Retail Pharmacy,\N,Kasana- Luwero,Bombo Rd,1332,Human,Luweero,Kampala Extra - Akamwesi
RHINE PHARMACUETICALS LIMITED,NDA/PRE/RTP/1231,Retail Pharmacy,1002828252,"Wakiso T/C, Gombe Road",Gombe Rd,1681,Human,Wakiso,Kampala Extra - Akamwesi
KARIBU PHARMACY LIMITED,NDA/PRE/RTP/1235,Retail Pharmacy,\N,LITTLE PARIS NDOMBOLO,MARKET STREET,1324,Human,Tororo,Eastern Region - Tororo
FRANKIA ENTERPRISES LIMITED,NDA/PRE/RTP/1243,Retail Pharmacy,1001693369,"Ngora Road, Kumi Town",NGORA RD,1041,Human,Kumi,North Eastern Region - Soroti
MUZURI PHARMACY LTD,NDA/PRE/RTP/1254,Retail Pharmacy,\N,NAKWERO TRADING CENTER,PALLISA ROAD -,2052,Human,Mbale,Eastern Region - Tororo
IMAGINE PHARMACEUTICALS LIMITED,NDA/PRE/RTP/1258,Retail Pharmacy,\N,"Plot 9B Richard House, Opp. City Oil Petrol Station",BAZAAR STREET,636,Human,Tororo,Eastern Region - Tororo
JOSO PHARMACY LIMITED,NDA/PRE/RTP/1261,Retail Pharmacy,\N,PLOT 02 -,NORTH RD,344,Human,Mbale,Eastern Region - Tororo
NOOR PHARMACY LIMITED,NDA/PRE/RTP/1264,Retail Pharmacy,\N,PLOT 27 -,PALLISA RD,951,Human,Mbale,Eastern Region - Tororo
SAMULON PHARMACY LTD,NDA/PRE/RTP/1273,Retail Pharmacy,\N,Plot 12,MARKET STREET,1802,Human,Tororo,Eastern Region - Tororo
LINGRAVE PHARMACY LIMITED,NDA/PRE/RTP/1278,Retail Pharmacy,\N,MUSAJJA TALEMWA,RD,1256,Human,Mityana,Western Region - Hoima
MUMOJA INVESTMENTS LIMITED,NDA/PRE/RTP/1284,Retail Pharmacy,\N,KINUBI T/C,BUS STAGE,1391,Human,Hoima,Western Region - Hoima
ROYAL PHARMA 2011 LIMITED,NDA/PRE/RTP/1299,Retail Pharmacy,1001002018,"PLOT 39/41, JASCO PLAZA NEXT TO FORMER KCB",ADUMI ROAD,2048,Human,Arua,West Nile Region - Arua
Medi Point Pharmacy Ltd,NDA/PRE/RTP/1312,Retail Pharmacy,\N,"Bharkit Building,Pakwach Town",Arua Rd,667,Human,Nebbi,West Nile Region - Arua
JASMITHA PHARMACY LTD,NDA/PRE/RTP/1315,Retail Pharmacy,\N,"Plot 33, Main Street",Avenue Road,1253,Human,Arua,West Nile Region - Arua
HORIZON PHARMACEUTICALS (U) LTD,NDA/PRE/RTP/1319,Retail Pharmacy,\N,"Plot 20, Solia Village",Transport Rd,767,Human,Koboko,West Nile Region - Arua
Ronapold Pharmacy,NDA/PRE/RTP/1325,Retail Pharmacy,\N,Plot 7 Opp. National Theatre,Dewnton Rd,528,Human,Kampala,Kampala Extra - Akamwesi
ZEBRAWOOD LIMITED,NDA/PRE/RTP/1327,Retail Pharmacy,\N,Kireka Trading Centre,Jinja Rd,902,Human,Wakiso,Kampala Extra - Akamwesi
"GREEN""S PHARMACY",NDA/PRE/RTP/1337,Retail Pharmacy,\N,Plot 12,Main Street,222,Human,Jinja,South Eastern Region - Jinja
MIRE COMPANY LIMITED,NDA/PRE/RTP/1339,Retail Pharmacy,\N,plot 23,Butikiro Rd,1873,Human,Kampala,Kampala Extra - Akamwesi
CAPE PHARMACY KAMPALA LIMITED,NDA/PRE/RTP/1347,Retail Pharmacy,1008479068,"Kayembe Stage Junction, Munyonyo Rd",Munyonyo Rd,898,Human,Kampala,Kampala Extra - Akamwesi
KHIM PHARMACY LIMITED,NDA/PRE/RTP/1348,Retail Pharmacy,\N,KAHOORA DIVISION,PARK CELL,665,Human,Hoima,Western Region - Hoima
SafeWay Pharmacy (2003) Ltd,NDA/PRE/RTP/1358,Retail Pharmacy,\N,Plot 31/38,Ben Kiwanuka Street,2077,Human,Kampala,Kampala Extra - Akamwesi
TOTAL PHARMACY LIMITED,NDA/PRE/RTP/1361,Retail Pharmacy,100245180,"PLOT 558, JOS HOUSE - COMMERCIAL STREET, LUZIRA","COMMERCIAL STREET, LUZIRA",1513,Human,Kampala,Kampala Extra - Akamwesi
ALLION PHARMACY U LIMITED,NDA/PRE/RTP/1373,Retail Pharmacy,\N,Kitemu T/C,Masaka Road,743,Human,Wakiso,Kampala Extra - Akamwesi
AVEM PHARMACY LTD,NDA/PRE/RTP/1375,Retail Pharmacy,\N,"PLOT 6, KAYONDO PLAZA",MASAKA TOWN,828,Human,Masaka,Central Regional Office - Masaka
AMPLIFY HOLDINGS LTD,NDA/PRE/RTP/1379,Retail Pharmacy,1052859164,Namungoona - Kasubi,Hoima Rd,891,Human,Kampala,Kampala Extra - Akamwesi
Rapha Springs Pharmacy,NDA/PRE/RTP/1385,Retail Pharmacy,\N,Nansana Town Council,Masitowa,1839,Human,Wakiso,Kampala Extra - Akamwesi
Param Pharmaceuticals Ltd,NDA/PRE/RTP/1392,Retail Pharmacy,\N,KIBULI PLOT 18,Nsambya Road,491,Human,Kampala,Kampala Extra - Akamwesi
VELVET PHARMA LIMITED,NDA/PRE/RTP/1394,Retail Pharmacy,\N,Plot 8,Wilson Rd,854,Human,Kampala,Kampala Extra - Akamwesi
POLET PHARMACY LTD,NDA/PRE/RTP/1408,Retail Pharmacy,1048778916,"KIKAAYA ZONE A KANYANYA, KITALA","KIKAAYA ZONE A KANYANYA, KITALA",1154,Veretinary,Kampala,Kampala Extra - Akamwesi
DELLY PHARMACEUTICALS LIMITED,NDA/PRE/RTP/1414,Retail Pharmacy,\N,NTAWO BODA STAGE,Hoima Rd,528,Human,Wakiso,Kampala Extra - Akamwesi
Planet Pharmaceuticals (U) Ltd,NDA/PRE/RTP/1418,Retail Pharmacy,\N,"Plot 8, Bhatia Building",Wilson Rd,522,Human,Kampala,Kampala Extra - Akamwesi
Aggie Pharmacy Ltd - Kibuli,NDA/PRE/RTP/1423,Retail Pharmacy,\N,"Kibuli, Mutajazi",Green hill Rd,486,Human,Kampala,Kampala Extra - Akamwesi
A &A MEDICOR PHARMACY,NDA/PRE/RTP/1424,Retail Pharmacy,\N,"PLOT 1349, HAMU MUKASA RD",MENGO,389,Human,Kampala,Kampala Extra - Akamwesi
Skapharm Pharmaceuticals Ltd,NDA/PRE/RTP/1427,Retail Pharmacy,\N,KAWEMPE MBOGO,ZONE,1662,Human,Kampala,Kampala Extra - Akamwesi
AVENTIS PHARMACY LIMITED,NDA/PRE/RTP/1432,Retail Pharmacy,\N,MUTUKULA,Masaka Rd,648,Human,Kampala,Kampala Extra - Akamwesi
HOPE PHARMACY LIMITED,NDA/PRE/RTP/1434,Retail Pharmacy,\N,Kitende Trading Centre,Entebbe Rd,441,Human,Wakiso,Kampala Extra - Akamwesi
MUKONO CENTRAL PHARMACY,NDA/PRE/RTP/1446,Retail Pharmacy,\N,Savers Building,Kayunga Road,526,Human,Mukono,South Eastern Region - Jinja
SHIFA SUPER PHARMA (U) LIMITED,NDA/PRE/RTP/1449,Retail Pharmacy,\N,PLOT 80 A,MAIN STREET,1365,Human,Jinja,South Eastern Region - Jinja
MUDALI PHARMACY - SMC LIMITED,NDA/PRE/RTP/1454,Retail Pharmacy,\N,"Plot 68/70,",Main Street,307,Human,Iganga,South Eastern Region - Jinja
BATAM PHARMACY (U) LTD,NDA/PRE/RTP/1455,Retail Pharmacy,\N,Plot 9,Bugiri Road,1384,Human,Iganga,South Eastern Region - Jinja
TRESHA HILL COMPANY LIMITED,NDA/PRE/RTP/1472,Retail Pharmacy,1008516660,"Opp Kiruddu Hospital, Salaama Rd",Salaama Rd,822,Human,Kampala,Kampala Extra - Akamwesi
SAFELINK PHARMA LIMITED,NDA/PRE/RTP/1474,Retail Pharmacy,\N,"KIKUBO LANE, MULIRO ZONE",MAGANJO T/C,1072,Human,Wakiso,Kampala Extra - Akamwesi
Ella Pharmacy Ltd,NDA/PRE/RTP/1489,Retail Pharmacy,\N,MARANTHA TRADING CENTER,Gayaza Road,634,Human,Wakiso,Kampala Extra - Akamwesi
MAMA AVE MARIA N &E PHARMACY,NDA/PRE/RTP/1497,Retail Pharmacy,\N,KYEBANDO,,1947,Human,Kampala,Kampala Extra - Akamwesi
PERLMART PHARMACY,NDA/PRE/RTP/1499,Retail Pharmacy,\N,Plot 110,Juba Road,558,Human,Lira,Northern Region - Lira
Mavie Life Limited,NDA/PRE/RTP/1500,Retail Pharmacy,\N,Plot 2620,Kisaasi Kyanja Rd,1184,Human,Kampala,Kampala Extra - Akamwesi
NIM UGANDA LTD,NDA/PRE/RTP/1505,Retail Pharmacy,\N,Banda-B T/C,Kyambogo Rd,1753,Human,Kampala,Kampala Extra - Akamwesi
OHMZ PHARMACEUTICAL COMPANY LIMITED,NDA/PRE/RTP/1506,Retail Pharmacy,1009515646,Binzaali Stage,Salaama Rd,2235,Human,Kampala,Kampala Extra - Akamwesi
DAN &DAV (U) LIMITED,NDA/PRE/RTP/1513,Retail Pharmacy,\N,KYANJA,SONDE ROAD,1286,Human,Wakiso,Kampala Extra - Akamwesi
Golden Care Pharmacy,NDA/PRE/RTP/1520,Retail Pharmacy,\N,Namugongo-Kyaliwajala,Corner House,1141,Human,Wakiso,Kampala Extra - Akamwesi
MALCOM PHARMACEUTICALS LIMITED,NDA/PRE/RTP/1529,Retail Pharmacy,\N,KISAASI,KAWALA RD,500,Human,Kampala,Kampala Extra - Akamwesi
HAPPY PILLS PHARMACY LIMITED,NDA/PRE/RTP/1532,Retail Pharmacy,1011107257,NANSANA T/C,ZALEX HOUSE,1038,Human,Wakiso,Kampala Extra - Akamwesi
ULTIMATE VET SOLUTIONS LTD,NDA/PRE/RTP/1533,Retail Pharmacy,\N,"K.J PLAZA, NAKIVUBO PLACE",CONTAINER VILLAGE,1082,Veretinary,Kampala,Kampala Extra - Akamwesi
Devyne Pharmacy Ltd,NDA/PRE/RTP/1536,Retail Pharmacy,1006352003,"Kamwokya T/C, BULINDO",Along Kyebando Rd,603,Human,Kampala,Kampala Extra - Akamwesi
DACTARI MEDICS LIMITED,NDA/PRE/RTP/1544,Retail Pharmacy,\N,Mpererwe-town,Gayaza Rd,941,Human,Kampala,Kampala Extra - Akamwesi
EDBURG UGANDA LIMITED,NDA/PRE/RTP/1552,Retail Pharmacy,\N,Tirupati Mazima Mall,Kabalagala,1419,Human,Kampala,Kampala Extra - Akamwesi
Better Health Pharmacy,NDA/PRE/RTP/1557,Retail Pharmacy,\N,CATHOLIC CHURCH BLD'G,Zirobwe Road,1084,Human,Wakiso,Kampala Extra - Akamwesi
ASG EYE HOSPITAL PRIVATE LIMITED,NDA/PRE/RTP/1559,Retail Pharmacy,\N,Plot 14,Kyadondo Road,1215,Human,Kampala,Kampala Extra - Akamwesi
"CHRISTINE,JENIS PHARMACY LIMITED",NDA/PRE/RTP/1582,Retail Pharmacy,\N,"Plot 116, Kireka",Masaka Rd,1223,Human,Kampala,Kampala Extra - Akamwesi
Enket Pharmaceuticals Ltd,NDA/PRE/RTP/1585,Retail Pharmacy,\N,Kakiri Town Council,Near Taxi Park,1445,Human,Wakiso,Kampala Extra - Akamwesi
DAWA SAVE PHARMACEUTICALS,NDA/PRE/RTP/1594,Retail Pharmacy,1009851532,"Plot 6674, Namugongo Rd",Namugongo Rd,677,Human,Wakiso,Kampala Extra - Akamwesi
ORBIT HEALTH CARE SERVICES UGANDA LIMITED,NDA/PRE/RTP/1597,Retail Pharmacy,1007368166,Plot 32 Padre Pio House,Lumumba Avenue,999,Human,Kampala,Kampala Extra - Akamwesi
MUNIR &SONS INVESTMENTS LTD,NDA/PRE/RTP/1607,Retail Pharmacy,\N,Plot 7,Abayita Ababiri,753,Human,Wakiso,Kampala Extra - Akamwesi
YAMWE PHARMACEUTICALS LIMITED,NDA/PRE/RTP/1608,Retail Pharmacy,\N,"MATUGGA,",Bombo Rd,964,Human,Wakiso,Kampala Extra - Akamwesi
CITRUS PHARMACY LIMITED,NDA/PRE/RTP/1609,Retail Pharmacy,\N,"KAZO WARD NEAR ""KASAWE""",Ndejje Rd,837,Human,Wakiso,Kampala Extra - Akamwesi
SURECARE PHARMACY LIMITED,NDA/PRE/RTP/1613,Retail Pharmacy,1009570843,"Plot 37, Jajja Villa",Jajja Villa,732,Human,Kampala,Kampala Extra - Akamwesi
GISE PHARMACY,NDA/PRE/RTP/1614,Retail Pharmacy,\N,"Plot 872, Kibuye",Salaama Rd,787,Human,Kampala,Kampala Extra - Akamwesi
TJB MODERN PHARMACY LIMITED,NDA/PRE/RTP/1615,Retail Pharmacy,\N,Plot 4807 Kitende,Entebbe Rd,916,Human,Kampala,Central Regional Office - Masaka
PLANET CARE COMPANY LIMITED,NDA/PRE/RTP/1616,Retail Pharmacy,\N,"NEAR KYANJA MALL, KYANJA T/C",Trading Centre,1351,Human,Kampala,Kampala Extra - Akamwesi
VINTAGE VENTURES LIMITED,NDA/PRE/RTP/1619,Retail Pharmacy,\N,Plot 2555 Kakungulu,Entebbe Rd,1386,Human,Wakiso,Kampala Extra - Akamwesi
Line Pharmaceuticals Ltd,NDA/PRE/RTP/1621,Retail Pharmacy,\N,Lungujja Kosovo,Rubaga,2011,Human,Kampala,Kampala Extra - Akamwesi
PEOPLES MEDICAL HOSPITAL LIMITED,NDA/PRE/RTP/1622,Retail Pharmacy,\N,Gayaza Town,Bulamu Rd,1960,Human,Wakiso,Kampala Extra - Akamwesi
LISA PHARMACEUTICALS LIMITED,NDA/PRE/RTP/1625,Retail Pharmacy,\N,"PLOT 209, KANSANGA",GGABA ROAD.,\N,Human,Kampala,Kampala Extra - Akamwesi
St Jude Pharmacy,NDA/PRE/RTP/1626,Retail Pharmacy,\N,Munaku-,Kasubi,627,Human,Kampala,Kampala Extra - Akamwesi
Menzies Pharmaceuticals Limited,NDA/PRE/RTP/1632,Retail Pharmacy,\N,PLOT 992,Kitante Rd,700,Human,Kampala,Kampala Extra - Akamwesi
JOSEM PHARMACY LTD,NDA/PRE/RTP/1635,Retail Pharmacy,1017048224,NEAR KYANJA SUPERMARKET,KYANJA-KUNGU RD,2228,Human,Kampala,Kampala Extra - Akamwesi
MIDDLE EAST PHARMACY LIMITED,NDA/PRE/RTP/1637,Retail Pharmacy,\N,"Middle East Hospital, Bugolobi",Spring Rd,1004,Human,Kampala,Kampala Extra - Akamwesi
Daktari Pharma Ltd,NDA/PRE/RTP/1638,Retail Pharmacy,\N,"Nansana, Wana Center",Hoima Rd,404,Human,Wakiso,Kampala Extra - Akamwesi
Cure Spot Pharmacy Ltd,NDA/PRE/RTP/1642,Retail Pharmacy,\N,Plot 2162,Bukoto Kisasi Rd,991,Human,Kampala,Central Regional Office - Masaka
Care Services Pharmacy,NDA/PRE/RTP/1645,Retail Pharmacy,\N,Maaz Arcade,Kafumbe Mukasa Rd,330,Human,Kampala,Kampala Extra - Akamwesi
Neuro Pharmacy Ltd,NDA/PRE/RTP/1650,Retail Pharmacy,\N,Naguru - Kampala Opposite Kampala Parents School,Kyanja-Kisasi Rd,515,Human,Kampala,Kampala Extra - Akamwesi
DOLPHINS WORLD INVESTMENT LIMITED,NDA/PRE/RTP/1654,Retail Pharmacy,\N,Najjera II T/C,Kiwatule Rd,1003,Human,Kampala,Kampala Extra - Akamwesi
KINGSWELL (U) LTD,NDA/PRE/RTP/1655,Retail Pharmacy,\N,MULAWA TRADING CENTRE,"KIRA BULINDO RD, KIRA MUNICIPALITY",476,Human,Wakiso,Kampala Extra - Akamwesi
ATOM PHARMACY LIMITED,NDA/PRE/RTP/1656,Retail Pharmacy,\N,"Kirinyabigo, Kawanda",Bombo Rd,976,Human,Wakiso,Kampala Extra - Akamwesi
CEMBOH GLOBAL INVESTMENTS LIMITED,NDA/PRE/RTP/1658,Retail Pharmacy,1007044179,Kitezi,Trading Centre,687,Human,Wakiso,Kampala Extra - Akamwesi
JASPHARM LIMITED,NDA/PRE/RTP/1661,Retail Pharmacy,\N,Kireka Arcade,Opp Shell Petrol Station,1007,Human,Wakiso,Kampala Extra - Akamwesi
WELL TRACK PHARMACY LTD,NDA/PRE/RTP/1663,Retail Pharmacy,\N,Kawempe Mbogo,Near Tivoli,563,Human,Kampala,Kampala Extra - Akamwesi
RIST PHARMACEUTICAL LIMITED,NDA/PRE/RTP/1664,Retail Pharmacy,1009687405,KAYUNGA DAILY MARKET-HOIMA ROAD,Hoima Rd,862,Human,Wakiso,Kampala Extra - Akamwesi
BELL PHARMACY LIMITED,NDA/PRE/RTP/1671,Retail Pharmacy,\N,Plot M889,Kafumbe Mukasa Rd,628,Human,Kampala,Kampala Extra - Akamwesi
BIG CHOICE PHARMACEUTICAL LIMITED,NDA/PRE/RTP/1672,Retail Pharmacy,1009792721,"PLOT 2365-6 MPERERWE, KAWEMPE RD","PLOT 2365-6 MPERERWE, KAWEMPE RD",450,Human,Kampala,Kampala Extra - Akamwesi
BIOPLUS PHARMACY LIMITED,NDA/PRE/RTP/1673,Retail Pharmacy,\N,KAWEMPE TOWN NEAR,KISEERA SUPERMARKET,1535,Human,Wakiso,Kampala Extra - Akamwesi
KING PHARMACEUTICAL COMPANY LIMITED,NDA/PRE/RTP/1674,Retail Pharmacy,1009668630,"KITENDE, SSISA ROAD",SSISA ROAD,939,Human,Wakiso,Kampala Extra - Akamwesi
DEVINE LIFE PHARMACEUTICALS (A) LTD,NDA/PRE/RTP/1679,Retail Pharmacy,1009443873,Mengo Junction Balintuma - Sentema Rd,Balintuma - Sentema Rd,959,Human,Kampala,Kampala Extra - Akamwesi
PREMIUM NEW HORIZONS LTD,NDA/PRE/RTP/1681,Retail Pharmacy,\N,Kyanja Trading Centre,Kyanja Rd,419,Human,Kampala,Kampala Extra - Akamwesi
ST. Raphael's Pharmacy Ltd,NDA/PRE/RTP/1686,Retail Pharmacy,\N,Nakulabye Shopping Center Bukesa,Hoima Rd,381,Human,Kampala,Kampala Extra - Akamwesi
JUNCTION HEALTH PHARMACEUTICALS LIMITED,NDA/PRE/RTP/1687,Retail Pharmacy,\N,KINGS JUNCTION BUILDING,"MAWANDA RD, MUNYONYO",1882,Human,Kampala,Kampala Extra - Akamwesi
Your Pharmacy,NDA/PRE/RTP/1688,Retail Pharmacy,\N,Opposite,Kansanga Market,447,Human,Kampala,Central Regional Office - Masaka
TUNA PHARMACY LIMITED,NDA/PRE/RTP/1689,Retail Pharmacy,1051695782,"Wakaliga, Next to Veteran's Market",Next to Veteran's Market,1466,Human,Kampala,Kampala Extra - Akamwesi
CLINXPHARM PHARMACY LIMITED,NDA/PRE/RTP/1690,Retail Pharmacy,1027844835,"The Cube Mall, Kisementi",Kisementi,1065,Human,Kampala,Kampala Extra - Akamwesi
Dommy Pharmacy Limited,NDA/PRE/RTP/1691,Retail Pharmacy,\N,Nateete Trading Centre,Masaka Rd,1234,Human,Kampala,Kampala Extra - Akamwesi
IMAGINE PHARMACEUTCALS LTD,NDA/PRE/RTP/1693,Retail Pharmacy,\N,"Plot 8-B, Nansamba Arcade, Shop 116",Namirembe Rd,715,Human,Kampala,Kampala Extra - Akamwesi
Asiima Agri Concern Ltd,NDA/PRE/RTP/1695,Retail Pharmacy,\N,"Shoppers Stop Plaza, Shop AG12",Entebbe Rd,1564,Veretinary,Kampala,Kampala Extra - Akamwesi
Ginko Pharmacy Ltd,NDA/PRE/RTP/1698,Retail Pharmacy,\N,Kulambiro,Opp.East High S.S,1340,Human,Kampala,Kampala Extra - Akamwesi
Makoka Pharmacy,NDA/PRE/RTP/1700,Retail Pharmacy,\N,Plot 25,Mutibwa Rd,1042,Human,Kamuli,South Eastern Region - Jinja
PRIME PHARMACY LIMITED,NDA/PRE/RTP/1701,Retail Pharmacy,\N,Perl Supermarket,Kiwafu Rd,631,Human,Wakiso,Kampala Extra - Akamwesi
CHRETIEN PHARMACY LTD,NDA/PRE/RTP/1702,Retail Pharmacy,\N,Namele- Mpererwe,Kitezi Road,934,Human,Wakiso,Kampala Extra - Akamwesi
JOY PHARMACY LIMITED,NDA/PRE/RTP/1705,Retail Pharmacy,\N,Plot 7,Seguku T/C,441,Human,Wakiso,Kampala Extra - Akamwesi
Soteria Pharmacy Ltd,NDA/PRE/RTP/1706,Retail Pharmacy,1008436761,"Kasana Town, Gulu Highway",Gulu Highway,1834,Human,Luweero,Kampala Extra - Akamwesi
PHARMIL PHARMACY LIMITED,NDA/PRE/RTP/1710,Retail Pharmacy,\N,"NAMAYIBA PARK HOTEL, RM B5-7",OPP. BUS PARK,633,Human,Kampala,Kampala Extra - Akamwesi
Access Pharmacy Ltd,NDA/PRE/RTP/1719,Retail Pharmacy,\N,"Plot 84, Bukoto",Kira Rd,1369,Human,Kampala,Kampala Extra - Akamwesi
YASMIN CARE PHARMACY LIMITED,NDA/PRE/RTP/1728,Retail Pharmacy,\N,Plot 13-15,Avenue Rd,1545,Human,Arua,West Nile Region - Arua
MWEFFE PHARMACEUTICALS LIMITED,NDA/PRE/RTP/1732,Retail Pharmacy,\N,Kasubi T/C,Opp Kasubi Tombs,1526,Human,Kampala,Kampala Extra - Akamwesi
Leo Pharmacy (U) Ltd,NDA/PRE/RTP/1735,Retail Pharmacy,\N,"Kawempe, Opp Market",Bombo Rd,1029,Human,Kampala,Kampala Extra - Akamwesi
Elyon Medical Services Ltd,NDA/PRE/RTP/1737,Retail Pharmacy,\N,Plot 44 Buziga,Lukuli Road,1035,Human,Kampala,Kampala Extra - Akamwesi
GIBMAK (U) LIMITED,NDA/PRE/RTP/1739,Retail Pharmacy,\N,"Plot 113, Kyaliwajjala",Kira Rd,1014,Human,Wakiso,Kampala Extra - Akamwesi
OMEGA HEALTH SOLUTIONS LIMITED,NDA/PRE/RTP/1740,Retail Pharmacy,\N,"Wakiso town,",Near taxi park,1625,Human,Wakiso,Kampala Extra - Akamwesi
Towncare Pharmacy,NDA/PRE/RTP/1742,Retail Pharmacy,\N,Ham shopping Arcade,Namirembe Road,824,Human,Kampala,Kampala Extra - Akamwesi
Safe Medical &Cosmetics Pharmacy,NDA/PRE/RTP/1743,Retail Pharmacy,\N,Kisugu Stage,Makindye,872,Human,Kampala,Kampala Extra - Akamwesi
NORVIK HOSPITAL LIMITED,NDA/PRE/RTP/1747,Wholesale Pharmacy,1000143064,WITHIN NORVIK CLINIC,Bombo Rd,770,Human,Kampala,Kampala Extra - Akamwesi
Zurah Uganda Company Ltd,NDA/PRE/RTP/1750,Retail Pharmacy,\N,Kabowa,Nyanama Rd,883,Human,Kampala,Kampala Extra - Akamwesi
AARON PHARMACEUTICALS LIMITED,NDA/PRE/RTP/1751,Retail Pharmacy,\N,"Plot 5, Shop 5 &6, Rene Plaza",William Street,1778,Human,Kampala,Kampala Extra - Akamwesi
Virgo Pharmacy Ltd,NDA/PRE/RTP/1753,Retail Pharmacy,\N,Ggaba Trading Centre,Ggaba Rd,559,Human,Kampala,Kampala Extra - Akamwesi
B-MART PHARMACEUTICALS LABORATORIES LIMITED,NDA/PRE/RTP/1754,Retail Pharmacy,1110521310,"Kira Town Council , KIRA HEALTH CENTRE 1V",Town Council,939,Human,Wakiso,Kampala Extra - Akamwesi
GARRISON PHARMACY LIMITED,NDA/PRE/RTP/1774,Retail Pharmacy,\N,Opp.Lacor Hospital,Ggaba Rd,742,Human,Kampala,Kampala Extra - Akamwesi
Mosha Pharmacy,NDA/PRE/RTP/1782,Retail Pharmacy,\N,"21 MILES BOMBO,","COUNCIL OFFICES, KALAGALA RD",1478,Human,Luweero,Kampala Extra - Akamwesi
ROYAL PHARMA 2011,NDA/PRE/RTP/1784,Retail Pharmacy,\N,Plot 44,High Street,1087,Human,Mbarara,South Western Region - Mbarara
SANTE BIO - TECH LTD,NDA/PRE/RTP/1793,Retail Pharmacy,\N,MULANGIRA'S BLDG NEXT TO SHOPWISE SMKT,"KASANGATI KIWALIMU,GAYAZA RD",1598,Human,Wakiso,Kampala Extra - Akamwesi
WATUSCO PHARMACEUTICAL LTD,NDA/PRE/RTP/1795,Retail Pharmacy,\N,PLOT NO. 05 -,AMBER STREET -,1793,Human,Mbale,Eastern Region - Tororo
JUPITER PHARMACEUTICALS -SMC-LIMITED,NDA/PRE/RTP/1799,Retail Pharmacy,\N,Plot 8,Buremba Rd,1170,Human,Mbarara,South Western Region - Mbarara
Zayn Pharmaceuticals Ltd,NDA/PRE/RTP/1804,Retail Pharmacy,\N,Taheri Towers,William Street,380,Human,Kampala,Kampala Extra - Akamwesi
MM &TRUST PHARMACEUTICALS LIMITED,NDA/PRE/RTP/1807,Retail Pharmacy,\N,ISHAKA TOWN,Kasese Rd,734,Human,Bushenyi,South Western Region - Mbarara
ISHAKA JUDITH PHARMACY UGANDA LIMITED,NDA/PRE/RTP/1817,Retail Pharmacy,1016186222,"BLOCK 14, PLOT 45, RUKUNGIRI ROAD_x000D_ISHAKA TOWN, BUSHENYI",Town,1512,Human,Bushenyi,South Western Region - Mbarara
REAL LIFE PHARMACY LTD,NDA/PRE/RTP/1818,Retail Pharmacy,\N,Ishaka,Bassajja,1205,Human,Bushenyi,South Western Region - Mbarara
K.H Pharmacy,NDA/PRE/RTP/1819,Retail Pharmacy,\N,"Opp. Friends Corner, Mbiko",Kampala-Jinja Highway,1129,Human,Buikwe,South Eastern Region - Jinja
Moriah Pharmacy,NDA/PRE/RTP/1826,Retail Pharmacy,\N,Plot 776 After Catholic Shrine,Namugongo road,504,Human,Wakiso,Kampala Extra - Akamwesi
Cabana Sisters' Pharmacy,NDA/PRE/RTP/1827,Retail Pharmacy,\N,Cabana Memorial Centre,Kawuku,470,Human,Kampala,Central Regional Office - Masaka
KISUBI PHARMACY LIMITED,NDA/PRE/RTP/1828,Retail Pharmacy,\N,Mpala,Entebbe Rd,928,Human,Wakiso,Kampala Extra - Akamwesi
UNIVERSAL PHARMACY LTD,NDA/PRE/RTP/1833,Retail Pharmacy,\N,Plot 45 KISORO TOWN,Main Street,556,Human,Kisoro,South Western Region - Mbarara
JENIK PHARMACEUTICALS LIMITED,NDA/PRE/RTP/1840,Retail Pharmacy,\N,Namugongo,Jjanda Rd,661,Human,Wakiso,Kampala Extra - Akamwesi
MAHE PHARMACY - SMC LIMITED,NDA/PRE/RTP/1842,Retail Pharmacy,1039975779,"RIVIERA COMPLEX, BAHAI ROAD, KISAASI T/C, NAKAWA DIVISION","BAHAI ROAD, KISAASI T/C, NAKAWA DIVISION",1372,Human,Kampala,Kampala Extra - Akamwesi
KATETE PHARMACY LIMITED,NDA/PRE/RTP/1849,Retail Pharmacy,\N,Katete,Trading Centre,982,Human,Mbarara,South Western Region - Mbarara
ESTEEM PHARMACY LTD,NDA/PRE/RTP/1850,Retail Pharmacy,\N,Kabalagala Trading Centre,Entebbe Rd,1568,Human,Kampala,Kampala Extra - Akamwesi
GIFT PHARMACY CO LTD,NDA/PRE/RTP/1851,Retail Pharmacy,\N,Sonde Trading Centre,GOMBE DIVISION,1003,Human,Wakiso,Kampala Extra - Akamwesi
Ratish Pharmaceuticals Ltd,NDA/PRE/RTP/1860,Retail Pharmacy,1009904174,Nabbingo Trading Centre,Kyengera Rd,2107,Human,Wakiso,Kampala Extra - Akamwesi
BIOGEN PHARMA LTD,NDA/PRE/RTP/1861,Retail Pharmacy,1007328786,"SHOP B1 &B4, IVORY PLAZA BUILDING, WILLIAM STREET",WILLIAM STREET,2065,Human,Kampala,Kampala Extra - Akamwesi
MOYO PHARMACY (U) LIMITED,NDA/PRE/RTP/1866,Retail Pharmacy,1001881197,"Commercial Building ,Market Lane Moyo",Market Lane,1433,Human,Moyo,West Nile Region - Arua
ASPA MEDICAL SUPPLIES LIMITED,NDA/PRE/RTP/1889,Retail Pharmacy,\N,KABINGO TOWN COUNCIL,KIKAGATI RD,622,Human,Isingiro,South Western Region - Mbarara
AFRICA CHEMISTS AND BEAUTY CARE (U) LTD,NDA/PRE/RTP/1891,Retail Pharmacy,\N,Victoria Mall,Ground Floor,783,Human,Wakiso,Kampala Extra - Akamwesi
ENKET PHARMACEUTICALS LIMITED,NDA/PRE/RTP/1905,Retail Pharmacy,\N,MABANDA,THOBAN RD,950,Human,Mityana,Western Region - Hoima
CAPE PHARMACY KAMPALA LIMITED,NDA/PRE/RTP/1910,Retail Pharmacy,1008479068,"Kiruddu - Salaama, Munyonyo Rd",Munyonyo Rd,898,Human,Kampala,Kampala Extra - Akamwesi
SSAJJABI IMPEX LIMITED,NDA/PRE/RTP/1916,Retail Pharmacy,\N,Kyotera Town,Old Bukoba Rd,1235,Veretinary,Rakai,Central Regional Office - Masaka
CAIT-SEN ENTERPRISES LIMITED,NDA/PRE/RTP/1931,Retail Pharmacy,\N,"Kavule,",Salaama Road,1011,Human,Kampala,Kampala Extra - Akamwesi
Progress Chain Pharmaceuticals Ltd,NDA/PRE/RTP/1944,Retail Pharmacy,\N,PLOT 26,OLAL RD,785,Human,Gulu,Northern Region - Lira
Yoke Pharmacy Company Limited,NDA/PRE/RTP/1951,Retail Pharmacy,\N,Plot 13,Lukwiya Rd,785,Human,Gulu,Northern Region - Lira
WHITE STAR PHARMA (U) LIMITED,NDA/PRE/RTP/1979,Retail Pharmacy,\N,"PLOT 14, CLIVE ROAD, WEST- JINJA CITY",Nizam Rd,296,Human,Jinja,South Eastern Region - Jinja
JINJA CONSOLIDATED PHARMACY,NDA/PRE/RTP/1982,Retail Pharmacy,\N,Plot 2A,Clive Road,539,Human,Jinja,South Eastern Region - Jinja
Verse Pharmacy Ltd,NDA/PRE/RTP/1983,Retail Pharmacy,\N,Plot 38-Ripon Garden-Clive Road,Clive Road,997,Human,Jinja,South Eastern Region - Jinja
MM PARTNERS LOGISTICS LIMITED,NDA/PRE/RTP/1986,Retail Pharmacy,\N,PLOT 10,Salaama Rd,790,Human,Kampala,Kampala Extra - Akamwesi
Juliz Pharmacy Ltd,NDA/PRE/RTP/1987,Retail Pharmacy,\N,"Kategula Zone II, Makindye Junction",Busabala Rd,1257,Human,Kampala,Kampala Extra - Akamwesi
Olympus Pharmaceuticals Ltd,NDA/PRE/RTP/1992,Retail Pharmacy,\N,"Magemeso &Sons Building, Kiyindi",Kakunyu Road,765,Human,Buikwe,South Eastern Region - Jinja
PAFRES PHARMACY LIMITED,NDA/PRE/RTP/1996,Retail Pharmacy,\N,STATION,RD,1328,Human,Mityana,Western Region - Hoima
B. J. PHARMACY HOIMA,NDA/PRE/RTP/2005,Retail Pharmacy,\N,Main,Street,372,Human,Hoima,Western Region - Hoima
Pak Medical Stores Pharmacy,NDA/PRE/RTP/2023,Retail Pharmacy,1001876958,"OPPOSITE NATEETE POLICE STATION, NATEETE TRADING CENTER",MASAKA ROAD,727,Human,Kampala,Kampala Extra - Akamwesi
HEALTH TRUST LIMITED,NDA/PRE/RTP/2034,Retail Pharmacy,\N,"PLOT 17, WRIGHT RD-HOIMA","PLOT 17, WRIGHT RD-HOIMA",1853,Human,Hoima,Western Region - Hoima
ST RAPHEALA LOGISTICS AND PARTNERS,NDA/PRE/RTP/2036,Retail Pharmacy,1039758993,"PLOT 13 - BAXI ROAD, JINJA",Baxi Road,765,Human,Jinja,South Eastern Region - Jinja
KISOZI VET LIMITED,NDA/PRE/RTP/2038,Retail Pharmacy,\N,Maddu-Gomba,Kigezi Rd,1722,Veretinary,Gomba,Central Regional Office - Masaka
GOAL MAN ENTERPRISES LIMITED,NDA/PRE/RTP/2041,Retail Pharmacy,\N,PLOT NO. 16,MOROTO RD,703,Human,Soroti,North Eastern Region - Soroti
Diplomatt Pharmacy,NDA/PRE/RTP/2046,Retail Pharmacy,\N,"Save More Supermarket, Kyengera - Masaka Rd",Masaka Rd,990,Human,Wakiso,Kampala Extra - Akamwesi
FRESH CARE PHARMACEUTICALS LIMITED,NDA/PRE/RTP/2055,Retail Pharmacy,1010028690,"Plot 34 Kazrut House, Main Street",Main Street,823,Human,Ibanda,South Western Region - Mbarara
MDI CITY PHARMACY LTD,NDA/PRE/RTP/2064,Retail Pharmacy,\N,Plot 16,Main Street,642,Human,Jinja,South Eastern Region - Jinja
ST. KALOLI LWANGA,NDA/PRE/RTP/2071,Retail Pharmacy,1008534617,Nile Zone Market,Njeru Town,1687,Human,Buikwe,South Eastern Region - Jinja
REKA DIVINE PHARMACY LTD,NDA/PRE/RTP/2075,Retail Pharmacy,\N,Lugazi,Town Council,1611,Human,Buikwe,South Eastern Region - Jinja
HANNAH PHARMACY LIMITED,NDA/PRE/RTP/2089,Retail Pharmacy,1032793958,Kiwenda Trading Centre,Trading Centre,1083,Human,Wakiso,Kampala Extra - Akamwesi
JORITAH SERVICES LIMITED,NDA/PRE/RTP/2093,Retail Pharmacy,\N,"SANGA TRADING CENTRE, GOMBE DIVISION",NGOBE,661,Human,Wakiso,Kampala Extra - Akamwesi
Platinum Plus Pharmacy,NDA/PRE/RTP/2099,Retail Pharmacy,\N,MULAGO,DWALIRO ROAD,1196,Human,Kampala,Kampala Extra - Akamwesi
JOY &PEACE PHARMA LTD,NDA/PRE/RTP/2102,Retail Pharmacy,\N,Kasenge,Trading center,405,Human,Wakiso,Kampala Extra - Akamwesi
MALIX PHARMA (U) LIMITED,NDA/PRE/RTP/2103,Retail Pharmacy,\N,PLOT 86,MAIN STREET,1125,Human,Iganga,South Eastern Region - Jinja
RHODE PHARMACY (U) LTD,NDA/PRE/RTP/2110,Retail Pharmacy,\N,Plot 49,Highway Grant Street,736,Human,Bugiri,South Eastern Region - Jinja
Paul Pharmacy Ltd,NDA/PRE/RTP/2114,Retail Pharmacy,\N,PLOT 1/3,ADAMS ROAD,909,Human,Kamuli,South Eastern Region - Jinja
TOSI Pharmacy,NDA/PRE/RTP/2124,Retail Pharmacy,\N,Kisoga Trading Center,Kampala - Jinja HighWay,693,Human,Mukono,South Eastern Region - Jinja
PACK HEALTHCARE LIMITED,NDA/PRE/RTP/2130,Retail Pharmacy,1008972508,"PLOT 933, BLOCK 213 OLD KIRA ROAD, BUKOTO","OLD KIRA ROAD, BUKOTO",324,Human,Kampala,Kampala Extra - Akamwesi
Amorite Pharmaceuticals Limited,NDA/PRE/RTP/2131,Retail Pharmacy,\N,"Mbogo, Opp Finca Bank-Kawempe",Bombo Rd,1655,Human,Kampala,Kampala Extra - Akamwesi
Jemimah Pharmacy Ltd,NDA/PRE/RTP/2132,Retail Pharmacy,\N,Nabweru Kafunda Zone,Nansana,1289,Human,Wakiso,Kampala Extra - Akamwesi
SILVA INVESTMENT COMPANY LIMITED,NDA/PRE/RTP/2139,Retail Pharmacy,1000829724,PLOT 2 ADIT MALL,Mall,1116,Human,Mbarara,South Western Region - Mbarara
ZIRYAWULAWO PHARMACY LIMITED,NDA/PRE/RTP/2141,Retail Pharmacy,\N,Luteete 8Km,Gayaza Rd,906,Human,Wakiso,Kampala Extra - Akamwesi
STESSE COMPANY (UG) - SMC LIMITED,NDA/PRE/RTP/2158,Retail Pharmacy,\N,Kasubi T.C,Kitetika,1079,Human,Kampala,Kampala Extra - Akamwesi
Daluk Pharmacy Ltd,NDA/PRE/RTP/2160,Retail Pharmacy,\N,Masanafu,Trading Centre,761,Human,Kampala,Kampala Extra - Akamwesi
AVION PHARMACEUTICALS AND LOGISTICS LIMITED,NDA/PRE/RTP/2166,Retail Pharmacy,1045889189,"Butabika, Kirombe Rd",Kirombe Rd,1223,Human,Kampala,Kampala Extra - Akamwesi
MAIN PHARMACEUTICALS (U) LIMITED,NDA/PRE/RTP/2177,Retail Pharmacy,1016368254,Soroti,Road,2211,Human,Lira,Northern Region - Lira
Joy Pharmacy Ltd,NDA/PRE/RTP/2179,Retail Pharmacy,\N,Namulanda Trading Centre,Entebbe Rd,413,Human,Wakiso,Kampala Extra - Akamwesi
GILGAL MEDICAL SUPPLIES &SERVICES LTD,NDA/PRE/RTP/2193,Retail Pharmacy,\N,KASUBI T/C,BWEYOGERERE - BUTTO,467,Human,Wakiso,Kampala Extra - Akamwesi
Makago (U) Limited,NDA/PRE/RTP/2197,Retail Pharmacy,\N,"Namasuba, Bata Bata",Entebbe Rd,1521,Human,Wakiso,Kampala Extra - Akamwesi
PHOTIZO INVESTMENTS LIMITED,NDA/PRE/RTP/2199,Retail Pharmacy,1010626489,"KIREKA, OPP. SKY HOTEL, KAMULI RD",KAMULI RD,1303,Human,Wakiso,Kampala Extra - Akamwesi
IZ Pharmaceuticals Ltd,NDA/PRE/RTP/2216,Retail Pharmacy,\N,Lusanjja,Kiteezi,318,Human,Wakiso,Kampala Extra - Akamwesi
LAN CARE PHARMACY LTD,NDA/PRE/RTP/2232,Retail Pharmacy,\N,Seeta T/C,Jinja-Kampala Highway,1071,Human,Mukono,South Eastern Region - Jinja
NANU PHARMACY LIMITED,NDA/PRE/RTP/2236,Retail Pharmacy,\N,NAKIFUMA,TRADING CENTRE,605,Human,Mukono,South Eastern Region - Jinja
DILES PHARMACY LIMITED,NDA/PRE/RTP/2238,Retail Pharmacy,1047324482,Nansana- Jenina stage,Hoima Rd,1879,Human,Wakiso,Kampala Extra - Akamwesi
KISUUKI PHARMACY (U) LTD,NDA/PRE/RTP/2250,Retail Pharmacy,1000415220,"Main Street, opposite Boma grounds, Bundibugyo District",COUNCIL,2297,Human,Bundibugyo,Western Region - Hoima
Fortress Pharmacy Ltd,NDA/PRE/RTP/2254,Retail Pharmacy,\N,PLOT 197,KAKIIRI TOWN,1213,Human,Wakiso,Kampala Extra - Akamwesi
Lubowa Pharmaceutical Ltd,NDA/PRE/RTP/2262,Retail Pharmacy,\N,Kayabwe Trading Centre,Mawokota,644,Human,Mpigi,Central Regional Office - Masaka
ESEZA N.KALULE FOUNDATION,NDA/PRE/RTP/2263,Retail Pharmacy,\N,Nakasongola Town,Gulu Rd,1197,Human,Nakasongola,Kampala Extra - Akamwesi
DRUG NEST PHARMACEUTICALS LTD,NDA/PRE/RTP/2297,Retail Pharmacy,\N,Nakisunge,Salaama Road,1332,Human,Kampala,Kampala Extra - Akamwesi
REVITAL HEALTH CARE LTD,NDA/PRE/RTP/2307,Retail Pharmacy,\N,KIGANDA,MAIN STREET,820,Human,Mukono,South Eastern Region - Jinja
VIGA PHARMACEUTICALS LIMITED,NDA/PRE/RTP/2325,Retail Pharmacy,\N,MASANAFU T/C,Bukoto Kisasi Rd,1040,Human,Kampala,Kampala Extra - Akamwesi
NUMBERS PHARMACEUTICALS LIMITED,NDA/PRE/RTP/2338,Retail Pharmacy,\N,OPPOSITE,Kawempe,927,Human,Mityana,Western Region - Hoima
VITACARE LTD,NDA/PRE/RTP/2351,Retail Pharmacy,1008320872,Plot 5 Ali Bhai Ramji - Johnstone street,Johnstone street,377,Human,Kampala,Kampala Extra - Akamwesi
Joint Pharmacy,NDA/PRE/RTP/2364,Retail Pharmacy,\N,Mpererwe,Gayaza Rd,1261,Human,Kampala,Central Regional Office - Masaka
LWAMATA PHARMACY LIMITED,NDA/PRE/RTP/2396,Retail Pharmacy,\N,KAPEKA,TOWN,878,Human,Kiboga,Western Region - Hoima
Bakers Pharmacy Ltd,NDA/PRE/RTP/2407,Retail Pharmacy,\N,"Plot 234, BK 537 Kajjansi",Bweya Road,726,Human,Wakiso,Kampala Extra - Akamwesi
HAYA PHARMACEUTICALS LTD,NDA/PRE/RTP/2429,Retail Pharmacy,\N,GOMA - SEETA,NAMIRYANGO ROAD,318,Human,Mukono,South Eastern Region - Jinja
DIVERSITY PHARMACY LTD,NDA/PRE/RTP/2442,Retail Pharmacy,\N,Nyanama,Entebbe Rd,1126,Human,Wakiso,Kampala Extra - Akamwesi
KACE ALLEB PHARMACEUTICALS LTD,NDA/PRE/RTP/2446,Retail Pharmacy,\N,"KAKOBA, MBARARA MUNICIPALITY",BUREMBA ROAD,1264,Human,Mbarara,South Western Region - Mbarara
Deen Pharmacy Ltd,NDA/PRE/RTP/2449,Retail Pharmacy,\N,Kawempe Ttula,Kilokole Road,697,Human,Kampala,Kampala Extra - Akamwesi
VAIDA PHARMACEUTICALS LTD,NDA/PRE/RTP/2459,Retail Pharmacy,\N,TOWN COUNCIL,ILLA ROAD,510,Human,Adjumani,West Nile Region - Arua
MILFAAN PHARMACY LTD,NDA/PRE/RTP/2482,Retail Pharmacy,\N,Duhangura,Road,968,Human,Hoima,Western Region - Hoima
BRISUS INVESTMENTS LIMITED,NDA/PRE/RTP/2499,Retail Pharmacy,\N,WABIGALO-NAMUWONGO,8TH STREET,675,Human,Kampala,Kampala Extra - Akamwesi
BUKWIRI PHARMACY LIMITED,NDA/PRE/RTP/2502,Retail Pharmacy,\N,BUKWIRI,TRADING CENTER,1473,Human,Kyankwanzi,Western Region - Hoima
ASPIN DRUG STORES,NDA/PRE/RTP/2509,Retail Pharmacy,\N,NABINGO,MASAKA ROAD,1828,Human,Wakiso,Kampala Extra - Akamwesi
MOLU PHARMACEUTICALS LTD,NDA/PRE/RTP/2514,Retail Pharmacy,1010164980,"NAKASOZI, BUDDO","NAKASOZI, BUDDO",1587,Human,Wakiso,Kampala Extra - Akamwesi
NAMAYIRIRA PHARMACY LIMITED,NDA/PRE/RTP/2515,Retail Pharmacy,\N,KITARA KIBABI TOWN COUNCIL,ENTEBBE TOWN,1085,Human,Wakiso,Kampala Extra - Akamwesi
LINDA PHARMACY LIMITED,NDA/PRE/RTP/2520,Retail Pharmacy,\N,Kasana Town,Gulu Highway,1080,Human,Luweero,Kampala Extra - Akamwesi
GABA HOLDINGS LIMITED,NDA/PRE/RTP/2522,Retail Pharmacy,1010287959,"BUKOTO, MARKET STAGE",MARKET STAGE,351,Human,Kampala,Kampala Extra - Akamwesi
BERAKHA PHARMA INTERNATIONAL LIMITED,NDA/PRE/RTP/2527,Retail Pharmacy,1010306372,BWEYOGERE TRADING CENTRE OPP NVULE PLAZA,BWEYOGERE,760,Human,Wakiso,Kampala Extra - Akamwesi
CEDAR PHARMACEUTICALS LIMITED,NDA/PRE/RTP/2529,Retail Pharmacy,\N,OPPOSITE NAMUWONGO MARKET,NAMUWONGO,538,Human,Kampala,Kampala Extra - Akamwesi
Nabutto Pharmaceuticals International Ltd,NDA/PRE/RTP/2547,Retail Pharmacy,\N,Luweero Taxi Park,Luweero T.C,1510,Human,Luweero,Kampala Extra - Akamwesi
ASSURED PHARMACY AND COMMUNITY HEALTH SERVICE,NDA/PRE/RTP/2548,Retail Pharmacy,\N,BUSEGA OPPOSITE SHELL,MASAKA RD,1567,Human,Kampala,Kampala Extra - Akamwesi
HEAAT PHARMACY LIMITED,NDA/PRE/RTP/2562,Retail Pharmacy,\N,MUGENDANGI,MUNYONYO,1153,Human,Kampala,Kampala Extra - Akamwesi
GIANT ESTABLISHMENTS LIMITED,NDA/PRE/RTP/2563,Retail Pharmacy,\N,KULEKANA ROAD,SALAAMA,969,Human,Kampala,Kampala Extra - Akamwesi
MALCOM PHARMACUETICALS LTD,NDA/PRE/RTP/2565,Retail Pharmacy,\N,KIBUYE T/C,ENTEBBE RD,1290,Human,Kampala,Kampala Extra - Akamwesi
IMPULSE PHARMACY,NDA/PRE/RTP/2567,Retail Pharmacy,1010097180,"PLOT 34 ABAITA ABABIRI, ENTEBBE",ENTEBBE,2176,Human,Wakiso,Kampala Extra - Akamwesi
GUARDIAN HEALTH LTD,NDA/PRE/RTP/2573,Retail Pharmacy,\N,KANSANGA,GGABA ROAD,777,Human,Kampala,Kampala Extra - Akamwesi
THOLICON MEDICAL SMC LIMITED,NDA/PRE/RTP/2589,Retail Pharmacy,\N,KONGE,LUKULI RD,1956,Human,Kampala,Kampala Extra - Akamwesi
LORD'S GRACE PHARMACY,NDA/PRE/RTP/2599,Retail Pharmacy,\N,BUSIIKA,LUWERO,1722,Human,Luweero,Kampala Extra - Akamwesi
PRESHASA PHARMA LIMITED,NDA/PRE/RTP/2601,Retail Pharmacy,\N,KASUBI,KAWALA ROAD,1655,Human,Kampala,Kampala Extra - Akamwesi
CONCORD PHARMACEUTICALS LTD,NDA/PRE/RTP/2604,Retail Pharmacy,1007648572,MUTUNGO BBINA ZONE IV,BBINA ZONE IV,1294,Human,Kampala,Kampala Extra - Akamwesi
SMILE SERVICES LIMITED,NDA/PRE/RTP/2609,Retail Pharmacy,\N,"MAYA COMPLEX, BULWADDA LUTEETE, KASANGATI T.C",SIR APPOLLO KAGWA RD,1924,Human,Kampala,Kampala Extra - Akamwesi
DYNASTY PHARMACY LIMITED,NDA/PRE/RTP/2628,Retail Pharmacy,\N,Peacock Building Next to Najjera II Market,Kira-Najjera Road,1683,Human,Wakiso,Kampala Extra - Akamwesi
PHARMA VILLE LIMITED,NDA/PRE/RTP/2631,Retail Pharmacy,\N,"PLOT 30, OPP. RUBIS STATION",JINJA KAWEMPE BOMBO RD,1525,Human,Wakiso,Kampala Extra - Akamwesi
AKUBUS PHARMACEUTICALS,NDA/PRE/RTP/2633,Retail Pharmacy,\N,"SURA HOUSE, NEAR ROUNDABOUT",WANI ROAD,1263,Human,Adjumani,West Nile Region - Arua
FASTHEALTH PHARMACY LIMITED,NDA/PRE/RTP/2647,Retail Pharmacy,1017577713,"ROYZ PLAZA, RUBAGA ROAD, KAMPALA","ROYZ PLAZA, RUBAGA ROAD, KAMPALA",788,Human,Kampala,Kampala Extra - Akamwesi
HAPPY PHARMACY LIMITED,NDA/PRE/RTP/2652,Retail Pharmacy,\N,BULAGA BULENGA,MITYANA ROAD,226,Human,Wakiso,Kampala Extra - Akamwesi
NORDIC PHARMACY LTD,NDA/PRE/RTP/2662,Retail Pharmacy,1021880947,GAYAZA TRADING CENTRE,ZIROBWE ROAD,1070,Human,Wakiso,Kampala Extra - Akamwesi
JOET STANDARD PHARMACY LTD,NDA/PRE/RTP/2680,Retail Pharmacy,1017391083,"KYEBANDO CENTRAL, OPP. BUTABA CENTER",OPP. BUTABA CENTER,1565,Human,Kampala,Kampala Extra - Akamwesi
SKY PHARMACY,NDA/PRE/RTP/2701,Retail Pharmacy,\N,PLOT NO. 04 -,CATHEDRAL AVENUE,967,Human,Mbale,Eastern Region - Tororo
J-STONE,NDA/PRE/RTP/2713,Retail Pharmacy,\N,WOBULENZI TOWN COUNCIL,GULU- HIGHWAY,1900,Human,Luweero,Kampala Extra - Akamwesi
PREMIOUS INVESTMENT LIMITED,NDA/PRE/RTP/2717,Retail Pharmacy,\N,KAKUMIRO RD,KAMPALA FORTPORTAL HIGHWAY,892,Human,Mubende,Western Region - Hoima
RYEKO CITY SOLUTIONS LTD,NDA/PRE/RTP/2741,Retail Pharmacy,1023993828,"BULOBA, MITYANA ROAD",MITYANA ROAD,1387,Human,Wakiso,Kampala Extra - Akamwesi
MIST PHARMACY LTD,NDA/PRE/RTP/2765,Retail Pharmacy,\N,"NABWERU, PRINCESS BUILDING",ALONG NABWERU RD,2023,Human,Wakiso,Kampala Extra - Akamwesi
HOJE PHARMACY,NDA/PRE/RTP/2816,Retail Pharmacy,\N,NAMUGOONA NATIONAL HOUSING ESTATE,NAMUGOONA,1829,Human,Kampala,Kampala Extra - Akamwesi
SWISS BUSINESS SOLUTIONS LIMITED,NDA/PRE/RTP/2820,Retail Pharmacy,\N,KASAMBYA,TRADING CENTRE,1176,Human,Mubende,Western Region - Hoima
RUMARONS GENERAL DEALERS LIMITED,NDA/PRE/RTP/2828,Retail Pharmacy,\N,"FORTE BET BLD'G, BULENGA TOWN",KAMPALA - MITYANA ROAD,766,Human,Wakiso,Kampala Extra - Akamwesi
ATOM PROPERTY SOLUTIONS LIMITED,NDA/PRE/RTP/2871,Retail Pharmacy,\N,"PLOT 165, HOUSE OF SABIN",KAWEMPE,714,Human,Kampala,Kampala Extra - Akamwesi
GUARDIAN HEALTH PHARMACY LTD,NDA/PRE/RTP/2913,Retail Pharmacy,\N,"CENTER PLAZA,",KITINTALE,777,Human,Kampala,Kampala Extra - Akamwesi
PHERRYMEDIC LIMITED,NDA/PRE/RTP/2915,Retail Pharmacy,\N,ZONE 6,BANDA,1751,Human,Kampala,Kampala Extra - Akamwesi
GDK PHARMACY LTD,NDA/PRE/RTP/2985,Retail Pharmacy,1050041932,Kasangati Shopping Centre next to Shell Petrol Station,Next to Shell Petrol Station,1350,Human,Wakiso,Kampala Extra - Akamwesi
LUBULA PHARMACY LIMITED,NDA/PRE/RTP/2990,Retail Pharmacy,\N,MARKET STREET,KARIBUNI LANE,1227,Human,Masindi,Western Region - Hoima
REHMA CARE PHARMACY LIMITED,NDA/PRE/RTP/3008,Retail Pharmacy,\N,UMOJA HOUSE MPONDWE CUSTOMS,LHUBIRIHA-MPONDWE ROAD,1523,Human,Kasese,South Western Region - Mbarara
BOOM HEALTH PHARMA LTD,NDA/PRE/RTP/3021,Retail Pharmacy,\N,KIWATULE,NAJJERA ROAD,447,Human,Kampala,Kampala Extra - Akamwesi
MEDSAFE PHARMACEUTICALS LIMITED,NDA/PRE/RTP/3041,Retail Pharmacy,\N,KOSOVO TRADING CENTRE,BUSEGA,613,Human,Kampala,Kampala Extra - Akamwesi
BIRO PHARMACY LIMITED,NDA/PRE/RTP/3043,Retail Pharmacy,1019579969,"NDEEBA, KALINDA ROAD",KALINDA ROAD,2205,Human,Kampala,Kampala Extra - Akamwesi
M2M PHARMACEUTICALS (U)LTD,NDA/PRE/RTP/3057,Retail Pharmacy,\N,MAGAMAGA TRADING CENTER,JINJA / IGANGA HIGHWAY,681,Human,Mayuge,South Eastern Region - Jinja
NEW LIFE PHARMACY LIMITED,NDA/PRE/RTP/3072,Retail Pharmacy,\N,KISOTE PLAZA,NAGONGERA RD,598,Human,Tororo,Eastern Region - Tororo
MAMRE PHARMACY LIMITED,NDA/PRE/RTP/3075,Retail Pharmacy,1009496857,"BULAGA TRADING CENTRE, ALONG MITYANA RD","BULAGA TRADING CENTRE, ALONG MITYANA RD",846,Human,Wakiso,Kampala Extra - Akamwesi
CLICKS PHARMACY LIMITED,NDA/PRE/RTP/3139,Retail Pharmacy,\N,Rukungiri Municipality,ALONG KAGUTA ROAD,1442,Human,Ntungamo,South Western Region - Mbarara
MILPAT PHARMACY LIMITED,NDA/PRE/RTP/3155,Retail Pharmacy,\N,Kyanyanya trading center,Mityana Road Buloba,1217,Human,Wakiso,Kampala Extra - Akamwesi
CAMRAD PHARMACEUTICALS LTD,NDA/PRE/RTP/3160,Retail Pharmacy,\N,KIGUNGA,SEETA,1028,Human,Mukono,South Eastern Region - Jinja
SATIVA PHARMACY LTD,NDA/PRE/RTP/3197,Retail Pharmacy,1051744610,"ARCH COMPLEX BUILDING , BULINDO","ARCH COMPLEX BUILDING , BULINDO",2306,Human,Wakiso,Kampala Extra - Akamwesi
KITARA VET PHARMACY LIMITED,NDA/PRE/RTP/3290,Retail Pharmacy,\N,MASINDI MUNICIPALITY,PORT ROAD,1120,Veretinary,Masindi,Western Region - Hoima
QUEENING PHARMACY,NDA/PRE/RTP/3312,Retail Pharmacy,\N,JOGGO TRADING CENTRE,JOGGO-BUKERERE RD,843,Human,Mukono,South Eastern Region - Jinja
WELL &GOOD PHARMACY,NDA/PRE/RTP/3326,Retail Pharmacy,\N,KIRA TOWN COUNCIL,KIRA-KASANGATI RD,1033,Human,Wakiso,Kampala Extra - Akamwesi
VAINCRE PHARMACY,NDA/PRE/RTP/3331,Retail Pharmacy,\N,OPP. STANDARD HIGH SCHOOL,ALONG ZANA-NYANAMA RD,889,Human,Wakiso,Kampala Extra - Akamwesi
MODI PHARMACEUTICALS LIMITED,NDA/PRE/RTP/3350,Retail Pharmacy,\N,KAYUNGA T.C,HOSPITAL LANE,1072,Human,Kayunga,South Eastern Region - Jinja
MASAKA VET PHARMACY LIMITED,NDA/PRE/RTP/3366,Retail Pharmacy,\N,Plot 9/11,BUDDU STREET,548,Veretinary,Masaka,Central Regional Office - Masaka
ROANNA 18 FAMILY ENTERPRISES LIMITED,NDA/PRE/RTP/3367,Retail Pharmacy,\N,RUTI,KABALE,978,Human,Mbarara,South Western Region - Mbarara
ALTRAN UGANDA LIMITED,NDA/PRE/RTP/3374,Retail Pharmacy,1010491542,"KANABA CELL 1 NDEJJE, MAKINDYE SSABAGABO MUNICIPALITY",MAKINDYE SSABAGABO MUNICIPALITY,1179,Human,Wakiso,Kampala Extra - Akamwesi
KIVAROCK INTERNATIONAL LIMITED,NDA/PRE/RTP/3413,Retail Pharmacy,1043269264,MIGEERA TOWN,COUNCIL,1182,Human,Nakasongola,Kampala Extra - Akamwesi
FAVOUR PHARMACEUTICALS LIMITED,NDA/PRE/RTP/3415,Retail Pharmacy,\N,SEVEN SISTERS HOUSE,NANSANA HOIMA ROAD,1632,Human,Wakiso,Kampala Extra - Akamwesi
TRELJO PHARMACEUTICALS,NDA/PRE/RTP/3431,Retail Pharmacy,\N,BUJJUKO T/C,0FF SENTEMA RD ALONG KYEBANDO-NANSANA RD,603,Human,Wakiso,Kampala Extra - Akamwesi
EASTLAND PHARMACY-SMC LIMITED,NDA/PRE/RTP/3432,Retail Pharmacy,\N,BUGEMBE,TOWN COUNCIL,1254,Human,Jinja,South Eastern Region - Jinja
MERADANN PHARMACEUTICALS SERVICES LTD,NDA/PRE/RTP/3459,Retail Pharmacy,\N,PLOT NO. - MARKET SQUARE,MBALE-SOROTI RD,1958,Human,Bukedea,North Eastern Region - Soroti
RWEBISENGO PHARMACY,NDA/PRE/RTP/3462,Retail Pharmacy,\N,Rwebisengo,Ntoroko Rd,1237,Human,Ntoroko,Western Region - Hoima
THE LULEZ PHARMACY LIMITED,NDA/PRE/RTP/3466,Retail Pharmacy,\N,KIBIBI,TOWN COUNCIL,1260,Human,Butambala,Central Regional Office - Masaka
UMUCO PHARMACEUTICALS LTD,NDA/PRE/RTP/3467,Retail Pharmacy,\N,MASAJJA PARISH,MAKINDYE SSABAGABO MUNICIPALITY,1872,Human,Wakiso,Kampala Extra - Akamwesi
VIGOR MEDICAL SERVICES LTD,NDA/PRE/RTP/3478,Retail Pharmacy,1012741973,NDEJJE NAMASUBA OFF ENTEBBE RD,NAMASUBA OFF ENTEBBE RD,2196,Human,Wakiso,Kampala Extra - Akamwesi
GOD'S WAY PHARMACY KIBAALE LTD,NDA/PRE/RTP/3492,Retail Pharmacy,\N,KARUGUUZA TOWN,KIRIGWAIJO STRT,1745,Human,Kibaale,Western Region - Hoima
JNN PHARMACEUTICALS LTD,NDA/PRE/RTP/3503,Retail Pharmacy,\N,NSANGI T/C NEAR POLICE,ALONG MASAKA RD,1268,Human,Wakiso,Kampala Extra - Akamwesi
SUNRISE PHARMACY LIMITED,NDA/PRE/RTP/3509,Retail Pharmacy,1012822897,"DAGORETTI HOUSE - OPP HASS PETROL STATION, MBALE-K'RWA HIGHWAY","DAGORETTI HOUSE - OPP HASS PETROL STATION, MBALE-K'RWA HIGHWAY",1932,Human,Kapchorwa,Eastern Region - Tororo
ASPIRE HOLDINGS LIMITED,NDA/PRE/RTP/3515,Retail Pharmacy,\N,Kansanga,Gaba,807,Human,Kampala,Kampala Extra - Akamwesi
RUTH HEALTH PHARMACY,NDA/PRE/RTP/3526,Retail Pharmacy,\N,S AND S SHOPPING MALL NKUMBA,ENTEBBE ROAD,1207,Human,Wakiso,Kampala Extra - Akamwesi
GOD'S CARE ROYAL PHARMACY LIMITED,NDA/PRE/RTP/3527,Retail Pharmacy,\N,kitgum town Market street,Market street,987,Human,Kitgum,Northern Region - Lira
EXTRA HEALTH PHARMA (U) LTD,NDA/PRE/RTP/3530,Retail Pharmacy,\N,Kangulumira,Town,1698,Human,Kayunga,South Eastern Region - Jinja
ST. FLORA PHARMACEUTICAL LIMITED,NDA/PRE/RTP/3531,Retail Pharmacy,\N,High,Street,1297,Human,Lyantonde,South Western Region - Mbarara
NIMARO RWOT PHARMACY,NDA/PRE/RTP/3546,Retail Pharmacy,1010549780,"PLOT 19 JANAN LUWUM STREET, kitgum municipality",PLOT 19 JANAN LUWUM STREET,1182,Veretinary,Kitgum,Northern Region - Lira
CHARIS PHARMACEUTICALS LIMITED,NDA/PRE/RTP/3552,Retail Pharmacy,\N,"Plot 192, lweza",Entebbe road,1389,Human,Wakiso,Kampala Extra - Akamwesi
SPENCE PHARMACEUTICALS LTD,NDA/PRE/RTP/3559,Retail Pharmacy,\N,PLOT NO. 11 -,MAJANJI ROAD -,1551,Human,Busia,Eastern Region - Tororo
ZEST PHARMACY LIMITED,NDA/PRE/RTP/3581,Retail Pharmacy,\N,"WAKISO TOWN TAXI STAGE, LATE KIBUUKA BLD'G",HOIMA HIGHWAY,1658,Human,Wakiso,Kampala Extra - Akamwesi
GARUGA PHARMACY,NDA/PRE/RTP/3589,Retail Pharmacy,\N,Entebbe Bugabo Village,Garuga Racing Village,1291,Human,Wakiso,Kampala Extra - Akamwesi
GIANT SHALOM ENTERPRISES (U) LTD,NDA/PRE/RTP/3599,Retail Pharmacy,\N,"Nyamwisi house, Busunga T/C",Thaddeo kallisa,1054,Human,Bundibugyo,Western Region - Hoima
MRC/UVRI &LSHTM RESEARCH UNIT,NDA/PRE/RTP/3621,Retail Pharmacy,1000028121,"PLOT 2-5 NTIKKO ROAD, KATWE - MASAKA","PLOT 2-5 NTIKKO ROAD, KATWE - MASAKA",1169,Human,Masaka,Central Regional Office - Masaka
LEVITICUS ENTERPRISES LIMITED,NDA/PRE/RTP/3622,Retail Pharmacy,\N,Nyahuka T.C,Bundibugyo Main Street,1026,Human,Bundibugyo,Western Region - Hoima
STEADY FAST QUALITY CARE LIMITED,NDA/PRE/RTP/3623,Retail Pharmacy,\N,KIRINYA NAMATABA,KIRA MUNICIPALITY,1318,Human,Wakiso,Kampala Extra - Akamwesi
FIRST CHOICE PHARMACEUTICALS LIMITED,NDA/PRE/RTP/3648,Retail Pharmacy,\N,"PLOT 76, FLORENCE MEMORIAL HOUSE",BOUNDRY ROAD,1277,Human,Lira,Northern Region - Lira
UGANDA-CWRU RESEARCH COLLABORATION,NDA/PRE/RTP/3650,Retail Pharmacy,1000103232,UPPER MULAGO HILL RD,UPPER MULAGO HILL,448,Human,Kampala,Kampala Extra - Akamwesi
MU-JHU CARE LTD,NDA/PRE/RTP/3667,Retail Pharmacy,1000404643,MUJHU RESEARCH HOUSE,UPPER MULAGO HILL,464,Human,Kampala,Kampala Extra - Akamwesi
YAT KWO HEALTH CARE LIMITED,NDA/PRE/RTP/3690,Retail Pharmacy,\N,OLAYILONG MARKET,SIR SAMUEL BAKER ROAD,987,Human,Gulu,Northern Region - Lira
NOELLA PHARMACY-SMC LIMITED,NDA/PRE/RTP/3695,Retail Pharmacy,1052174534,"MASAJJA NEAR PREMIER HIGH SCHOOL, BUSABALA ROAD",BUSABALA ROAD,936,Human,Wakiso,Kampala Extra - Akamwesi
TOSI LIMITED,NDA/PRE/RTP/3708,Retail Pharmacy,\N,Namawojjolo,KATOSI TOWN,842,Human,Mukono,South Eastern Region - Jinja
Norin Pharmaceuticals Limited,NDA/PRE/RTP/3710,Retail Pharmacy,\N,Ojwina division,Juba Rd,1761,Human,Lira,Northern Region - Lira
WELLCARE POINT PHARMACY LTD,NDA/PRE/RTP/3713,Retail Pharmacy,1015709355,"KYEBANDO STAGE, OPP. SHELL","NANSANA, OFF HOIMA RD",1685,Human,Wakiso,Kampala Extra - Akamwesi
NINAPHARM PHARMACY,NDA/PRE/RTP/3734,Retail Pharmacy,\N,KAYIRA HENRY'S BLD'G,MUTUKULA BORDER TOWN,1882,Human,Kyotera,Central Regional Office - Masaka
MBALE CLINICAL RESEARCH INSTITUTE LIMITED (BY GUARANTEE),NDA/PRE/RTP/3755,Retail Pharmacy,\N,MBALE,PALLISA RD,986,Human,Mbale,Eastern Region - Tororo
JOSLAN HUMOVET PHARMACY LIMITED,NDA/PRE/RTP/3758,Retail Pharmacy,\N,PLOT NO. 02 -,MARKET STREET - TOWN,757,Human,Kakumiro,North Eastern Region - Soroti
MALCOM PHARMA-CEUTICAL KAKUMIRO LIMITED,NDA/PRE/RTP/3771,Retail Pharmacy,\N,Kakumiro Town Council,"Eriyeza Street,",1270,Human,Kakumiro,Western Region - Hoima
YAFFE PHARMACY LIMITED,NDA/PRE/RTP/3780,Retail Pharmacy,1014048228,SSANGA GOMBE,SUBCOUNTY,2217,Human,Wakiso,Kampala Extra - Akamwesi
KWAGALIZA ANDREW INVESTIMENT LIMITED,NDA/PRE/RTP/3781,Retail Pharmacy,\N,OPPOSITE KAVANGO,PETROL STATION -HOIMA RD,1299,Human,Mityana,Western Region - Hoima
MEDIPAL INTERNATIONAL HEALTHCARE LIMITED,NDA/PRE/RTP/3790,Retail Pharmacy,1009455064,Inside Medipal International Hospital,Plot 1A Lower Kololo Terrace,657,Human,Kampala,Kampala Extra - Akamwesi
MIDLIFE GROUP OF COMPANIES LTD,NDA/PRE/RTP/3802,Retail Pharmacy,1013878064,KAJJANSI TOWN COUNCIL,ENTEBBE RD,628,Human,Wakiso,Kampala Extra - Akamwesi
VETCARE PHARMACY,NDA/PRE/RTP/3803,Retail Pharmacy,\N,HOIMA TOWN,KWEBIIHA RD,1206,Veretinary,Hoima,Western Region - Hoima
LLOYDS PHARMACY UGANDA LIMITED,NDA/PRE/RTP/3813,Retail Pharmacy,\N,KAPEKA TOWN,NAKAWUKA ROAD,1339,Human,Wakiso,Kampala Extra - Akamwesi
KEN ALPHA PHARMACY(SMC) LTD,NDA/PRE/RTP/3837,Retail Pharmacy,\N,MARABER BUILDING,JUBA ROAD,1298,Human,Lira,Northern Region - Lira
MDWILLS PHARMACY (MDW) LIMITED,NDA/PRE/RTP/3860,Retail Pharmacy,\N,"Division A Katabi, Busambaga",Sewabuga Road,1689,Human,Wakiso,Kampala Extra - Akamwesi
ABIINUELLA BUSINESS CO. LIMITED,NDA/PRE/RTP/3894,Retail Pharmacy,1014429093,"KIGOGWA TRADING CENTRE, BOMBO ROAD",BOMBO ROAD,1099,Human,Wakiso,Kampala Extra - Akamwesi
SUPRAZE LIMITED,NDA/PRE/RTP/3901,Retail Pharmacy,\N,KATOOKE TOWN COUNCIL,,1133,Human,Kyenjojo,Western Region - Hoima
THE MEDICAL CONCIERGE GROUP LIMITED,NDA/PRE/RTP/3904,Retail Pharmacy,\N,"PLOT 6, MUWESI RD",Mirembe Business Centre Lugogo By-Pass,595,Human,Kampala,Kampala Extra - Akamwesi
Bombo Pharmacy Ltd,NDA/PRE/RTP/3918,Retail Pharmacy,\N,Bombo T/C,Kinyo Road,1266,Human,Luweero,Kampala Extra - Akamwesi
Rubangangeyo Pharmacy,NDA/PRE/RTP/3921,Retail Pharmacy,\N,PALABEK TOWN COUNCIL,Apila Road,1115,Human,Kitgum,Northern Region - Lira
KAKOOKO PHARMACY LIMITED,NDA/PRE/RTP/3922,Retail Pharmacy,\N,Hoima,Persy road,1145,Human,Hoima,Western Region - Hoima
Atamba Pharmaceuticals (U) Limited,NDA/PRE/RTP/3925,Retail Pharmacy,\N,Rushere Town Council,Kazo Road,1282,Human,Kiruhura,South Western Region - Mbarara
THE INFECTIOUS DISEASES INSTITUTE LIMITED,NDA/PRE/RTP/3928,Retail Pharmacy,\N,Mulago Hospital Complex,MULAGO,529,Human,Kampala,Kampala Extra - Akamwesi
PHOTONSPEED PHARMACY,NDA/PRE/RTP/3943,Retail Pharmacy,\N,Kasana Trading Center,Bukuma Road,1084,Human,Luweero,Kampala Extra - Akamwesi
BAYLOR COLLEGE OF MEDICINE CHILDRENS FOUNDATION UGANDA,NDA/PRE/RTP/3945,Retail Pharmacy,1000098610,Block 5 Mulago National Referral Hospital,National Referral Hospital,488,Human,Kampala,Kampala Extra - Akamwesi
BMJPLUS COMPANY LIMITED,NDA/PRE/RTP/3946,Retail Pharmacy,\N,WAMALA TRADING CENTRE,NANSANA MUNICIPALITY,1287,Human,Wakiso,Kampala Extra - Akamwesi
BAVANNAH PHARMACY LTD,NDA/PRE/RTP/3949,Retail Pharmacy,\N,BONGOLE VILLAGE - ZANTA,NDEJJE RD,1309,Human,Wakiso,Kampala Extra - Akamwesi
TAMAH PHARMACY LTD,NDA/PRE/RTP/3950,Retail Pharmacy,\N,"Kasasa Kalambi, Opp. St Joseph","Medical Centre, Mityana Rd",856,Human,Wakiso,Kampala Extra - Akamwesi
SUMA PHARMACY LIMITED,NDA/PRE/RTP/3951,Retail Pharmacy,1013997961,NAKALOKE TOWN COUNCIL,NAKALOKE TOWN COUNCIL,1621,Human,Mbale,Eastern Region - Tororo
YAQ PHARMACY LTD,NDA/PRE/RTP/3955,Retail Pharmacy,\N,MAPEERA ZONE,RUBAGA DIVISION,474,Human,Kampala,Kampala Extra - Akamwesi
HOLY CARE MEDICAL CENTRE,NDA/PRE/RTP/3959,Retail Pharmacy,\N,"CENTER BUILDING, NSAWO KIRA","KIREKA,",1321,Human,Wakiso,Kampala Extra - Akamwesi
JOINT CLINICAL RESEARCH CENTRE LIMITED,NDA/PRE/RTP/3967,Retail Pharmacy,1000030565,PLOT 101 LUBOWA ESTATES,OFF ENTEBBE ROAD,401,Human,Wakiso,Kampala Extra - Akamwesi
SCORPIUS INVESTMENTS LIMITED,NDA/PRE/RTP/3968,Retail Pharmacy,\N,"NANGABO,",KASANGATI TOWN COUNCIL,1995,Human,Wakiso,Kampala Extra - Akamwesi
EVERSAVE PHARMACY LTD,NDA/PRE/RTP/3969,Retail Pharmacy,\N,PLOT NO. 12 -,STATION ROAD,1795,Human,Tororo,Eastern Region - Tororo
COMPREHENSIVE REHABILITATION SERVICES FOR PEOPLE WITH DISABILITIES IN UGANDA (CORSU) LTD,NDA/PRE/RTP/3971,Retail Pharmacy,1000289976,KISUBI- KAWUKU,"Kisubi Mission LC1, Kawuku Village",803,Human,Wakiso,Kampala Extra - Akamwesi
FINE CARE PHARMACEUTICALS &MEDICAL SERVICES,NDA/PRE/RTP/3978,Retail Pharmacy,\N,LUFUKA,KIBIRA ZONE B,1475,Human,Wakiso,Kampala Extra - Akamwesi
LIFETIME PHARMACY LIMITED,NDA/PRE/RTP/3990,Retail Pharmacy,\N,"KUNGU VILLAGE,",NAJEERA TOWN,1292,Human,Wakiso,Kampala Extra - Akamwesi
UGANDA CANCER INSTITUTE,NDA/PRE/RTP/3998,Retail Pharmacy,1001133427,MULAGO HILL,ROAD,1046,Human,Kampala,Kampala Extra - Akamwesi
Wealth Life Pharmacy,NDA/PRE/RTP/4018,Retail Pharmacy,1014749935,Mafubira,Jinja-Kamuli,960,Human,Jinja,South Eastern Region - Jinja
CASTOR PHARMACY LIMITED,NDA/PRE/RTP/4031,Retail Pharmacy,\N,KASOMA ZONE - LUWEERO DISTRICT,KIWOKO ROAD,1850,Human,Luweero,Kampala Extra - Akamwesi
VICTOR HEALTH SERVICES,NDA/PRE/RTP/4036,Retail Pharmacy,\N,kalisizo,Town Council,1479,Human,Kyotera,Central Regional Office - Masaka
KIBOWA PHARMACEUTICALS,NDA/PRE/RTP/4067,Retail Pharmacy,\N,ZIGOTI TOWN COUNCIL,BUKUYA-KASANDA,1279,Human,Mubende,Western Region - Hoima
GIA - NET LIMITED,NDA/PRE/RTP/4084,Retail Pharmacy,\N,Bukasa Trading Center,Kirinya - Bukasa Road,957,Human,Wakiso,Kampala Extra - Akamwesi
ALLANZ PHARMACEUTICALS LTD,NDA/PRE/RTP/4087,Retail Pharmacy,\N,PLOT8 / 8A,TOUNGUE STREET,1344,Human,Masindi,Western Region - Hoima
DANNEL PLUS PHARMACEUTICAL COMPANY LIMITED,NDA/PRE/RTP/4105,Retail Pharmacy,\N,KYAZANGA TOWN,TOWN,1127,Human,Lwengo,Central Regional Office - Masaka
LIFE CHECK PHARMACY LTD,NDA/PRE/RTP/4110,Retail Pharmacy,\N,nsambya cell,Kampala road,870,Human,Arua,West Nile Region - Arua
JOSANA ELEGANT PHARMACEUTICALS LTD,NDA/PRE/RTP/4117,Retail Pharmacy,\N,NABBINGO,TRINITY COLLEGE RD,1438,Human,Wakiso,Kampala Extra - Akamwesi
LE MEMORIAL MEDICAL SERVICES LIMITED,NDA/PRE/RTP/4129,Retail Pharmacy,\N,WITHIN LE MEMORIAL MEDICAL SERVICES,"KITIKO-KIGO RD, OFF ENTEBBE RD",1386,Human,Wakiso,Kampala Extra - Akamwesi
EVANA PHARMACY LTD,NDA/PRE/RTP/4130,Retail Pharmacy,\N,TUKOLE BUKOZI BUILDING BUSIIKA,MPERERWE,1810,Human,Kampala,Kampala Extra - Akamwesi
JESSE PHARMACY LTD,NDA/PRE/RTP/4131,Retail Pharmacy,\N,"OPP. ECO PETROL STATION , KIREKA",KINAWATAKA RD,1353,Human,Wakiso,Kampala Extra - Akamwesi
AYUPA - DESIRE ENTERPRISES LIMITED,NDA/PRE/RTP/4146,Retail Pharmacy,\N,MUKURA T/C - NGORA,KAKA LANE/NGORA RD,1323,Human,Kakumiro,North Eastern Region - Soroti
MUKAMA KYAKUWA PHARMACY,NDA/PRE/RTP/4148,Retail Pharmacy,1014984026,GAYAZA T/C NEXT TO,STABEX PETROL STATION,842,Human,Wakiso,Kampala Extra - Akamwesi
ST. BENEDICT MK PHARMACY LTD,NDA/PRE/RTP/4163,Retail Pharmacy,1015880503,"Kabundaire market cell, after Guardens Restaurant",Milline rd,1063,Human,Kabarole,Western Region - Hoima
TMHC Pharmacy,NDA/PRE/RTP/4164,Retail Pharmacy,\N,Lyantonde Town Council,Opposite Stanbic Bank,248,Human,Lyantonde,South Western Region - Mbarara
LUCY'Z PHARMACY LTD,NDA/PRE/RTP/4168,Retail Pharmacy,\N,KASASA TRADING CENTER,BULAGA VILLAGE,1565,Human,Wakiso,Kampala Extra - Akamwesi
JANAT PHARMACY LIMITED,NDA/PRE/RTP/4174,Retail Pharmacy,\N,GOMBE TOWN COUNCIL,OPP. GOMBE HOSPITAL,1644,Human,Butambala,Central Regional Office - Masaka
ALIKA-N PHARMACY LTD,NDA/PRE/RTP/4185,Retail Pharmacy,\N,NAKIVALE REFUGEE CAMP,NEW CONGO ZONE,1376,Human,Isingiro,South Western Region - Mbarara
DOCTOR MALIX PHARMA UGANDA LIMITED,NDA/PRE/RTP/4199,Retail Pharmacy,1001447683,"TRANSPORT ROAD, NEXT TO ML FOREX BUREAU",TRANSPORT ROAD,\N,Human,Arua,West Nile Region - Arua
BONUS PHARMACY LIMITED,NDA/PRE/RTP/4208,Retail Pharmacy,1015031301,"KATAMBA BUILDING , BUKOMANSIMBI T/C",",SEMBABULE RD",1849,Human,Bukomansimbi,Central Regional Office - Masaka
DEMOCARE PHARMACY LTD,NDA/PRE/RTP/4220,Retail Pharmacy,\N,LUWERO TOWN,KIKUUBO LANE,1691,Human,Luweero,Kampala Extra - Akamwesi
KITEMU HEALTH GROUP LIMITED,NDA/PRE/RTP/4221,Retail Pharmacy,\N,KITEMU T/C KAYEMBA ZONE,MASAKA RD,1843,Human,Wakiso,Kampala Extra - Akamwesi
C &V MEDICAL SERVICES LIMITED,NDA/PRE/RTP/4231,Retail Pharmacy,1017204132,"St Agnes Business Centre, Kirinya-Bukasa Road",BUKASA RD,1771,Human,Wakiso,Kampala Extra - Akamwesi
HIDDEN TREASURE PHARMACY LTD,NDA/PRE/RTP/4247,Retail Pharmacy,\N,"KKM PLAZA, KASANGATI",KYANKIMA RD,919,Human,Wakiso,Kampala Extra - Akamwesi
BYAMUJA COMPANY LIMITED,NDA/PRE/RTP/4259,Retail Pharmacy,1008126996,MAKINDYE SSABAGABO,NDEJJE RD,384,Human,Wakiso,Kampala Extra - Akamwesi
EMERALD PHARMACY LTD,NDA/PRE/RTP/4262,Retail Pharmacy,\N,LUSANJA T/C,KITEEZI-BUWAMBO RD,1209,Human,Wakiso,Kampala Extra - Akamwesi
LIFESCOPE 248 PHARMACEUTICAL LIMITED,NDA/PRE/RTP/4280,Retail Pharmacy,\N,Wantoni,KIkooza Road,1356,Human,Mukono,South Eastern Region - Jinja
MAKULA HEALTH CARE COMPANY LIMITED,NDA/PRE/RTP/4285,Retail Pharmacy,\N,"BLOCK 338, MOSES' BLD'G",KANONI ROAD,2016,Human,Gomba,Central Regional Office - Masaka
J &J PHARMACEUTICALS AND MEDICALS SERVICES L,NDA/PRE/RTP/4303,Retail Pharmacy,\N,OPP KALISIZO HOSPITAL -,KYOTERA,1337,Human,Kyotera,Central Regional Office - Masaka
ADP PHARMACY LIMITED,NDA/PRE/RTP/4304,Retail Pharmacy,\N,"FARMERS CENTRE ROOM FCB04 &FCB05,","NAKIVUBO PLACE,",823,Veretinary,Kampala,Kampala Extra - Akamwesi
MSEK HEALTH CENTRE - SMC LTD,NDA/PRE/RTP/4318,Retail Pharmacy,\N,KITEMU TRADING CENTER,MASAKA ROAD,1720,Human,Wakiso,Kampala Extra - Akamwesi
UPLAND PHARMACEUTICALS-SMC LTD,NDA/PRE/RTP/4325,Retail Pharmacy,1028845319,"TWEBAZE ALEX'S BUILDING, TASO VILLAGE, MBARARA CITY",TASO VILLAGE,1779,Human,Mbarara,South Western Region - Mbarara
WILMA PHARMACY LTD,NDA/PRE/RTP/4326,Retail Pharmacy,\N,NEAR LADY LIZ G/H -,EMOKORI RD,1322,Human,Bukedea,North Eastern Region - Soroti
JACKSON AND KINTU (J &K) PHARMACY LTD,NDA/PRE/RTP/4338,Retail Pharmacy,1015143890,"NAMUNGOONA - LUYINJA, NAKIBINGE ROAD",NAKIBINGE ROAD,1414,Human,Kampala,Kampala Extra - Akamwesi
FESHA INVESTMENT LIMITED,NDA/PRE/RTP/4353,Retail Pharmacy,\N,KITUKUTWE,TRADING CENTRE,1992,Human,Wakiso,Kampala Extra - Akamwesi
ZEKIAH PHARMACY LIMITED,NDA/PRE/RTP/4367,Retail Pharmacy,1028536024,KASANDA T.C,OPP. KASANDA HEALTH CENTER IV,1716,Human,Kasanda,Western Region - Hoima
NS PHARMACEUTICALS 2023 - SMC LIMITED,NDA/PRE/RTP/4373,Retail Pharmacy,1025710383,"PLOT 6 MARKET STREET, AWERE CELL, LAROO-PECE DIVISION, GULU",Market street Rd,1758,Human,Gulu,Northern Region - Lira
BANAKAWUKA PHARMACUETICALS LIMITED,NDA/PRE/RTP/4377,Retail Pharmacy,1015356900,"NAKAWUKA, OPP STABEX","NAKAWUKA, OPP STABEX",2079,Human,Wakiso,Kampala Extra - Akamwesi
BUTIKIRO HEALTHCARE LIMITED,NDA/PRE/RTP/4386,Retail Pharmacy,\N,KYANYANYA BULOBA,MITYANA RD,1346,Human,Wakiso,Kampala Extra - Akamwesi
ESCRIVA MEDICAL CONSULTS LTD,NDA/PRE/RTP/4392,Retail Pharmacy,\N,RAKAI TOWN COUNCIL,HOSPITAL ROAD,1001,Human,Rakai,Central Regional Office - Masaka
Baya Vet Services Limited,NDA/PRE/RTP/4395,Retail Pharmacy,\N,"Cell 1, Park Ward, Ntungamo",Old Kabale-Mbarara Rd,575,Veretinary,Ntungamo,South Western Region - Mbarara
LWOSA (U) LIMITED,NDA/PRE/RTP/4409,Retail Pharmacy,\N,KASANA,MARKET ROAD,1531,Human,Luweero,Kampala Extra - Akamwesi
I AM PHARMACY LIMITED,NDA/PRE/RTP/4413,Retail Pharmacy,1015420326,"KAZO CENTRAL 1, NANSANA MUNICIPALITY",KAZO WARD,1893,Human,Wakiso,Kampala Extra - Akamwesi
RAFELA PHARMACY SMC LTD,NDA/PRE/RTP/4419,Retail Pharmacy,\N,CORNER KAMDINI,GULU ROAD,1298,Human,Oyam,Northern Region - Lira
DELTA PHARMACY KOBOKO,NDA/PRE/RTP/4427,Retail Pharmacy,\N,MAIN STREET KOBOKO MUNICIPALITY,MAIN STREET KOBOKO MUNICIPALITY,1390,Human,Koboko,West Nile Region - Arua
WEREDWONG PHARMACEUTICAL CO. LTD,NDA/PRE/RTP/4447,Retail Pharmacy,\N,Angopet Cell,MAJANGA ROAD - NAGONGERA TOWN,1155,Human,Tororo,Eastern Region - Tororo
BISMILLAH PHARMACY LTD,NDA/PRE/RTP/4470,Retail Pharmacy,\N,"KITEBI,",BUNAMWAYA,763,Human,Kampala,Kampala Extra - Akamwesi
PLATINUM PLUS UGANDA LIMITED,NDA/PRE/RTP/4483,Retail Pharmacy,\N,YUMUSCO COUNTRY INN BLD'G,MAIN STREET,1830,Human,Hoima,Western Region - Hoima
REACH UP PHARMACY LTD,NDA/PRE/RTP/4500,Retail Pharmacy,\N,NANSANA MUNICIPALITY,KATOOKE-WAMALA ROAD,1137,Human,Wakiso,Kampala Extra - Akamwesi
MEDS AND MORE COMPANY LIMITED,NDA/PRE/RTP/4515,Retail Pharmacy,\N,"KISAASI-BAHAI ROAD,",KANISA ZONE,360,Human,Kampala,Kampala Extra - Akamwesi
ST. JUDE PHARMACY LIMITED,NDA/PRE/RTP/4534,Retail Pharmacy,1007711546,ALONG MASIRO ROAD,KASUBI,655,Human,Kampala,Kampala Extra - Akamwesi
ABAKITARA FARM SUPPLIES-SMC LIMITED,NDA/PRE/RTP/4547,Retail Pharmacy,\N,BUS PARK,BUS PARK,1333,Veretinary,Hoima,Western Region - Hoima
OUR YORK PHARMACY (U) LIMITED,NDA/PRE/RTP/4548,Retail Pharmacy,1015700045,NALUGALA VILLAGE,KATABI TOWN COUNCIL,953,Human,Wakiso,Kampala Extra - Akamwesi
MAYO PHARMACY,NDA/PRE/RTP/4564,Retail Pharmacy,\N,"SEGUKU,",MASITOWA,766,Human,Wakiso,Kampala Extra - Akamwesi
CIVIN PHARMACY (U) LTD,NDA/PRE/RTP/4567,Retail Pharmacy,1006283330,"PLOT 84 SISSA, KASANJE",KASANJE-,1402,Human,Wakiso,Kampala Extra - Akamwesi
EDKAM PHARMACY-SMC LIMITED,NDA/PRE/RTP/4569,Retail Pharmacy,\N,MPIGI TOWN,KALAGALA RD,1285,Human,Mpigi,Central Regional Office - Masaka
APPLE TRUST ENTERPRISES LTD,NDA/PRE/RTP/4575,Retail Pharmacy,1015794142,"BWIZIBWERA TRADING CENTRE, MAIN MBARARA",MAIN ROAD,1842,Human,Mbarara,South Western Region - Mbarara
NTHIMON INVESTMENTS - SMC LTD,NDA/PRE/RTP/4576,Retail Pharmacy,\N,MUNICIPALITY,KITALE RD,1155,Human,Moroto,North Eastern Region - Soroti
MEDICUS GLOBAL CARE LIMITED,NDA/PRE/RTP/4582,Retail Pharmacy,\N,BUWATE,NAJJERA RD,1060,Human,Wakiso,Kampala Extra - Akamwesi
3T PHARMACEUTICAL COMPANY LTD,NDA/PRE/RTP/4583,Retail Pharmacy,\N,NUMAK COMPLEX,NAMIREMBE RD,2049,Human,Kampala,Kampala Extra - Akamwesi
RAD PHARMACY LIMITED,NDA/PRE/RTP/4584,Retail Pharmacy,\N,Seeta,"NAMULONDO RD, KIRA",1405,Human,Wakiso,Kampala Extra - Akamwesi
MINHAA GRASSLAND PHARMACY LTD,NDA/PRE/RTP/4592,Retail Pharmacy,\N,"KATUGO, KAWEWETA",KINYOGOGA,1728,Human,Nakaseke,Kampala Extra - Akamwesi
OWORI FAST MEDICINES PHARMACY LTD,NDA/PRE/RTP/4600,Retail Pharmacy,\N,"KASUBI, LUGALA","LUBYA,",1405,Human,Kampala,Kampala Extra - Akamwesi
RATISH PHARMACEUTICALS LIMITED,NDA/PRE/RTP/4606,Retail Pharmacy,\N,NAKIREBE TRADING CENTRE,ALONG MASAKA RD,1825,Human,Kampala,Kampala Extra - Akamwesi
UPTODATE PHARMACY LTD,NDA/PRE/RTP/4646,Retail Pharmacy,\N,"PLOT 4A, CORNERSTONE PLAZA",KAFUMBE MUKASA RD,735,Human,Kampala,Kampala Extra - Akamwesi
FINE MEDICINES AND HEALTH SUPPLIES LIMITED,NDA/PRE/RTP/4652,Retail Pharmacy,1015093650,MPUNGA WAKISO TOWN COUNCIL,NEAR G.R GENERAL SUPPLY &PROPERTY SERVICES,1030,Human,Wakiso,Kampala Extra - Akamwesi
HELSA PHARMACY,NDA/PRE/RTP/4672,Retail Pharmacy,\N,"KAMULI TRADING CENTRE, KIREKA",KAMULI RD,1287,Human,Wakiso,Kampala Extra - Akamwesi
GRAND MEDICAL PHARMACY LIMITED,NDA/PRE/RTP/4673,Retail Pharmacy,\N,MULAWA TRADING CENTER,"BULINDO RD, KIRA MUNICIPALITY",2001,Human,Wakiso,Kampala Extra - Akamwesi
NOVAFINIA (U) LTD,NDA/PRE/RTP/4681,Retail Pharmacy,\N,"PLOT 85-87, ATIQUE BUILDING","AWINDIRI T/C, PACKWACH ROAD",985,Human,Arua,West Nile Region - Arua
ASOBOLA PHARMACY COMPANY LTD,NDA/PRE/RTP/4690,Retail Pharmacy,\N,BOMBO21 MILES,BOMBO RD,1600,Human,Luweero,Kampala Extra - Akamwesi
RWAMWANJA PHARMACY (U)-SMC,NDA/PRE/RTP/4701,Retail Pharmacy,\N,KATALYEBA,TOWN COUNCIL,1665,Human,Kamwenge,South Western Region - Mbarara
NINAPHARM PHARMACY LTD,NDA/PRE/RTP/4716,Retail Pharmacy,1013963524,KYOTERA TOWN COUNCIL,KABAZI BUILDING,1627,Human,Kyotera,Central Regional Office - Masaka
VALUE DRUGMART HEALTH CARE LIMITED,NDA/PRE/RTP/4724,Retail Pharmacy,\N,"MASAJJA-KIBIRA, MAKINDYE SABAGABO MUNICIPALITY",KIBIRA RD,1276,Human,Wakiso,Kampala Extra - Akamwesi
DOLPHINES PHARMA VENTURES,NDA/PRE/RTP/4729,Retail Pharmacy,\N,KASENGE,TRADING CENTRE,612,Human,Wakiso,Kampala Extra - Akamwesi
ZERIDAH PHARMACY LIMITED,NDA/PRE/RTP/4735,Retail Pharmacy,\N,NEAR SHELL PETRO STATION,KAMPALA-JINJA HIGHWAY,1304,Human,Mukono,South Eastern Region - Jinja
JORA PHARMACY AND ENTERPRISES LIMITED,NDA/PRE/RTP/4744,Retail Pharmacy,\N,CENTRAL MARKET EXTENSION LOCKUP NUMBER 6,MBAGUTA STREET,1308,Veretinary,Mbarara,South Western Region - Mbarara
SICAPHARM PHARMACY,NDA/PRE/RTP/4750,Retail Pharmacy,\N,Mbarara town,AKIIKI NYABONGO,1377,Human,Mbarara,South Western Region - Mbarara
JIMGRACE PHARMACY - SMC LTD,NDA/PRE/RTP/4752,Retail Pharmacy,\N,"BUJJUKO TRADING CENTRE, SSERU INVESTMENT BUILDING",MITYANA ROAD,1321,Human,Mpigi,Central Regional Office - Masaka
FROLIVE PHARMACY LIMITED,NDA/PRE/RTP/4797,Retail Pharmacy,\N,WAMPEEWO,ALONG GAYAZA ROAD,981,Human,Wakiso,Kampala Extra - Akamwesi
ARCEM JOMAS INVESTMENTS (U) LIMITED,NDA/PRE/RTP/4800,Retail Pharmacy,\N,"Lubani Road, Buwenge - Jinja",Lubani Road,942,Human,Jinja,South Eastern Region - Jinja
GAJORIN PHARMACEUTICALS LIMITED,NDA/PRE/RTP/4804,Retail Pharmacy,\N,MALABA TOWN COUNCIL,CHURCH ROAD,1889,Human,Tororo,Eastern Region - Tororo
YAT KEYU PHARMACY LIMITED,NDA/PRE/RTP/4806,Retail Pharmacy,\N,Plot 99,Wadriff,264,Human,Nebbi,West Nile Region - Arua
MAIN PHARMACEUTICALS (U) LIMITED,NDA/PRE/RTP/4807,Retail Pharmacy,1016368254,ARUBAINE - CUSTOMS ROAD,CUSTOMS ROAD,1352,Human,Busia,Eastern Region - Tororo
BERLIN PHARMA (U) LIMITED,NDA/PRE/RTP/4810,Retail Pharmacy,\N,Jinja municipality,Nile avenue,1069,Human,Jinja,South Eastern Region - Jinja
HUSSAIN PHARMACY (U) LTD,NDA/PRE/RTP/4819,Retail Pharmacy,1027048358,Plot 2/3 Along Rhino Rd Next To Nile Coach Buses,"Opp.Jab Petrol Station , Camp Rd",1093,Human,Arua,West Nile Region - Arua
VIOFIL PHARMACY,NDA/PRE/RTP/4820,Retail Pharmacy,\N,KITENDE OFF ENTEBBE ROAD AFTER KITENDE MODERN PRIMARY SCHOOL,SSISA ROAD,1411,Human,Wakiso,Kampala Extra - Akamwesi
CALVARY PHARMACY - SMC LTD,NDA/PRE/RTP/4825,Retail Pharmacy,1016168037,"SUCCESS COMPLEX, BULINDO TRADING CENTRE, WAKISO-Wakiso",BULINDO -KIRA MUNICIPALITY -WAKISO DISTRICT,617,Human,Wakiso,Kampala Extra - Akamwesi
ST. BENEDICT MK PHARMACY LTD,NDA/PRE/RTP/4837,Retail Pharmacy,\N,"Plot 63/65, Kisenyi Next to Magric Hardware",KASESE-FORT PORTAL RD,1063,Human,Kabarole,Western Region - Hoima
PERFECT PHARMACEUTICALS KIHIHI LIMITED,NDA/PRE/RTP/4845,Retail Pharmacy,\N,KIHIIHI TOWN-KANUNGU,AMAMA RD,1501,Human,Kanungu,South Western Region - Mbarara
BETHESDA MISSION HOSPITAL,NDA/PRE/RTP/4854,Retail Pharmacy,1000338569,WITHIN BETHESDA MISSION HOSPITAL,MAKERERE HILL RD,1193,Human,Kampala,Kampala Extra - Akamwesi
KARUGUTU PHARMACY-SMC LTD,NDA/PRE/RTP/4856,Retail Pharmacy,1016228274,Karugutu Town Council,Karugutu Town Council,1465,Human,Ntoroko,Western Region - Hoima
KIRABO UGANDA LIMITED,NDA/PRE/RTP/4857,Retail Pharmacy,\N,MBAGUTA,STREET,1273,Veretinary,Mbarara,South Western Region - Mbarara
CEDARPHARM LIMITED,NDA/PRE/RTP/4865,Retail Pharmacy,\N,"PLOT 14 , KINYONYI PLAZA",MAIN STREET,1712,Human,Ibanda,South Western Region - Mbarara
EMMILIE PHARMACY(U) LIMITED,NDA/PRE/RTP/4868,Retail Pharmacy,\N,NEXT TO JEVI,PETROL STATION,1509,Human,Kyotera,Central Regional Office - Masaka
ROSALIA PHARMACY LIMITED,NDA/PRE/RTP/4871,Retail Pharmacy,\N,ROOM 3 - KYEBANDO HOUSE,"ERISA ROAD, KYEBANDO",1241,Human,Kampala,Kampala Extra - Akamwesi
EAGLE PHARMACY,NDA/PRE/RTP/4880,Retail Pharmacy,\N,"Maria house, Kabale Central",Kabale Kisoro Rd,1235,Human,Kabale,South Western Region - Mbarara
ST LUKE'S MEDICAL CENTRE LTD PHARMACY,NDA/PRE/RTP/4888,Retail Pharmacy,\N,PLOT NO. 08 -,MBALE RD -,1520,Human,Kapchorwa,Eastern Region - Tororo
BROTHAN PHARMACY LTD,NDA/PRE/RTP/4898,Retail Pharmacy,\N,NEXT TO TARVAN KICK,MBARARA HIGHWAY,1144,Human,Masaka,Central Regional Office - Masaka
MARIA'S MEDICAL SUPPLY LTD,NDA/PRE/RTP/4901,Retail Pharmacy,1016072297,KATENDE TRADING CENTRE,ALONG MASAKA RD,1056,Human,Mpigi,Central Regional Office - Masaka
Sanctum Health Uganda limited,NDA/PRE/RTP/4906,Retail Pharmacy,\N,"Next to master supermarket, Komamboga, Gayaza road- Kampala",Gayaza road,1303,Human,Kampala,Central Regional Office - Masaka
WOMENS HOSPITAL INTERNATIONAL AND FERTILITY,NDA/PRE/RTP/4919,Retail Pharmacy,1000072672,BUKOTO,"NTINDA RD, BUKOTO",606,Human,Kampala,Kampala Extra - Akamwesi
GOLDEN CARE PHARMACY LYANTONDE LTD,NDA/PRE/RTP/4921,Retail Pharmacy,\N,"Kasambya, Lyantonde",Kasambya,1164,Human,Lyantonde,South Western Region - Mbarara
AMEXPHARM PHARMACEUTICALS LTD,NDA/PRE/RTP/4925,Retail Pharmacy,\N,Makanga,Hospital Road,1317,Human,Kabale,South Western Region - Mbarara
FOUNTAIN PHARMACY SMC LIMITED,NDA/PRE/RTP/4953,Retail Pharmacy,\N,"KIBIRI,- MAKIINDYE SSABAGABO MUNICIPALITY",ALONG BUSABAALA RD,1484,Human,Kampala,Central Regional Office - Masaka
LIFEPLAN PHARMACY LTD,NDA/PRE/RTP/4956,Retail Pharmacy,1016205070,"ODOKOMIT TRADING CENTRE, OJWINA DIVISION - JUBA-GULU ROAD",JUBA-GULU ROAD,2146,Human,Lira,Northern Region - Lira
MILPAT PHARMACY LTD,NDA/PRE/RTP/4962,Retail Pharmacy,\N,DR. DUNGU KAFULUMA &FAMILY BLD'G,KASASA T/C,1217,Human,Wakiso,Kampala Extra - Akamwesi
HOMELAND TREAT LIMITED,NDA/PRE/RTP/4965,Retail Pharmacy,\N,Ishaka stage,Bushenyi : Kasese Highway,982,Human,Sheema,South Western Region - Mbarara
ABILITY PHARMACY LTD,NDA/PRE/RTP/4978,Retail Pharmacy,\N,KAYUNGA T/C,"ALONG HOIMA RD, WAKISO T.C",798,Human,Wakiso,Kampala Extra - Akamwesi
NIAM LIMITED,NDA/PRE/RTP/4984,Retail Pharmacy,\N,OPP. SOLICIT PETROL STATION,ALONG OLAL RD,1241,Human,Gulu,Northern Region - Lira
KATEFA PHARMACY LIMITED,NDA/PRE/RTP/4985,Retail Pharmacy,\N,"KAFEERO BUILDING, MUTUNDWE","KIRINYABIGO RD,",1742,Human,Wakiso,Kampala Extra - Akamwesi
JEY PHARMACEUTICALS CO LTD,NDA/PRE/RTP/4989,Retail Pharmacy,1016415142,"Biharwe, Mbarara - Masaka Road",Mbarara - Masaka Road,1116,Human,Mbarara,South Western Region - Mbarara
TUFAAYO INVESTMENTS LIMITED,NDA/PRE/RTP/4992,Retail Pharmacy,1016348861,RAKAI,TOWN COUNCIL,1507,Human,Rakai,Central Regional Office - Masaka
GOOD LUCK PHARMACY LTD,NDA/PRE/RTP/5000,Retail Pharmacy,\N,KATWE II,HAJJI SOWEDI ROAD,1418,Human,Kampala,Kampala Extra - Akamwesi
EMERGENCY- LIFE SUPPORT FOR CIVILIAN WAR VICTIMS,NDA/PRE/RTP/5004,Retail Pharmacy,1009846899,"Plot 120-122, Within Children's Surgical Hospital","Bishop Dunstan Nsubuga Rd, Nakiwogo",1725,Human,Wakiso,Kampala Extra - Akamwesi
ADOFARM PHARMACY LTD,NDA/PRE/RTP/5016,Retail Pharmacy,\N,"AT BUGANDA LANDBOARD BUILDING,",KAKIRI TRADING CENTRE,1266,Human,Wakiso,Kampala Extra - Akamwesi
KAZANA PHARMACEUTICALS LIMITED,NDA/PRE/RTP/5024,Retail Pharmacy,1035280220,"TOP CITY PLAZA, KISENYI - SSEMUGOMA RD",KISENYI,1218,Human,Kampala,Kampala Extra - Akamwesi
BAMKES PHARMACEUTICALS LTD,NDA/PRE/RTP/5031,Retail Pharmacy,1010664026,"Saleh Building, Plot 13, Main street, Ibanda Municipality","Main street, Ibanda Municipality",1180,Human,Ibanda,South Western Region - Mbarara
Papetra Pharmacy Limited,NDA/PRE/RTP/5034,Retail Pharmacy,\N,"Central Division ,Kitgum Muninicipality",Lakidi Rd,1532,Human,Kitgum,Northern Region - Lira
BAIN PHARMACEUTICALS LTD,NDA/PRE/RTP/5048,Retail Pharmacy,\N,NDEJJE KANAABA,MAKINDYE SSABAGABO MUNICIPALITY,1463,Human,Wakiso,Kampala Extra - Akamwesi
SENTURO INVESTMENTS LIMITED,NDA/PRE/RTP/5050,Retail Pharmacy,\N,"AT THE BANK CELL, HOIMA MUNICIPALITY",FORT PORTAL RD,1206,Human,Hoima,Western Region - Hoima
DOPE HEALTH INVESTMENTS LTD,NDA/PRE/RTP/5056,Retail Pharmacy,\N,BUSAANA-KIBAALE T.C,BUSAANA RD,1329,Human,Kibaale,Western Region - Hoima
LOVIK PHARMACEUTICALS LTD,NDA/PRE/RTP/5057,Retail Pharmacy,\N,AT DDUNDU ZONE RD JUNCTION,ALONG KISAASI KYANJA RD,492,Human,Kampala,Kampala Extra - Akamwesi
St. Dennis Pharmacy,NDA/PRE/RTP/5060,Retail Pharmacy,1016537414,Kizungu,Kabeterane road,1490,Human,Mbarara,South Western Region - Mbarara
HENBER PHARM CO LTD,NDA/PRE/RTP/5075,Retail Pharmacy,\N,"MENGO,",NABUNYA ROAD,338,Human,Kampala,Kampala Extra - Akamwesi
KABAZI PHARMACEUTICALS - SMC LIMITED,NDA/PRE/RTP/5078,Retail Pharmacy,\N,Bundibugyo T.C,Bundibugyo taxi park,1455,Human,Bundibugyo,Western Region - Hoima
FORTLIFE PHARMACY,NDA/PRE/RTP/5079,Retail Pharmacy,\N,Karago T/C,Bundibugyo Rd,1455,Human,Kabarole,Western Region - Hoima
FAYETTE LOGISTICS LTD,NDA/PRE/RTP/5096,Retail Pharmacy,1015668784,AT KABAALE,OPP. JERODINE P/S,1233,Human,Wakiso,Kampala Extra - Akamwesi
ZEBRA PHARMACY LIMITED,NDA/PRE/RTP/5100,Retail Pharmacy,\N,KIKYUSA,KYANKWANZI ROAD,1454,Human,Nakaseke,Kampala Extra - Akamwesi
RockVision Pharma,NDA/PRE/RTP/5108,Retail Pharmacy,\N,"Angwet Angwet Market, Juba Road",Juba Road,658,Human,Lira,Northern Region - Lira
M.D PHARMACY LTD,NDA/PRE/RTP/5113,Retail Pharmacy,1016248026,"PLOT 340 BUWAMA TOWN COUNCIL, MASAKA ROAD","PLOT 340 BUWAMA TOWN COUNCIL, MASAKA ROAD",1398,Human,Mpigi,Central Regional Office - Masaka
RUGUAN PHARMACY LTD,NDA/PRE/RTP/5114,Retail Pharmacy,\N,BULOBA NEXT TO TWINCY SUPERMARKET &STABEX GAS STATION,MITYANA RD,1136,Human,Wakiso,Kampala Extra - Akamwesi
RUBY HOSPITAL LIMITED,NDA/PRE/RTP/5149,Retail Pharmacy,1014817742,"PLOT 40, NETX TO RUBY MEDICAL CENTRE, ALONG LUGOGO BYPASS",ALONG LUGOGO BYPASS,1183,Human,Kampala,Kampala Extra - Akamwesi
CHARLUMED PHARMACEUTICALS LTD,NDA/PRE/RTP/5160,Retail Pharmacy,1016604741,"OPP. KAKUUTO MICROFINANCE, KYOTERA - MUTUKULA ROAD","OPP. KAKUUTO MICROFINANCE, KYOTERA - MUTUKULA ROAD",1602,Human,Kyotera,Central Regional Office - Masaka
ESOKO PHARMACEUTICALS LIMITED,NDA/PRE/RTP/5199,Retail Pharmacy,1009063795,"NAMUNGOONA, NAKIBINGE RD",NAKIBINGE RD,2297,Human,Kampala,Kampala Extra - Akamwesi
FAMILY AND FRIENDS DEVELOPMENT LTD,NDA/PRE/RTP/5206,Retail Pharmacy,\N,"Buwenge T/Council, Jinja","Kagoma, Buwenge",1912,Human,Jinja,South Eastern Region - Jinja
EQUICK APOTHECARY LTD,NDA/PRE/RTP/5209,Retail Pharmacy,\N,NSAMBYA,ALONG KIROMBE ROAD,929,Human,Kampala,Kampala Extra - Akamwesi
MIRE COMPANY LTD,NDA/PRE/RTP/5222,Retail Pharmacy,1008448004,"Plot 23, Kaliro Road, Iganga Municipality, Kaliro Road",Kaliro Road,1495,Human,Iganga,South Eastern Region - Jinja
HAKI-1 PHARMACY,NDA/PRE/RTP/5229,Retail Pharmacy,\N,"KISIMU, NANSANA",KATOOKE,1261,Human,Wakiso,Kampala Extra - Akamwesi
RUSOKYE PHARMA AND COSMETICS - SMC LTD,NDA/PRE/RTP/5231,Retail Pharmacy,1019237086,"PRINCE ARCADE, KISAASI - KYANJA RD",KISAASI - KYANJA RD,1485,Human,Kampala,Kampala Extra - Akamwesi
ABUCUS DRUG STORE (A) - SMC LIMITED,NDA/PRE/RTP/5246,Retail Pharmacy,\N,MBALALA T/C,MUKONO-JINJA HIGHWAY,1516,Human,Mukono,South Eastern Region - Jinja
FINE MEDICINES &HEALTH SUPPLIES LTD,NDA/PRE/RTP/5249,Retail Pharmacy,\N,NAKABUGO - BBIRA,KEVINA RD,1059,Human,Kampala,Kampala Extra - Akamwesi
BAMINA VET PHARMACY LIMITED,NDA/PRE/RTP/5253,Retail Pharmacy,\N,KAKOBA,HIGH STREET,1772,Veretinary,Mbarara,South Western Region - Mbarara
SUNWEST PHARMA LIMITED,NDA/PRE/RTP/5266,Retail Pharmacy,1036417008,"SHOP 3 ORANGE PLAZA, KYENGERA TOWN",MASAKA ROAD,1932,Human,Wakiso,Kampala Extra - Akamwesi
NABCLAIRE &CO. LIMITED,NDA/PRE/RTP/5287,Retail Pharmacy,\N,"KABUMBI TOWN, NANSANA",ALONG KABUMBI RD,1000,Human,Wakiso,Kampala Extra - Akamwesi
SAVIOUR PHARMACY LIMITED,NDA/PRE/RTP/5288,Retail Pharmacy,\N,"Kavule, Semuto rd",Near Honest Christorian School,1517,Human,Wakiso,Kampala Extra - Akamwesi
SURGE PHARMACY LTD,NDA/PRE/RTP/5315,Retail Pharmacy,\N,KITAGOBWA,TRADING CENTRE,1445,Human,Wakiso,Kampala Extra - Akamwesi
MASKI VENTURES LTD,NDA/PRE/RTP/5317,Retail Pharmacy,\N,SSAZA CENTRAL,NDEGEYA RD,1517,Human,Masaka,Central Regional Office - Masaka
BETALYF PHARMACY LIMITED,NDA/PRE/RTP/5328,Retail Pharmacy,\N,"AT KANYANYA, OPP. SHELL GAS STATION",ALONG GAYAZA RD,1480,Human,Kampala,Kampala Extra - Akamwesi
SALYK PHARMACY (U) LTD,NDA/PRE/RTP/5334,Retail Pharmacy,1016731552,KAZINGA - SEETA,KAZINGA - SEETA,582,Human,Wakiso,Kampala Extra - Akamwesi
KIIRA CARE PHARMACY LIMITED,NDA/PRE/RTP/5344,Retail Pharmacy,\N,Kirinya Namataba,Bukasa Road,1952,Human,Wakiso,Kampala Extra - Akamwesi
UNIQUE HEALTH CARE CO. LTD,NDA/PRE/RTP/5353,Retail Pharmacy,\N,Kanungu Town Council,katate Road,1503,Human,Kanungu,South Western Region - Mbarara
Musoga Pharmacy Limited,NDA/PRE/RTP/5397,Retail Pharmacy,\N,Bukomero T/C,Hoima highway,1748,Human,Kiboga,Western Region - Hoima
MARFREY'S FIRST PHARMACY SMC LTD,NDA/PRE/RTP/5404,Retail Pharmacy,\N,Opposite Kagadi general hospital,Kampala Hoima road,1497,Human,Kagadi,Western Region - Hoima
ELISA PHARMACY LIMITED,NDA/PRE/RTP/5408,Retail Pharmacy,\N,KAJJANSI TRADING CENTRE,NEXT TO EQUITY BANK,1818,Human,Wakiso,Kampala Extra - Akamwesi
KIWAMIREMBE PHARMACY LIMITED,NDA/PRE/RTP/5413,Retail Pharmacy,\N,Busukuma - Kiwenda,Gayaza-zirobwe rd,1923,Human,Wakiso,Kampala Extra - Akamwesi
GAMUKAMA PHARMACEUTICALS LTD,NDA/PRE/RTP/5425,Retail Pharmacy,1016856806,"Kakindo Town council, Kakumiro District",Hoima- Mubende road,2152,Human,Kakumiro,Western Region - Hoima
BECKITA PHARMACEUTICALS LTD,NDA/PRE/RTP/5434,Retail Pharmacy,\N,"NAMAGOMMA, NSANGI COUNTY",OFF MASAKA RD,966,Human,Wakiso,Kampala Extra - Akamwesi
Niiwe Pharmacy,NDA/PRE/RTP/5442,Retail Pharmacy,\N,Plot 147 Biharwe Town,Biharwe,1236,Human,Mbarara,South Western Region - Mbarara
ARK PHARMACY AND COSMETICS LTD,NDA/PRE/RTP/5445,Retail Pharmacy,\N,"Along Mbarara - Kabale Road, Central Division",Cell 8,1432,Human,Ntungamo,South Western Region - Mbarara
MALIN COMPANY LTD,NDA/PRE/RTP/5449,Retail Pharmacy,\N,KISENYI - KASATO,NAMALWA DRIVE,1078,Human,Kampala,Kampala Extra - Akamwesi
MDN Pharmacy Limited,NDA/PRE/RTP/5457,Retail Pharmacy,1016954621,"Plot 1/3, Main Street, Posta Uganda building, Gulu City",Kampala Rd,2204,Human,Gulu,Northern Region - Lira
ARK HILL PHARMACY LIMITED,NDA/PRE/RTP/5467,Retail Pharmacy,\N,KATALE - MAYANJA,KINAWA KAJANSI RD,1574,Human,Wakiso,Kampala Extra - Akamwesi
MEDSERVE PHARMACY LTD,NDA/PRE/RTP/5476,Retail Pharmacy,\N,"INSIDE FICMART SUPERMARKET, PLOT 12851",MAMERITO RD,1314,Human,Wakiso,Kampala Extra - Akamwesi
DOPRO PHARMACY COMPANY LIMITED,NDA/PRE/RTP/5506,Retail Pharmacy,\N,AMAZON CENTRE,LUWAFU,1371,Human,Kampala,Kampala Extra - Akamwesi
ROYAL PHARMA 2011 LIMITED,NDA/PRE/RTP/5508,Retail Pharmacy,1001002018,PLOT NO. 4B - KUMI ROAD - CITY - MBALE,KUMI ROAD,1186,Human,Mbale,Eastern Region - Tororo
MATTEH KINNOR INVESTMENTS LTD,NDA/PRE/RTP/5511,Retail Pharmacy,\N,PLOT NO. 29-31 -,PALLISA RD,731,Human,Mbale,Eastern Region - Tororo
MEDIZIN INVESTMENTS LIMITED,NDA/PRE/RTP/5531,Retail Pharmacy,\N,"Plot 32 Block 196, Komamboga",Heng Ronge Building,1364,Human,Kampala,Kampala Extra - Akamwesi
PEACHEM PHARMACEUTICALS ltd,NDA/PRE/RTP/5538,Retail Pharmacy,1016829843,Near New Classic Hotel,Mackan Singh Street,527,Human,Mbarara,South Western Region - Mbarara
ARSEN PHARMACY LIMITED,NDA/PRE/RTP/5539,Retail Pharmacy,\N,EMMANUEL SSEVIRI COMPLEX,"OLD BUTABIKA RD, MUTUNGO",851,Human,Kampala,Kampala Extra - Akamwesi
TIDE PHARMACY LTD,NDA/PRE/RTP/5548,Retail Pharmacy,\N,BOSTON TRADING CENTRE,KULEKANA RD,958,Human,Kampala,Kampala Extra - Akamwesi
HEAVEN SENT PHARMACY SMC LTD,NDA/PRE/RTP/5549,Retail Pharmacy,\N,KINAWATAKA RD,OPP. SPADAC WAREHOUSE,1636,Human,Kampala,Kampala Extra - Akamwesi
MEDAID PHARMACEUTICALS LIMITED,NDA/PRE/RTP/5550,Retail Pharmacy,1016974825,"KYEBANDO T/C, AKAMWESI MALL",(AKAMWESI MALL),1515,Human,Kampala,Kampala Extra - Akamwesi
AVEMA TRUST PHARMACY LTD,NDA/PRE/RTP/5578,Retail Pharmacy,\N,PRICESS COMPLEX BUILDING,OLD TOORO RD,1909,Human,Hoima,Western Region - Hoima
ROANNA18 FAMILY ENTERPRISES LIMITED,NDA/PRE/RTP/5600,Retail Pharmacy,\N,Nsiikye T.C,Nyamitanga Division,978,Human,Mbarara,South Western Region - Mbarara
LISA PHARMACEUTICALS LTD,NDA/PRE/RTP/3403,Retail Pharmacy,1012923805,"PLOT 5868 &5869, WEST MALL BUILDING",KYANJA,2183,Human,Kampala,Kampala Extra - Akamwesi
MURIC PHARMACY LIMITED,NDA/PRE/RTP/5610,Retail Pharmacy,\N,BUSULA T/C,OPP. POLICE POST,1461,Human,Luweero,Kampala Extra - Akamwesi
Jonathan Pharmacy Ltd,NDA/PRE/RTP/5632,Retail Pharmacy,\N,"MUMYUKA ROAD, OPPOSITE - KAYUNGA REFERRAL HOSPITAL, KAYUNGA TOWN, KAYUNGA","MUMYUKA ROAD, KAYUNGA",1316,Human,Kayunga,South Eastern Region - Jinja
LIFE AGAIN PHARMACY LTD,NDA/PRE/RTP/5634,Retail Pharmacy,\N,TOWN,KATETA ROAD JUNCTION,1569,Human,Serere,Eastern Region - Tororo
MAIN PHARMACEUTICALS (U) LTD,NDA/PRE/RTP/5649,Retail Pharmacy,\N,PLOT NO. 11 -,SOLO B,1352,Human,Busia,Eastern Region - Tororo
ZEKIAH PHARMACY LIMITED,NDA/PRE/RTP/5652,Retail Pharmacy,\N,"TIGRIS TOWER, NAKUWADDE",NAKUWADDE BULENGA ROAD,1716,Human,Wakiso,Kampala Extra - Akamwesi
JORDAN RIVER PHARMACY LIMITED,NDA/PRE/RTP/5667,Retail Pharmacy,\N,Plot 25 Chorley Crescent,Luzira,1037,Human,Kampala,Kampala Extra - Akamwesi
DELICE FAVOURITE COMPANY LIMITED,NDA/PRE/RTP/5671,Retail Pharmacy,1016889555,KITGUM BUS TAXI LOCK UP 005 KITGUM,KITGUM BUS TAXI LOCK UP 005 KITGUM,1637,Veretinary,Kitgum,Northern Region - Lira
PEAK PHARMACEUTICALS LIMITED,NDA/PRE/RTP/5682,Retail Pharmacy,\N,"Next to Eriz Medical Centre, Ndejje - Lubugumu",Trading Centre,593,Human,Wakiso,Kampala Extra - Akamwesi
JMEDS PHARMACY LTD,NDA/PRE/RTP/5683,Retail Pharmacy,\N,At First Traffic Lights From Kajjansi,"Mutungo , Kigo Road",1760,Human,Wakiso,Kampala Extra - Akamwesi
"RVIS Ltd, Discount Pharmacy Kagadi",NDA/PRE/RTP/5687,Retail Pharmacy,\N,Kagadi Town council,Hoima-fort portal road,1474,Human,Kagadi,Western Region - Hoima
Niona Company Ltd,NDA/PRE/RTP/5708,Retail Pharmacy,1017258421,Nakibizi centre,Kampala-Jinja road,2229,Human,Buikwe,South Eastern Region - Jinja
SUWARA PHARMACY,NDA/PRE/RTP/5713,Retail Pharmacy,\N,NAGURU GO-DOWN,ALONG SUWARA RD,804,Human,Kampala,Kampala Extra - Akamwesi
NAHADI PHARMACY,NDA/PRE/RTP/5715,Retail Pharmacy,\N,J &J COMPLEX - SENYONGA BOSCO BULDING,NYENDO - S BLOCK A,1509,Human,Masaka,Central Regional Office - Masaka
KAIJUKA PHARMACY,NDA/PRE/RTP/5724,Retail Pharmacy,\N,CENTRAL DIVISION-KASESE MUNICIPALITY,STANLEY STREET,1428,Human,Kasese,South Western Region - Mbarara
FABIAN PHARMACY LIMITED,NDA/PRE/RTP/5732,Retail Pharmacy,\N,AT BUTENGA HEALTH CENTRE IV,Near The Road Round About,1680,Human,Luweero,Kampala Extra - Akamwesi
GENUPILL PHARMACY LTD,NDA/PRE/RTP/5753,Retail Pharmacy,1017311926,"ITOJO T/C, NTUNGAMO - KABALE RD","ITOJO T/C, NTUNGAMO - KABALE RD",1854,Human,Ntungamo,South Western Region - Mbarara
SOPRA PHARMACY LTD,NDA/PRE/RTP/5761,Retail Pharmacy,1048626281,"ECORMAT BUILDING, KANSANGA - BUNGA RD",BUNGA RD,2260,Human,Kampala,Kampala Extra - Akamwesi
ALLINS INVESTMENTS LIMITED,NDA/PRE/RTP/5762,Retail Pharmacy,\N,"UPPER KONGE, OPP. KYEYUNE CLOSE",LUKULI RD,1068,Human,Kampala,Kampala Extra - Akamwesi
BUNYONYI PHARMACY,NDA/PRE/RTP/5769,Retail Pharmacy,\N,NYEIHANGA T.C.,HIGHWAY-MBARARA-KABALE,\N,Human,Mbarara,South Western Region - Mbarara
SUNGEOGIL INVESTMENTS LIMITED,NDA/PRE/RTP/5785,Retail Pharmacy,\N,EDIOFE,TRADING CENTER,1390,Human,Arua,West Nile Region - Arua
KEZIYA PHARMACEUTICAL (U) LTD,NDA/PRE/RTP/5790,Retail Pharmacy,\N,BUZIBWERA,TRADING CENTRE,1913,Human,Mbarara,South Western Region - Mbarara
DASYL PHARMACY (U) LIMITED,NDA/PRE/RTP/5800,Retail Pharmacy,\N,RUBAGA,KABUUSU,520,Veretinary,Kampala,Kampala Extra - Akamwesi
WELCOME PHARMACY (U) LTD,NDA/PRE/RTP/5802,Retail Pharmacy,\N,PLOT NO. 07/09,MBALE HIGHWAY,1473,Human,Budaka,Eastern Region - Tororo
KSTEP PHARMACY LIMITED,NDA/PRE/RTP/5807,Retail Pharmacy,1017389143,"Kira Municipality, opposite Burabira house, off Bulabira road, Najjera 2, Wakiso District",Opposite Burabira house- off Bulabira road,505,Human,Wakiso,Kampala Extra - Akamwesi
WATU PHARMACIA (U) LIMITED,NDA/PRE/RTP/5818,Retail Pharmacy,\N,WAKISO,TRADING CENTRE,1504,Human,Wakiso,Kampala Extra - Akamwesi
DELIGHT PHARMACY &DIAGNOSTICS LTD,NDA/PRE/RTP/5839,Retail Pharmacy,\N,"Kiti, Plot 325, Block 99, Kasangati T/C",Sekate Isaac Bld'g,1668,Human,Wakiso,Kampala Extra - Akamwesi
BERY HEALTH LINK LTD,NDA/PRE/RTP/5843,Retail Pharmacy,\N,"PLOT 1430 BLOCK 196 WALIGO ROAD, KANYANYA-KOMAMBOGA",WALIGO RD,227,Human,Kampala,Kampala Extra - Akamwesi
COMPLETE PHARMACY LIMITED,NDA/PRE/RTP/5845,Retail Pharmacy,\N,"LUTEETE, NEXT TO FREMA PHYSIOTHERAPY CLINIC",MASOOLI RD,1852,Human,Wakiso,Kampala Extra - Akamwesi
SANYU ENDEAVOURS LTD,NDA/PRE/RTP/5854,Retail Pharmacy,\N,Ganda - Nasere,"Nansana, kyebando rd",1219,Human,Wakiso,Kampala Extra - Akamwesi
DRUSAH INVESTMENT LTD,NDA/PRE/RTP/5861,Retail Pharmacy,\N,NAMERE TRADING CENTRE,KITEZI ROAD,1044,Human,Wakiso,Kampala Extra - Akamwesi
BAGEYA PHARMACIES,NDA/PRE/RTP/5865,Retail Pharmacy,\N,"Nantabulirwa, Mukono",Kiwanga-SSonde,1506,Human,Mukono,South Eastern Region - Jinja
Al Hayat Pharmacy Limited,NDA/PRE/RTP/5873,Retail Pharmacy,\N,"Plot 03,BK Plaza,Lugazi Municipality",Kampala - Jinja Highway,1524,Human,Buikwe,South Eastern Region - Jinja
Toruk Investments Ltd,NDA/PRE/RTP/5880,Retail Pharmacy,\N,Misindye Tc,Bukerere Road,751,Human,Mukono,South Eastern Region - Jinja
IMAALA R.K VENTURES LIMITED,NDA/PRE/RTP/5886,Retail Pharmacy,\N,"KAVULE, NEAR KYAMBIZI SIGNPOST",SEMUTO ROAD,1336,Human,Wakiso,Kampala Extra - Akamwesi
YOUR CLINIC PHARMACY LTD,NDA/PRE/RTP/5889,Retail Pharmacy,\N,"INSIDE YOUR CLINIC, OPP. KALITA BUS PARK",MWANGA II RD,1899,Human,Kampala,Kampala Extra - Akamwesi
DANIELLA PHARMACY LTD,NDA/PRE/RTP/5913,Retail Pharmacy,1017475176,"NAGURU GO-DOWN , NEXT TO THE MARKET , SUWARA ROAD",SUWARA ROAD,2029,Human,Kampala,Kampala Extra - Akamwesi
MEDET HOLDINGS LIMITED,NDA/PRE/RTP/5919,Retail Pharmacy,\N,NEXT TO ROMITA HOTEL,KIWOLOGOMA,1502,Human,Wakiso,Kampala Extra - Akamwesi
NABINGOOLA FAREWELL PHARMACY LTD,NDA/PRE/RTP/5932,Retail Pharmacy,1017599878,"Nabingoola T/C, Kasambya Road",KASAMBYA RD,2307,Human,Mubende,Western Region - Hoima
ABSOLUTE CARE PHARMACY LIMITED,NDA/PRE/RTP/5939,Retail Pharmacy,\N,"PLOT 15, OPP KAKUNGULU MEMORIAL SCHOOL, KIBULI",PRINCE BADRU KAKUNGULU,330,Human,Kampala,Kampala Extra - Akamwesi
PHARIS PHARMACY LTD,NDA/PRE/RTP/5943,Retail Pharmacy,\N,"NYENDO, OPP. PETRO PETROL STATION",ALONG CATHEDRAL RD,994,Human,Masaka,Central Regional Office - Masaka
Jovoca pharmaceuticals,NDA/PRE/RTP/5947,Retail Pharmacy,\N,Katete police post,Mbarara katete road,1264,Human,Mbarara,South Western Region - Mbarara
ALHIFZ HOLDINGS LTD,NDA/PRE/RTP/5966,Retail Pharmacy,\N,"KINONI, BUKOTO",ALONG MASAKA-MBARARA RD,1120,Human,Lwengo,Central Regional Office - Masaka
SOLMAR PHARMACEUTICALS ENTERPRISES LTD,NDA/PRE/RTP/5975,Retail Pharmacy,1017339835,Bananuka drive,"plot 17, bananuka drive(this is the street",2043,Human,Mbarara,South Western Region - Mbarara
BOGRAZA CARE LIMITED,NDA/PRE/RTP/5978,Retail Pharmacy,\N,"SITABALE T/C, KAYONGO ABBSI BUILDING",KIWENDA-GLUDDENE RD,1604,Human,Wakiso,Kampala Extra - Akamwesi
Mpanga Agrovet Uganda Ltd,NDA/PRE/RTP/5986,Retail Pharmacy,\N,Plot 9,Balya Road,1681,Veretinary,Kabarole,Western Region - Hoima
TORAM PHARMACEUTICALS-SMC LTD,NDA/PRE/RTP/5994,Retail Pharmacy,1017576881,"Ntake building ,Rwebikoona",Mbarara-Fortportal Highway,1617,Human,Mbarara,South Western Region - Mbarara
BLIDA PHARMACY UGANDA LIMITED,NDA/PRE/RTP/5999,Retail Pharmacy,\N,Rotary stage,Kampala Rd,1570,Human,Hoima,Western Region - Hoima
AIDAN PHARMACY (U) LTD,NDA/PRE/RTP/6007,Retail Pharmacy,\N,KYENGERA TOWN COUNCIL,MASAKA RD,1664,Human,Wakiso,Kampala Extra - Akamwesi
AMURIA PHARMA LTD,NDA/PRE/RTP/6008,Retail Pharmacy,\N,PLOT 14 -,ASAMUK ROAD,1647,Human,Amuria,North Eastern Region - Soroti
LATOPIA UGANDA LIMITED,NDA/PRE/RTP/6019,Retail Pharmacy,1017534598,NAJJERA,ALONG BULABIRA RD,1301,Human,Wakiso,Kampala Extra - Akamwesi
LISTA PHARMACY,NDA/PRE/RTP/6029,Retail Pharmacy,\N,"ZANTA, NDEJJE","HAJJI SIKYOMU MUHAMMAD, NDEJJE RD",473,Human,Wakiso,Kampala Extra - Akamwesi
FLOCHARD PHARMACY LIMITED,NDA/PRE/RTP/6030,Retail Pharmacy,1017165332,"NKUMBA STAGE, ENTEBBE - BUBULI ROAD",BUBULI ROAD,1660,Human,Wakiso,Kampala Extra - Akamwesi
MOTHER LUKAYA PHARMACY LIMITED,NDA/PRE/RTP/6050,Retail Pharmacy,1017671413,"SHELL LUKAYA, KITI ROAD MASAKA","SHELL LUKAYA, KITI ROAD MASAKA",1562,Human,Kalungu,Central Regional Office - Masaka
CHRISTEN PHARMACEUTICALS LIMITED,NDA/PRE/RTP/6056,Retail Pharmacy,\N,KASANA T/C (ON THE BUILDING WITH INNOLAND LODGE),"KASANA, GULU HIGHWAY",1986,Human,Luweero,Kampala Extra - Akamwesi
ASOBOLA PHARMACY (U) LTD,NDA/PRE/RTP/6059,Retail Pharmacy,\N,NEXT TO MTN SERVICE CENTRE BUSUNJU TOWN COUNCIL,ALONG KAMPALA - HOIMA RD,1600,Human,Mityana,Western Region - Hoima
HAVILLAH PHARMACY,NDA/PRE/RTP/6061,Retail Pharmacy,1034283602,KASANA,KASIISO RD,1316,Human,Luweero,Kampala Extra - Akamwesi
LOS ANGEL MEDICAL PHARMACY LTD,NDA/PRE/RTP/6080,Retail Pharmacy,1017601780,Maracha Town Council,Plot 28 Otafire Road,2283,Human,Maracha,West Nile Region - Arua
AKARD PHARMACY LTD,NDA/PRE/RTP/6107,Retail Pharmacy,\N,"Mwami Kabugo's Building, Katabi Town Council",Along Katabi Bussambaga,609,Human,Wakiso,Kampala Extra - Akamwesi
Lark Uganda Ltd,NDA/PRE/RTP/6108,Retail Pharmacy,\N,Gganda,Gganda Road,1613,Human,Wakiso,Kampala Extra - Akamwesi
ALPHA MEDICA PHARMACEUTICALS 2012 LIMITED,NDA/PRE/RTP/6114,Retail Pharmacy,1002673853,Plot 23 Coronation Road,Coronation Road,1534,Human,Gulu,Northern Region - Lira
ELIEZA PHARMA (U) LTD,NDA/PRE/RTP/6132,Retail Pharmacy,1015204016,"CHARLE'S BUILDING, BUZIGA - CAPE ROAD",CAPE ROAD,1306,Human,Kampala,Kampala Extra - Akamwesi
Gia-net Limited,NDA/PRE/RTP/6133,Retail Pharmacy,\N,"MAIN STREET-KASALAWO T/C, NAKIFUMA-MUKONO","MAIN STREET, KASALAWO-NAKIFUMA",957,Human,Mukono,South Eastern Region - Jinja
PARK VET PHARMACEUTICALS LIMITED,NDA/PRE/RTP/6141,Retail Pharmacy,\N,INSDIE NEW TAXI,PARK,1665,Veretinary,Mbarara,South Western Region - Mbarara
DOPI PHARMACY LTD,NDA/PRE/RTP/6149,Retail Pharmacy,\N,Busiika town council,Zirobwe road,1809,Human,Luweero,Kampala Extra - Akamwesi
KREDITH ENTERPRISES LIMITED,NDA/PRE/RTP/6151,Retail Pharmacy,\N,"BUSAANA TRADING CENTRE,",NTEJERU NORTH,1698,Human,Kayunga,South Eastern Region - Jinja
ARBIC PHARMACY LTD,NDA/PRE/RTP/6155,Retail Pharmacy,\N,Next to Jafra Petro Station,"Jinja South West Division,Kamuli road",1616,Human,Jinja,South Eastern Region - Jinja
GALILEE MEDICAL GROUP LIMITED,NDA/PRE/RTP/6156,Retail Pharmacy,1016663738,"AGORO ROAD , OPPOSITE LIRA REFERRAL HOSPITAL","AGORO ROAD , OPPOSITE LIRA REFERRAL HOSPITAL",1587,Human,Lira,Northern Region - Lira
FREPOL PHARMACY CO. LTD,NDA/PRE/RTP/6161,Retail Pharmacy,\N,"PLOT 69 BUREMBA ROAD, MBARARA CITY",KAKOBA ROUND ABOUT,1423,Human,Mbarara,South Western Region - Mbarara
KRISTO GROUP UGANDA LIMITED,NDA/PRE/RTP/6165,Retail Pharmacy,\N,"BIYAYA, KAROKO - ADJUMANI T.C",MOYO-GULU RD,1189,Human,Adjumani,West Nile Region - Arua
EBRA PHARMACY LTD,NDA/PRE/RTP/6186,Retail Pharmacy,\N,"ST. MICHEAL BUILDING, KIBULI - DIPO ZONE",TUBUGA RD,1885,Human,Kampala,Kampala Extra - Akamwesi
MABIRIZI PHARMACY LIMITED,NDA/PRE/RTP/6189,Retail Pharmacy,1017777150,NEXT TO FLOMA FARMERS SHOP,BUYALA TRADING CENTER- MITYANA ROAD,1579,Human,Mpigi,Central Regional Office - Masaka
KISEKA PHARMACY,NDA/PRE/RTP/6221,Retail Pharmacy,\N,Kiseka Market,Mpabana Road,1736,Human,Kampala,Kampala Extra - Akamwesi
LACTAM MEDICAL SERVICES,NDA/PRE/RTP/6237,Retail Pharmacy,1017854339,"KIREKA, OPP MARIA MEDICAL CENTER - KAMULI ROAD",KAMULI ROAD,837,Human,Wakiso,Kampala Extra - Akamwesi
Nitah Pharma (U) Ltd,NDA/PRE/RTP/6245,Retail Pharmacy,\N,BULENGA TRADING CENTRE NEXT TO UMF BUILDING,Mityana Road,1623,Human,Wakiso,Kampala Extra - Akamwesi
ABILITY PHARMACY LTD,NDA/PRE/RTP/6247,Retail Pharmacy,1016393633,"Esau building, Manyangwa T/C - Gayaza/ Kayunga rd",Gayaza/ Kayunga rd,1278,Human,Wakiso,Kampala Extra - Akamwesi
PALACE CARE PHARMACEUTICALS &ENTERPRISES LTD,NDA/PRE/RTP/6255,Retail Pharmacy,\N,"Plot 3, Kabale Municipality",Nyerere Road,1770,Human,Kabale,South Western Region - Mbarara
MEDILAND PHARM LIMITED,NDA/PRE/RTP/6257,Retail Pharmacy,\N,"NSANGI, GOMBOLOLA STATE 1, ALLAH YAGABA BUILDING, NEXT TO TWIN BROTHERS JUNIOR SCHOOL","MASAKA ROAD, KYENGERA TOWN COUNCIL",330,Human,Wakiso,Kampala Extra - Akamwesi
TUKA PHARMACY SMC LIMITED,NDA/PRE/RTP/6260,Retail Pharmacy,\N,KISAASI NEXT TO QUALIWORTH SUPERMARKET,BUKOTO RD,1608,Human,Kampala,Kampala Extra - Akamwesi
CISCO PHARMACY LIMITED,NDA/PRE/RTP/6263,Retail Pharmacy,\N,"JEK HUSET BLD'G, BUNAMWAYA T/C",WANKULUKUKU RD,1234,Human,Wakiso,Kampala Extra - Akamwesi
SAMJOV GENERAL SUPPLIES LTD,NDA/PRE/RTP/6264,Retail Pharmacy,\N,NDEJJE TRADING CENTER,(RUTH SEBOWA BUSINESS CENTRE),1374,Human,Luweero,Kampala Extra - Akamwesi
KEON PHARMACY LIMITED,NDA/PRE/RTP/6276,Retail Pharmacy,\N,BUNGA,GABA ROAD,2014,Human,Kampala,Kampala Extra - Akamwesi
MICRAY LIMITED,NDA/PRE/RTP/6290,Retail Pharmacy,1017819985,MPIGI TRADING CENTER NEXT TO TOTAL PETROL STATION,Kampala- Masaka Road,2199,Human,Mpigi,Central Regional Office - Masaka
BLAIZE PHARMACY LTD,NDA/PRE/RTP/6294,Retail Pharmacy,\N,BWIZIBWERA TOWN,IBANDA ROAD,\N,Human,Mbarara,South Western Region - Mbarara
MILDMAY UGANDA,NDA/PRE/RTP/6296,Retail Pharmacy,\N,Within Mildmay (U) Ltd Lweza Hill,Entebbe Road,586,Human,Wakiso,Kampala Extra - Akamwesi
MUZADE MEDICAL SERVICES LIMITED,NDA/PRE/RTP/6305,Retail Pharmacy,\N,NEXT TO HASS PETROL STATTION,JINJA ROAD,1322,Human,Busia,Eastern Region - Tororo
RHODUM PHARMACY LTD,NDA/PRE/RTP/6321,Retail Pharmacy,\N,KASUBI T/C,OPP. PETRO CITY HOIMA RD,1553,Human,Kampala,Kampala Extra - Akamwesi
STAR ANISE CO. LTD,NDA/PRE/RTP/6322,Retail Pharmacy,\N,BUKERERE GOMA DIVISION,MUGWANYA RD,379,Human,Mukono,South Eastern Region - Jinja
ULTIMUS CHEMISTS LTD,NDA/PRE/RTP/6325,Retail Pharmacy,\N,Kasubi trading Center- Bweyogerere,Ibrahim Road,1899,Human,Wakiso,Kampala Extra - Akamwesi
SSEMPHARMA (U) - SMC LTD,NDA/PRE/RTP/6368,Retail Pharmacy,\N,"MBALWA T/C, ON DR.DAN BYARUHANGA BUILDING",OPP. MBALWA MARKET,947,Human,Wakiso,Kampala Extra - Akamwesi
ABK BAZIRA PHARMACEUTICALS LIMITED,NDA/PRE/RTP/6373,Retail Pharmacy,\N,OPP. LWEZA CLAYS,ENTEBBE ROAD,614,Human,Wakiso,Kampala Extra - Akamwesi
TOORO CITY PHARMACEUTICALS LTD,NDA/PRE/RTP/6374,Retail Pharmacy,\N,"OPP. TAXI PARK, KYANJOJO T.C",FORT PORTAL RD,1401,Human,Kyenjojo,Western Region - Hoima
Kasusu Pharmaceuticals Limited,NDA/PRE/RTP/6377,Retail Pharmacy,\N,"KASUSU T/C, CENTRAL DIVISION",KASESE RD,1999,Human,Fort Portal,Western Region - Hoima
IKISA CO LTD,NDA/PRE/RTP/6381,Retail Pharmacy,\N,"NANSANA T/C, SEKITOLEKO LEO BUILDING",HOIMA RD,1561,Human,Wakiso,Kampala Extra - Akamwesi
NESIGA PHARMACEUTICALS LTD,NDA/PRE/RTP/6397,Retail Pharmacy,\N,Central zone -Rushere,Kazo rd,1547,Veretinary,Kiruhura,South Western Region - Mbarara
TURQUOISE INTERNATIONAL HEALTHCARE LIMITED,NDA/PRE/RTP/6420,Retail Pharmacy,1016208449,"WITHIN NILE INTERNATIONAL HOSP. PLOT 2-16, WALUKUBA ZONE",SCOTT RD,1857,Human,Jinja,South Eastern Region - Jinja
BYDEN PHARMACY LIMITED,NDA/PRE/RTP/6421,Retail Pharmacy,\N,KWEBA VILLAGE MUTUNDWE,"KWEBA RD, NEAR KAMPALA UNIVERSITY",607,Human,Kampala,Kampala Extra - Akamwesi
DIVA UNIQUE PHARMACY COMPANY LTD,NDA/PRE/RTP/6423,Retail Pharmacy,\N,"KAKUMIRO T.C, OPP KAKUMIRO HCIV",HOIMA RD,1597,Human,Kakumiro,Western Region - Hoima
MUGESTAR PHARMACY LTD,NDA/PRE/RTP/6436,Retail Pharmacy,\N,"WAKISO MARKET, ROOM 3 OF 4, WAKISO T.C",ON MWAMI FESTO KIGOZI BUILDING,1349,Human,Wakiso,Kampala Extra - Akamwesi
YAYERI PHARMACY LIMITED,NDA/PRE/RTP/6441,Retail Pharmacy,\N,"LUGAZI TOWN, NEXT TO TOTAL FUEL REFILL STATION",KAMPALA - JINJA HIGHWAY,1886,Human,Buikwe,South Eastern Region - Jinja
JOVIE CONCEPT LIMITED,NDA/PRE/RTP/6442,Retail Pharmacy,1016143021,"KISOGA T/C,",KATOSI ROAD,895,Human,Mukono,South Eastern Region - Jinja
NEXT GENERATION PHARMACY SERVICES LIMITED,NDA/PRE/RTP/6451,Retail Pharmacy,\N,"KIBULI, WABIGALO, MAKINDYE",SOWETO RD,531,Human,Kampala,Kampala Extra - Akamwesi
REKISA TOTAL SOLUTIONS LTD,NDA/PRE/RTP/6454,Retail Pharmacy,\N,BUSIKA TRADING CENTRE,NEXT TO WALUSIMBI STREET BUILDING,852,Human,Luweero,Kampala Extra - Akamwesi
JAVAR PHARMACEUTICALS LTD,NDA/PRE/RTP/6456,Retail Pharmacy,\N,"Kabiito Town council,",Kabonero road,1453,Human,Bunyangabu,Western Region - Hoima
MOMO PHARMACY CO LTD,NDA/PRE/RTP/6457,Retail Pharmacy,\N,"KYAZANGA TRADING CENTER, SETANLE PATRICK BUILDING","OPP. SSANDE MUSA BUILDING, MASAKA HIGHWAY",1137,Human,Lwengo,Central Regional Office - Masaka
CARAMEL PHARMACY LIMITED,NDA/PRE/RTP/6468,Retail Pharmacy,\N,"At Buyinza Plaza, Opp. Nabweru Mosque",Nansana-Nabweru rd,1584,Human,Wakiso,Kampala Extra - Akamwesi
PNEUMA PHARMACEUTICALS LIMITED,NDA/PRE/RTP/6472,Retail Pharmacy,\N,"SEMUTO, NAKASEKE SOUTH,",ALONG SEMUTO RD,1373,Human,Nakaseke,Kampala Extra - Akamwesi
JOSIAH HEALTH CARE LTD,NDA/PRE/RTP/6477,Retail Pharmacy,\N,KASANDA T.C,KASANDA ROUND ABOUT,654,Human,Kasanda,Western Region - Hoima
CHERRY'S PHARMACY LTD,NDA/PRE/RTP/6532,Retail Pharmacy,\N,"Bukwenda - Katale, Next to Divine General hardware",Kasenge Rd,1571,Human,Wakiso,Kampala Extra - Akamwesi
VIVA OILS LTD,NDA/PRE/RTP/6535,Retail Pharmacy,\N,"Plot 1328, Block 216, Buya Ntinda",Kigowa Rd,1079,Human,Kampala,Kampala Extra - Akamwesi
HOSPAL CARE PHARMACY (U) LIMITED,NDA/PRE/RTP/6558,Retail Pharmacy,\N,"Nakavule - A Village,",Iganga -Tororo Highway,920,Human,Iganga,South Eastern Region - Jinja
SILVA INVESTMENT CO.LTD,NDA/PRE/RTP/6564,Retail Pharmacy,\N,"PLOT 66, NEXT TO OPPORTUNITY BANK",HIGH STREET,847,Human,Mbarara,South Western Region - Mbarara
CENTURY FRONTIERS LIMITED,NDA/PRE/RTP/6576,Retail Pharmacy,\N,Arab contractors town,Budondo road,1441,Human,Jinja,South Eastern Region - Jinja
C.O.U PURPLE PHARMACY,NDA/PRE/RTP/6585,Retail Pharmacy,\N,Mukono Church Of Uganda Hospital,Jinja-Kampala Highway,1338,Human,Mukono,South Eastern Region - Jinja
LIFECREST PHARMACY LTD,NDA/PRE/RTP/6586,Retail Pharmacy,\N,NEXT TO PAROA HARDWARE,BULOBA TRADING CENTER,1293,Human,Wakiso,Kampala Extra - Akamwesi
DRUG LINK PHARMACY LTD,NDA/PRE/RTP/6588,Retail Pharmacy,\N,"KYALIWAJJALA , OPP. PRIME PETROL",STATION,1254,Human,Wakiso,Kampala Extra - Akamwesi
BIOZONE PHARMACY LTD,NDA/PRE/RTP/6589,Retail Pharmacy,1043686005,KATALE-BUKWENDA,NEXT TO KATALE POLICE,1337,Human,Wakiso,Kampala Extra - Akamwesi
MED ONE HEALTH CARE SERVICES LTD,NDA/PRE/RTP/6595,Retail Pharmacy,\N,KIRUDDU,ALONG SALAMA RD,876,Veretinary,Kampala,Kampala Extra - Akamwesi
Jona Health Uganda Ltd,NDA/PRE/RTP/6610,Retail Pharmacy,1018239543,"NAJJERA II, NEXT TO ST CATHERINE'S HOSPITAL, KIRA MUNICIPALITY, WAKISO DISTRICT",Najjera Kira Road,1148,Human,Wakiso,Kampala Extra - Akamwesi
LEE HEALTH LIMITED,NDA/PRE/RTP/6617,Retail Pharmacy,\N,KIKUBAMPANGA TRADING CENTRE,Hoima rd.,1327,Human,Wakiso,Kampala Extra - Akamwesi
TABOR SUE INVESTMENTS - SMC LTD,NDA/PRE/RTP/6620,Retail Pharmacy,\N,WITHIN SHELL MUYENGA,"KIBULI , MBOGO RD",1372,Human,Kampala,Kampala Extra - Akamwesi
REAL LIFE PHARMACEUTICALS LTD,NDA/PRE/RTP/6651,Retail Pharmacy,\N,"OPP. HEALTHY CENTRE IV, MITOOMA TOWN",COUNCIL,1878,Human,Mitooma,South Western Region - Mbarara
EPIKORAN ENTERPRISES LIMITED,NDA/PRE/RTP/6660,Retail Pharmacy,\N,PLOT NO. 24B - AGULE ROAD,AGULE ROAD,1388,Human,Pallisa,Eastern Region - Tororo
HABARI PHARMACY LTD,NDA/PRE/RTP/6668,Retail Pharmacy,\N,NEXT TO NAKASONGOLA HCIV HOSP.,BURULI QUARTERS,2031,Human,Nakasongola,Kampala Extra - Akamwesi
HERZREIN HOLDINGS LTD,NDA/PRE/RTP/6678,Retail Pharmacy,\N,"Kazinga-Nabweru, Opp. Jacinta",Boarding School,1910,Human,Wakiso,Kampala Extra - Akamwesi
HEDEXI PHARMACY LIMITED,NDA/PRE/RTP/6685,Retail Pharmacy,\N,"KAWANDA, NEXT TO ST JAMES C.O.U",KAWANDA-SENGE ROAD,1583,Human,Wakiso,Kampala Extra - Akamwesi
TEXAKIM INVESTMENT LTD,NDA/PRE/RTP/6701,Retail Pharmacy,\N,"MANYANGWA T/C, APOLLO KAGWA BUILDING - KASANGATI",GAYAZA-KAYUNGA RD,1443,Human,Wakiso,Kampala Extra - Akamwesi
GYTON PHARMACEUTICALS LIMITED,NDA/PRE/RTP/6708,Retail Pharmacy,1018430205,"UPPER NSOOBA, MAWANDA RD, KYEBANDO",MAWANDA RD,2214,Human,Kampala,Kampala Extra - Akamwesi
SHVEKA HOLDINGS LIMITED,NDA/PRE/RTP/6716,Retail Pharmacy,\N,MUNNO-KANONAKALI,OPP. KATABI H/CENTRE III,1721,Human,Wakiso,Kampala Extra - Akamwesi
VIANDS ESTABLISHMENT LIMITED,NDA/PRE/RTP/6729,Retail Pharmacy,\N,"Rukira House,",Sanga Town Council,1616,Human,Kiruhura,South Western Region - Mbarara
NUHAM PHARMACY LIMITED,NDA/PRE/RTP/6730,Retail Pharmacy,\N,"Lusanjja, Opp. La Bridge Hospital Signpost","Buwambo road,",1294,Human,Wakiso,Kampala Extra - Akamwesi
REALM PHARMACY LIMITED,NDA/PRE/RTP/6746,Retail Pharmacy,\N,AT SSEMIREMBE HENRY'S BUILDING,NAMASOLE RD,1860,Human,Kampala,Kampala Extra - Akamwesi
DOMINI NOSTRI INVESTMENTS LTD,NDA/PRE/RTP/6755,Retail Pharmacy,1017253633,"MASANAFU TRADING CENTRE, KINONYA ZONE",MASANAFU -KINONYA RD,1310,Veretinary,Kampala,Kampala Extra - Akamwesi
ALIKA-N PHARMACY LTD BRANCH,NDA/PRE/RTP/6772,Retail Pharmacy,\N,NEW CONGO NAKIVALE,SOMALI,1311,Human,Isingiro,South Western Region - Mbarara
JERIE-MARIE HEALTH CARE LIMITED,NDA/PRE/RTP/6790,Retail Pharmacy,\N,GULU CITY,ALONG AWERE RD,1651,Human,Gulu,Northern Region - Lira
RENGA APEX SERVICE LIMITED,NDA/PRE/RTP/6803,Retail Pharmacy,\N,"Kamukuzi Zone,",Kabakanjagala,1410,Human,Mbarara,South Western Region - Mbarara
ASINJA MASSY PHARMACY LIMITED,NDA/PRE/RTP/6809,Retail Pharmacy,\N,"Mpondwe Town Council,Bukonzo County",Mpondwe-Kasese Rd,1930,Human,Kasese,South Western Region - Mbarara
STEPHANIO INVESTMENT LIMITED,NDA/PRE/RTP/6821,Retail Pharmacy,\N,"Bwerenga -Kawuku, Ntabazi Shopping Centre",Bwerenga Rd,1893,Human,Wakiso,Kampala Extra - Akamwesi
VERUS PHARMACY LIMITED,NDA/PRE/RTP/6828,Retail Pharmacy,\N,Mutundwe,Kirinyabigo Road,1697,Human,Wakiso,Kampala Extra - Akamwesi
RIYADH PHARMACEUTICALS (U) LT,NDA/PRE/RTP/6831,Retail Pharmacy,\N,"Annamaria Nakimbugwe Building, Ndejje Masitowa State","St Johns ,Ndejje Rd",1685,Human,Wakiso,Kampala Extra - Akamwesi
BANROB PHARMACEUTICAL (U) LTD,NDA/PRE/RTP/6833,Retail Pharmacy,1053886877,"KIKAAYA T/C - BULEGA, OPP. PYRAMID MEDICAL SERVICES","KIKAAYA T/C - BULEGA, OPP. PYRAMID MEDICAL SERVICES",2323,Human,Wakiso,Kampala Extra - Akamwesi
GOODLUCK PHARMACY LTD,NDA/PRE/RTP/6839,Retail Pharmacy,\N,NSAMBYA,AVE MARIA RD,1680,Human,Kampala,Kampala Extra - Akamwesi
LOBE GOTT HOLDINGS LIMITED,NDA/PRE/RTP/6841,Retail Pharmacy,\N,KEVINA- NSAMBYA,JUUKO RD,1294,Human,Kampala,Kampala Extra - Akamwesi
ESS LIFE PHARMACY LIMITED,NDA/PRE/RTP/6855,Retail Pharmacy,\N,NAJJANANKUMBI,SSUMBWE KUMBUZI,806,Human,Wakiso,Kampala Extra - Akamwesi
SAFE STAR PHARMACY LIMITED,NDA/PRE/RTP/6891,Retail Pharmacy,\N,MUBENDE STREET,MUBENDE ROAD,1684,Human,Mubende,Western Region - Hoima
LUTEP INVESTMENT LTD,NDA/PRE/RTP/6904,Retail Pharmacy,\N,PAKELE,ROAD,1189,Human,Adjumani,West Nile Region - Arua
MULUNOX ENTERPRISES LIMITED,NDA/PRE/RTP/6912,Retail Pharmacy,\N,MULLUNOX MEDICAL CENTRE BUILDING,KAZO,279,Human,Wakiso,Kampala Extra - Akamwesi
EMMANUEL COMMUNITY HEALTH FOUNDATION LIMITED,NDA/PRE/RTP/6930,Retail Pharmacy,\N,"KATUUGO T/C, NEAR FUEL STATION",KAMPALA-GULU RD,1550,Human,Nakasongola,Kampala Extra - Akamwesi
Yesu Awonya Pharmacy,NDA/PRE/RTP/6939,Retail Pharmacy,\N,"Kyotera town, Teffe zone",Mutukula road,1706,Human,Kyotera,Central Regional Office - Masaka
MWESIGWA PHARMACEUTICALS LTD,NDA/PRE/RTP/6940,Retail Pharmacy,1001093312,"PLOT 67/69 - JINJA, MAIN STREET","MAIN STREET, PLOT 67/69",2145,Human,Jinja,South Eastern Region - Jinja
WIELDER INVESTMENTS LTD,NDA/PRE/RTP/6942,Retail Pharmacy,\N,"GROUND FLOOR, NANKYA PLAZA, KIJAPANI KITENDE",AFTER ST. MARY'S COLLEGE KITENDE,1649,Human,Wakiso,Kampala Extra - Akamwesi
Sinza Divine Pharmacy Limited,NDA/PRE/RTP/6947,Retail Pharmacy,\N,Manyangwa B,Gayaza Rd,484,Human,Wakiso,Kampala Extra - Akamwesi
STERO HEALTH CARE COMPANY LIMITED,NDA/PRE/RTP/6972,Retail Pharmacy,\N,KITEZI - KASANGATI TOWN COUNCIL,KAWANDA RD,1683,Human,Wakiso,Kampala Extra - Akamwesi
GUARDIAN HEALTH PHARMACY,NDA/PRE/RTP/6973,Retail Pharmacy,\N,"PLOT 1,",LUCILLE ROAD,1444,Human,Gulu,Northern Region - Lira
GOODNEWS PHARMACY LIMITED,NDA/PRE/RTP/6982,Retail Pharmacy,1043270821,KISAASI,KYANJA RD,334,Human,Kampala,Kampala Extra - Akamwesi
DAVIS KIZAHI INVESTMENTS LTD,NDA/PRE/RTP/6983,Retail Pharmacy,\N,OPPOSITE KIHIHI MARKET,KIHIHI-ISHASHA ROAD,1342,Human,Kanungu,South Western Region - Mbarara
NGEKOBE PHARMACY LTD,NDA/PRE/RTP/6984,Retail Pharmacy,\N,"OPP THE MARKET, KYENGERA TOWN COUNCIL",CHURCH RD,1678,Human,Wakiso,Kampala Extra - Akamwesi
JOOWZEY INVESTMENT LTD,NDA/PRE/RTP/6988,Retail Pharmacy,\N,KYEGEGWA TOWN COUNCIL,OPP. HAPUUYA RD,1474,Human,Kyegegwa,Western Region - Hoima
NAM HEALTH CARE LIMITED,NDA/PRE/RTP/6994,Retail Pharmacy,1018121945,"Lungujja, Kabumbiro, Busega",Rubaga,1586,Human,Kampala,Kampala Extra - Akamwesi
MCYMO PHARMACY LTD,NDA/PRE/RTP/6995,Retail Pharmacy,\N,NAMUGONGO,JJANDA RD,1546,Human,Wakiso,Kampala Extra - Akamwesi
RAMBA HEALTH PHARMACY AND COSMETICS LTD,NDA/PRE/RTP/7004,Retail Pharmacy,1019112995,"NEXT TO FORMER EQUITY BANK, CUSTOMS ROAD",CUSTOMS ROAD,643,Human,Busia,Eastern Region - Tororo
ALMON PHARMA LIMITED,NDA/PRE/RTP/7012,Retail Pharmacy,\N,AT AISHA COMPLEX- KULAMBIRO,RING RD,1641,Human,Kampala,Kampala Extra - Akamwesi
IROSH MK PHARMACEUTICALS LTD,NDA/PRE/RTP/7017,Retail Pharmacy,\N,"KAKOGE CELL, RWEBISENGO",TRADING CENTRE,1435,Human,Ntoroko,Western Region - Hoima
FLOROCENT INVESTMENT LIMITED,NDA/PRE/RTP/7018,Retail Pharmacy,\N,Kiwango T/C,Bukerere Road,1771,Human,Mukono,South Eastern Region - Jinja
IMPERIAL HEALTH SERVICES LTD,NDA/PRE/RTP/7029,Retail Pharmacy,1019129851,BUSOLWE TOWN COUNCIL,BUTALEJA ROAD,538,Human,Butaleja,Eastern Region - Tororo
PRESTON PHARMACY LIMITED,NDA/PRE/RTP/7036,Retail Pharmacy,Tin,"KIBULI TRADING CENTRE, NEXT TO KIBULI APARTMENTS - KABALAGALA RD",KABALAGALA RD,1533,Human,Kampala,Kampala Extra - Akamwesi
MUVAS PHARMACEUTICALS,NDA/PRE/RTP/7045,Retail Pharmacy,\N,OPPOSITE BUGIRI HOSPITAL,JINJA - TORORO HIGH WAY,1724,Human,Bugiri,South Eastern Region - Jinja
Fariskam pharmaceuticals Ltd,NDA/PRE/RTP/7078,Retail Pharmacy,\N,Luwero TC,Kiwoko road,1735,Human,Luweero,Kampala Extra - Akamwesi
FEELCITY PHARMACEUTICALS LIMITED,NDA/PRE/RTP/7084,Retail Pharmacy,\N,Luteete trading centre,Gayaza road,1703,Human,Wakiso,Kampala Extra - Akamwesi
JEMSAB PHARMACY LTD,NDA/PRE/RTP/7091,Retail Pharmacy,1019168482,"HAJJI MUSA MASIMBI BUILDING, BEHIND FUELEX PETROL STATION, BWEYOGERERE",BWEYOGERERE,1954,Human,Wakiso,Kampala Extra - Akamwesi
KOB PHARMACY AND EQUIPMENT CO SMC LTD,NDA/PRE/RTP/7104,Retail Pharmacy,\N,"MUSOKE DEO BLD'G, OPP OILCOM PETROL STATION",SENTEMA RD,1799,Human,Wakiso,Kampala Extra - Akamwesi
NUCARE PHARMACY LIMITED,NDA/PRE/RTP/7117,Retail Pharmacy,\N,BWEYOGERERE-BBUTO,KYOBE ROAD,1360,Human,Wakiso,Kampala Extra - Akamwesi
FLM PHARMACEUTICALS LTD,NDA/PRE/RTP/7128,Retail Pharmacy,\N,"MR KAWOOYA HOUSES, BUWAMA TRADING CENTER",MASAKA RD,1813,Human,Mpigi,Central Regional Office - Masaka
CONCORD PHARMACY LTD,NDA/PRE/RTP/7146,Retail Pharmacy,1018875031,"NEXT TO BEST QUALITY SUPERMARKET, HOIMA ROAD, WAKISO",HOIMA ROAD,874,Human,Wakiso,Kampala Extra - Akamwesi
RAJAM PHARMACEUTICAL COMPANY LIMITED,NDA/PRE/RTP/7148,Retail Pharmacy,\N,"KAYABWE TOWN, NEXT TO KAYABWE POLICE STATION",NKOZI RD,1626,Human,Mpigi,Central Regional Office - Masaka
3 DOC PHARMACEUTICALS LTD,NDA/PRE/RTP/7151,Retail Pharmacy,1019302014,KATOOKE T/C WEZIKYUKIRA,WAMALA,1666,Human,Wakiso,Kampala Extra - Akamwesi
Kiwumbye Investments Limited,NDA/PRE/RTP/7162,Retail Pharmacy,\N,Opposite TOTAL,SALAAMA RD,744,Human,Kampala,Kampala Extra - Akamwesi
ZZIWA &DAUGHTERS INVESTMENT LTD,NDA/PRE/RTP/7167,Retail Pharmacy,\N,"TTULA RD,",KAWEMPE,761,Human,Kampala,Kampala Extra - Akamwesi
SINAI PHARMACEUTICALS SMC LIMITED,NDA/PRE/RTP/7177,Retail Pharmacy,\N,"KITOORO T/C, MUBIRU BUILDING, OPP. KITOORO LEISURE PARK",FULU RD,1727,Veretinary,Wakiso,Kampala Extra - Akamwesi
THANOS PHARMACY LIMITED,NDA/PRE/RTP/7180,Retail Pharmacy,\N,"CONTAFRICA ZONE, KAMWOKYA",OLD KIRA RD,276,Human,Kampala,Kampala Extra - Akamwesi
BUSUNGA PHARMACY LTD,NDA/PRE/RTP/7207,Retail Pharmacy,\N,NYAHUKA TOWN COUNCIL,LAMIA RD,1348,Human,Bundibugyo,Western Region - Hoima
KARISI PHARMACEUTICAL CO LTD,NDA/PRE/RTP/7211,Retail Pharmacy,1016565330,"EVENA GENERAL INV. LTD BLD'G OPP EMBUGAYA KWEBA SSESE MUSEUM, KALANGALA STREET","EVENA GENERAL INV. LTD BLD'G OPP EMBUGAYA KWEBA SSESE MUSEUM, KALANGALA STREET",2137,Human,Kalangala,Central Regional Office - Masaka
KHAAZ PHARMACY UGANDA LTD,NDA/PRE/RTP/7227,Retail Pharmacy,1018611757,"KATUMBA GODFREY BUILDING, GGANDA",NASERE ROAD,1661,Human,Wakiso,Kampala Extra - Akamwesi
XENA HOLDINGS -SMC LTD,NDA/PRE/RTP/7229,Retail Pharmacy,\N,"SAMAKULA JEREMIAH BUILDING, KALANGALA TOWN",MWENE RD,1881,Human,Kalangala,Central Regional Office - Masaka
AFRICAN RESPONSE FOUNDATION LIMITED,NDA/PRE/RTP/7249,Retail Pharmacy,\N,KIGOROBYA TRADING CENTRE,BUTIABA RD,1979,Human,Hoima,Western Region - Hoima
DLAM PHARMACY LIMITED,NDA/PRE/RTP/7277,Retail Pharmacy,1019454532,"BULONDE TRADING CENTRE, KAJJANSI TOWN COUNCIL",DEWE RD,1611,Human,Wakiso,Kampala Extra - Akamwesi
MAWOGOLA PHARMACY LTD,NDA/PRE/RTP/7280,Retail Pharmacy,1025670575,"OPP UMEME SERVICE CENTRE, NYENDO - MASAKA RD","OPP UMEME SERVICE CENTRE, NYENDO - MASAKA RD",2204,Human,Masaka,Central Regional Office - Masaka
KENG VETERINARY PHARMACY,NDA/PRE/RTP/7292,Retail Pharmacy,\N,NAKAMIRO ZONE,WOBULENZI T/C,1714,Veretinary,Luweero,Kampala Extra - Akamwesi
LIMITLESS PHARMACY,NDA/PRE/RTP/7293,Retail Pharmacy,\N,"KATABI, KABUYE GRACE BUILDING",BUSAMBAGA RD,1799,Human,Wakiso,Kampala Extra - Akamwesi
SUPRAZE PHARMACY,NDA/PRE/RTP/7297,Retail Pharmacy,\N,Kacwamba,Fort Portal - Kasese road,1142,Human,Kabarole,Western Region - Hoima
BREES-CARE PHARMACEUTICALS LTD,NDA/PRE/RTP/7298,Retail Pharmacy,\N,"KORANORYA TOWN, MBARARA CITY",MBARARA - MASAKA ROAD,1097,Human,Mbarara,South Western Region - Mbarara
ACCESS MULTIPLE SERVICES LTD,NDA/PRE/RTP/7305,Retail Pharmacy,1014101102,"OPP. KYEGEGWA HCIV, KYEGEGWA TOWN COUNCIL",KYEGEGWA TOWN COUNCIL,1330,Human,Kyegegwa,Western Region - Hoima
LAVENDER PHARMACEUTICALS LTD,NDA/PRE/RTP/7311,Retail Pharmacy,1041988046,"Shop No.4, Plot No.3, Ruti T/Centre_x000D_Mbarara City.",MBARARA-KABALE,2282,Human,Mbarara,South Western Region - Mbarara
PRESTIGE MEDICAL SOLUTIONS LIMITED,NDA/PRE/RTP/7318,Retail Pharmacy,1027181621,"MOVIT PLAZA, BULENGA",MITYANA ROAD,1448,Human,Wakiso,Kampala Extra - Akamwesi
YEYE PHARMACEUTICALS COMPANY LIMITED,NDA/PRE/RTP/7321,Retail Pharmacy,1019590401,"BOMBO T/C, OPP. BOMBO BARRACKS",BARRACKS RD,1466,Human,Luweero,Kampala Extra - Akamwesi
GRENDON PHARMACY LIMITED,NDA/PRE/RTP/7322,Retail Pharmacy,\N,MULIN HOUSE,BUSAMBAGA RD,1578,Human,Wakiso,Kampala Extra - Akamwesi
PORT BELL PHARMACY LTD,NDA/PRE/RTP/7328,Retail Pharmacy,\N,"INSIDE PORT BELL SUPERMARKET, KITINTALE TRADING CENTRE",LUZIRA - PORTBELL RD,341,Human,Kampala,Kampala Extra - Akamwesi
WESTLINK PHARMACEUTICALS LTD,NDA/PRE/RTP/7336,Retail Pharmacy,\N,"VOICE MALL BWEBAJJA, KAJJANSI",ENTEBBE RD,568,Human,Wakiso,Kampala Extra - Akamwesi
Zee Pharmacy,NDA/PRE/RTP/7339,Retail Pharmacy,1000125052,Plot 1 Mbaguta Street,Mbaguta Street,527,Human,Mbarara,South Western Region - Mbarara
MOSAIC CHEMICALS (U) LTD,NDA/PRE/RTP/7370,Retail Pharmacy,1018961323,"BANGAFI BLD'G, WAKISO TOWN","BANGAFI BLD'G, WAKISO TOWN",1221,Veretinary,Wakiso,Kampala Extra - Akamwesi
IMELDAS PHARMACY LTD,NDA/PRE/RTP/7377,Retail Pharmacy,1019645166,"OPP ALIBAKKIRIZA HOUSE 2000, KIRINYABIGO - MUTUNDWE RD",MUTUNDWE RD,1259,Human,Wakiso,Kampala Extra - Akamwesi
KATEJAM COMPANY UGANDA LTD,NDA/PRE/RTP/7383,Retail Pharmacy,\N,"HAJI SSEBAGALA LATIF'S BLD'G, KASANGATI",GAYAZA RD,1172,Human,Wakiso,Kampala Extra - Akamwesi
MODI PHARMACEUTICALS LTD,NDA/PRE/RTP/7402,Retail Pharmacy,\N,"NAKWERO T/C, NEXT TO ABLE PETROL STATION",GAYAZA-KAYUNGA RD,781,Human,Wakiso,Kampala Extra - Akamwesi
RONPHARM PHARMACEUTICALS LTD,NDA/PRE/RTP/7406,Retail Pharmacy,1019863209,"Katuna Road, Opposite Kabale University Road,_x000D_Kabale Municipality.",KABALE,1432,Human,Kabale,South Western Region - Mbarara
THE BIG PHARMACY LIMITED,NDA/PRE/RTP/7446,Retail Pharmacy,1019663831,"VOICE MALL, BWEBAJJA - ENTEBBE RD",ENTEBBE RD,2169,Human,Wakiso,Kampala Extra - Akamwesi
BUDAKA ELITE PHARAMCY LIMITED,NDA/PRE/RTP/7451,Retail Pharmacy,1019047460,"Block 2 - Plot No; 192, Tirinyi Highway, Opposite Budaka Health Centre IV , Budaka District",TIRINYI HIGHWAY,2268,Human,Budaka,Eastern Region - Tororo
LIFEBAC PHARMACY LIMITED,NDA/PRE/RTP/7463,Retail Pharmacy,1041942760,Main Street/Nizam Road - Jinja City,Main Street,1865,Human,Jinja,South Eastern Region - Jinja
AFRICA MEDICAL &BEHAVIORAL SCIENCES ORG. LTD,NDA/PRE/RTP/7472,Retail Pharmacy,1010575086,"WITHIN AMBSO, NANSANA-KIBULOKA RD",OFF. HOIMA RD,1654,Human,Wakiso,Kampala Extra - Akamwesi
AFRICA MEDICAL AND BEHAVIORAL SCIENCES ORGANISATION (AMBSO) LTD,NDA/PRE/RTP/7485,Retail Pharmacy,1010575086,"OLD BUKOBA RD, BEHIND KALISIZO SUBCOUNTY HEADQUARTERS","OLD BUKOBA RD, BEHIND KALISIZO SUBCOUNTY HEADQUARTERS",1971,Human,Kyotera,Central Regional Office - Masaka
VERUM PRODUCTS (U) LTD,NDA/PRE/RTP/7488,Retail Pharmacy,1017729040,"NAMUNGOONA, SKYVIEW PROPERT CENTRE,",NAMUNGOONA - KASUBI RD,1634,Human,Kampala,Kampala Extra - Akamwesi
D &LYN ACCESS LIMITED,NDA/PRE/RTP/7502,Retail Pharmacy,1044557966,"BUWENGE, OPPOSITE BUWENGE GENERAL HOSPITAL",JINJA - KAMULI ROAD,1638,Human,Jinja,South Eastern Region - Jinja
PALMAX PHARMACY LIMITED,NDA/PRE/RTP/0132,Retail Pharmacy,1020429054,"PLOT 14 KILAK BLOCK 2, ELEGU TOWN COUNCIL -  AMURU","PLOT 14 KILAK BLOCK 2, ELEGU TOWN COUNCIL -  AMURU",1695,Human,Amuru,Northern Region - Lira
CLOVER PHARMACY LTD,NDA/PRE/RTP/7530,Retail Pharmacy,1020595390,"MUTUNGO HILL ROAD, ZONE 6",Mutungo Hill,746,Human,Kampala,Kampala Extra - Akamwesi
SAINTE RITA COMPANY LIMITED,NDA/PRE/RTP/7533,Retail Pharmacy,1020322944,"BUNAMWAYA T/C, AT MUWANGA JOSEPH'S BUILDING",AGGREY ROAD,1765,Human,Wakiso,Kampala Extra - Akamwesi
KOBCARE PHARMACEUTICALS LTD,NDA/PRE/RTP/7536,Retail Pharmacy,1020397244,"KITO TRADING CENTRE, KIRA",TRADING CENTRE,2102,Human,Wakiso,Kampala Extra - Akamwesi
CALYPTUS PHARMACY LTD,NDA/PRE/RTP/7577,Retail Pharmacy,1019631676,"BUNAMWAYA, MAKINDYE-SSABAGABO",KISIGULA RD,1726,Human,Wakiso,Kampala Extra - Akamwesi
TUNGOCARE PHARMACY LTD,NDA/PRE/RTP/7582,Retail Pharmacy,1017943144,"KAZO T.C, NEXT TO BAM FUEL STATION","KAZO T.C, NEXT TO BAM FUEL STATION",1590,Human,Kiruhura,South Western Region - Mbarara
LIVOLINE PHARMACY LTD,NDA/PRE/RTP/7609,Retail Pharmacy,1020575500,KIBAATI- KIGOWA II ZONE,KULAMBIRO RING ROAD,970,Human,Kampala,Kampala Extra - Akamwesi
GREENLEAF PHARMACY LTD,NDA/PRE/RTP/7613,Retail Pharmacy,1020912276,"KOMAMBOGA , WALIGGO RD - KAMPALA",WALIGGO RD,2220,Human,Kampala,Kampala Extra - Akamwesi
KWALAZ PHARMACY LIMITED,NDA/PRE/RTP/7623,Retail Pharmacy,1020856758,"SAMUEL COMPLEX ROOM BC002, KAWAALA II, KAWAALA",BWAISE RD,1740,Human,Kampala,Kampala Extra - Akamwesi
NKORE CHEMISTS (U) LIMITED,NDA/PRE/RTP/7634,Retail Pharmacy,1019518590,"SHOP NO. 1, R.K.R.C.S LTD HOUSE (KAJARA) 2020, RUSHERE TOWN COUNCIL",RUSHERE TOWN COUNCIL,1808,Human,Kiruhura,South Western Region - Mbarara
RURO PHARMACY LIMITED1,NDA/PRE/RTP/7641,Retail Pharmacy,1020623575,"MUHAIRWE BUILDING, IGORORA CELL,_x000D_IGORORA TOWN COUNCIL - IBANDA",IBANDA-MBARARA HIGHWAY,1901,Human,Ibanda,South Western Region - Mbarara
OWMA HEALTH CARE-SMC LTD,NDA/PRE/RTP/7650,Retail Pharmacy,1019976012,IBANDA MUNICIPALITY,KIBUBURA/BUFUNDA STREET,1712,Veretinary,Ibanda,South Western Region - Mbarara
AVELLINO PHARMACY LIMITED,NDA/PRE/RTP/7672,Retail Pharmacy,1020424749,"Makerere, Mukwenda Village",Mugazi Awongererwa Rd,1977,Human,Kampala,Kampala Extra - Akamwesi
ELITH PHARMACEUTCALS (U) LTD,NDA/PRE/RTP/7710,Retail Pharmacy,1019395386,"DAS VEGAS LOUNGE, KAYUNGA RD, GAYAZA",KAYUNGA RD,2170,Human,Wakiso,Kampala Extra - Akamwesi
MAGOL PHARMACY LIMITED,NDA/PRE/RTP/7736,Retail Pharmacy,1018863122,"SOUTH DIVISION, LOMILO RD, MOROTO",LOMILO RD,1378,Human,Moroto,North Eastern Region - Soroti
WELLGUARD PHARMACY LIMITED,NDA/PRE/RTP/7740,Retail Pharmacy,1021402226,"PLOT 3282, BLOCK 215, TUBA",KULAMBIRO RING RD,1726,Human,Kampala,Kampala Extra - Akamwesi
HEAVEN SENT PHARMACY - SMC LTD,NDA/PRE/RTP/7750,Retail Pharmacy,1015984255,"KIRONDE - KABOWA ,",WANKULUKUKU,1636,Human,Kampala,Kampala Extra - Akamwesi
TEDPAL PHARMACY LTD,NDA/PRE/RTP/7752,Retail Pharmacy,1044090295,"Koyi House, Along Kireka-Kamuli Road, Wakiso",Kireka-Kamuli Road,1734,Human,Wakiso,Kampala Extra - Akamwesi
PLUM PHARMACY,NDA/PRE/RTP/7765,Retail Pharmacy,1021433159,KYENJOJO TOWN OPP. KYENJOJO HOSP. MAIN GATE,MARKET RD,552,Human,Kyenjojo,Western Region - Hoima
BIOZONE PHARMACY LTD,NDA/PRE/RTP/7776,Retail Pharmacy,1043686005,"KASENYI RD, 5M OFF ENTEBBE RD, ABAYITA ABABIRI",OFF ENTEBBE RD,1749,Human,Wakiso,Kampala Extra - Akamwesi
ASHOCK PHARMACY LTD,NDA/PRE/RTP/7781,Retail Pharmacy,1019309650,MUKIIBI DIRIISA BUILDING KABEMBE,MUKONO KAYUNGA ROAD,1755,Human,Mukono,South Eastern Region - Jinja
GLOSH PHARMACY LIMITED,NDA/PRE/RTP/7790,Retail Pharmacy,1021057638,"KAJJANSI, HEALTH CENTRE IV",HEALTH CENTRE IV,863,Human,Wakiso,Kampala Extra - Akamwesi
MURWA PHARMACEUTICALS LTD,NDA/PRE/RTP/7791,Retail Pharmacy,1021254852,"YAKOBO H'SE KITINDA ZONE, ABAITA ABABIRI,",KATABI T.C,1705,Human,Wakiso,Kampala Extra - Akamwesi
PAVEWAY PHARMACEUTICALS LTD,NDA/PRE/RTP/7794,Retail Pharmacy,1017621998,"KISENYI TRADING CENTRE, Mwanga II Road",Mwanga II Road,542,Veretinary,Kampala,Kampala Extra - Akamwesi
XIRON PHARMA LTD,NDA/PRE/RTP/7801,Retail Pharmacy,1019303084,"OPP EQUITY BANK, KAWEMPE",BOMBO RD,1191,Human,Wakiso,Kampala Extra - Akamwesi
BLOOMLIFE PHARMACY - SMC LTD,NDA/PRE/RTP/7811,Retail Pharmacy,1022860778,"KYANKIMA T/C, KISITU SULAIMAN BLD'G",WAKISO,1766,Human,Wakiso,Kampala Extra - Akamwesi
LAIKA PHARMACEUTICALS LTD,NDA/PRE/RTP/7852,Retail Pharmacy,1023456655,"TIN PETROL BUILDING, KYENJOJO TOWN COUNCIL",KYENJOJO - KAGADI RD,1489,Human,Kyenjojo,Western Region - Hoima
SOFT CARE PHARMACY LTD,NDA/PRE/RTP/7860,Retail Pharmacy,1022965628,"Kamuli Hajjat Watongola Road, Kamuli",HAJJAT WATONGOLA RD,1069,Human,Kamuli,South Eastern Region - Jinja
LENTONS INTERNATIONAL LIMITED,NDA/PRE/RTP/7865,Retail Pharmacy,1000199897,LUWAFU,SALAAMA ROAD,503,Human,Kampala,Kampala Extra - Akamwesi
LEGEND PHARMACY LTD,NDA/PRE/RTP/7866,Retail Pharmacy,1022780044,NEXT TO IMC CLINIC,SEGUKU,1743,Human,Wakiso,Kampala Extra - Akamwesi
HARROP GROUP LIMITED,NDA/PRE/RTP/7872,Retail Pharmacy,1022855093,Buwambo T/C KHP BLD'G,Buwambo-Kigoogwa Rd,1333,Human,Wakiso,Kampala Extra - Akamwesi
WAVE PHARMACY LTD,NDA/PRE/RTP/7876,Retail Pharmacy,10221244683,BOMBO TOWN,KAMPALA GULU ROAD,1013,Human,Luweero,Kampala Extra - Akamwesi
WALSTREET PHARMACY LTD,NDA/PRE/RTP/7879,Retail Pharmacy,1021723586,"OPP KIRA HEALTH CENTER 3, KIRA - BULINDO RD, KIRA MUNICIPALITY",KIRA - BULINDO RD,473,Human,Wakiso,Kampala Extra - Akamwesi
PREMIOUS INVESTMENT LTD,NDA/PRE/RTP/7905,Retail Pharmacy,1010468880,"Plot 24-26, Near MTN Shop,",Main street,863,Human,Mubende,Western Region - Hoima
DRUG NEST PHARMACEUTICALS LIMITED,NDA/PRE/RTP/7924,Retail Pharmacy,1016178162,"MARIA &PAUL H'SE, NJ-A1, NANSANA-",YESU AMALA,2203,Human,Wakiso,Kampala Extra - Akamwesi
RIGHT HEALTH PHARMACY LIMITED,NDA/PRE/RTP/7927,Retail Pharmacy,1024403779,"SALAAMA ROAD, MAKINDYE",SALAAMA ROAD,1948,Human,Kampala,Kampala Extra - Akamwesi
MALTA PHARMACY LTD,NDA/PRE/RTP/7929,Retail Pharmacy,1023180098,"KONDOGOLA, KULAMBIRO RING ROAD, NAKAWA DIVISION",AT KULAMBIRO RING RD,1141,Human,Kampala,Kampala Extra - Akamwesi
FATMAT COMPANY SMC LTD,NDA/PRE/RTP/7935,Retail Pharmacy,1020031288,"K.W COMPLEX, TAATA JIMY- MUTEESA II RD, WANKULUKUKU - RUBAGA DIVISION",TAATA JIMY- MUTEESA II RD,2006,Human,Kampala,Kampala Extra - Akamwesi
GILAM VENTURES LIMITED,NDA/PRE/RTP/7988,Retail Pharmacy,1015798053,"Central Cell Kijura,",Masindi - Hoima Road,1346,Human,Masindi,Western Region - Hoima
SAVANNAH SUNRISE MEDICAL CENTER LIMITED,NDA/PRE/RTP/7990,Retail Pharmacy,1000035805,WITHIN SAS CLINIC,BOMBO RD,1514,Human,Kampala,Kampala Extra - Akamwesi
DONAM 2020 PHARMACY LTD,NDA/PRE/RTP/7996,Retail Pharmacy,1017340308,"Kalagi Road, Kalagi T/Centre, Mukono",kalagi road,1599,Human,Mukono,South Eastern Region - Jinja
DOHEKMA PHARMACY LIMITED,NDA/PRE/RTP/8021,Retail Pharmacy,1023460566,"PLOT 146, GULU - JUBA HIGHWAY, OPP LACOR HOSP, GULU CITY.",JUBA ROAD,1648,Human,Gulu,Northern Region - Lira
VALOR COMPANY LIMITED,NDA/PRE/RTP/8028,Retail Pharmacy,1010493513,"Namungalwe Town Council, Kaliro Road, Iganga",Kaliro Road,307,Human,Iganga,South Eastern Region - Jinja
ALPINE CARE LTD,NDA/PRE/RTP/8031,Retail Pharmacy,1025740394,"AT PLOT 2121, JSM COMPLEX, NALYA",NALYA,1493,Human,Wakiso,Kampala Extra - Akamwesi
FOCAL PHARMACY LIMITED,NDA/PRE/RTP/8041,Retail Pharmacy,1022790424,"AT SKYLOD MALL, NALYA-NAMUGONGO RD, KIRA MUNICIPALITY",NALYA-NAMUGONGO RD,961,Human,Wakiso,Kampala Extra - Akamwesi
JOAT PHARMACEUTICALS LIMITED,NDA/PRE/RTP/8050,Retail Pharmacy,Tin1036639611,"OPP UNIC MEDICAL CENTRE, KAWUKU",ENTEBBE RD,1870,Human,Wakiso,Kampala Extra - Akamwesi
GELVANS PHARMACEUTICALS LTD,NDA/PRE/RTP/8081,Retail Pharmacy,1021820058,"NANSANA, MUWAWU ROBERT'S BLD'G",KYEBANDO T/C,1861,Human,Wakiso,Kampala Extra - Akamwesi
HAEMTON PHARMACY LTD,NDA/PRE/RTP/8087,Retail Pharmacy,1015740298,"KIWANUKA MALL, NDEJJE - ZANATA",LUBUGUMU RD,1225,Human,Wakiso,Kampala Extra - Akamwesi
ONAH-MED PHARMACY-SMC LIMITED,NDA/PRE/RTP/8095,Retail Pharmacy,1036880354,ZAIDI SEMBAAGE BUILDING,NANSANA KATOOKE A-NASSOLO WAMALA,1841,Human,Wakiso,Kampala Extra - Akamwesi
JERICHO PHARMACY LIMITED,NDA/PRE/RTP/8096,Retail Pharmacy,1026392065,"AT KIBIRI B LC OFFICE, Busabala",KIBIRI,1781,Human,Wakiso,Kampala Extra - Akamwesi
EVEXIA PHARMACY LIMITED,NDA/PRE/RTP/8098,Retail Pharmacy,1026225981,"BEFORE PETROMAX FUEL, MATUGGA MABANDA",MATUGGA MABANDA,1504,Human,Wakiso,Kampala Extra - Akamwesi
PARACARE PHARMACY LIMITED,NDA/PRE/RTP/8100,Retail Pharmacy,1025128766,"LWASA BLDG NEXT TO EUROPET, MAYA T/C, MASAKA RD",MAYA TRADING CENTER MASAKA RD,1798,Human,Wakiso,Kampala Extra - Akamwesi
SHANCHEVO CO. LTD,NDA/PRE/RTP/8115,Retail Pharmacy,1024822933,"OPPOSITE SAVERS DELIGHT SUPERMARKET, GAYAZA",MANYANGWA RD,1752,Human,Wakiso,Kampala Extra - Akamwesi
MPUGWE PHARMACY LTD,NDA/PRE/RTP/8119,Retail Pharmacy,1024353225,"NYENDO, MPUGWE TRADING CENTER, MASAKA HIGHWAY","NYENDO, MPUGWE TRADING CENTER, MASAKA HIGHWAY",1850,Human,Masaka,Central Regional Office - Masaka
BREMOZ PHARMACEUTICALS (U) LTD,NDA/PRE/RTP/8137,Retail Pharmacy,1033364080,"NGOMAYONDI, RWIMI A,",RWIMI TOWN COUNCIL,1790,Human,Bunyangabu,Western Region - Hoima
TWESIGYE PHARMACEUTICALS LTD,NDA/PRE/RTP/8147,Retail Pharmacy,1026843902,"MPIIRA STREET, IBANDA MUNICIPALITY",MPIIRA STREET,2174,Human,Ibanda,South Western Region - Mbarara
HEALTH BANKAR MEDICAL SERVICES LTD,NDA/PRE/RTP/8156,Retail Pharmacy,1046455324,"SUNDAY'S BUILDING, BUSABALA TRADING CENTRE, WAKISO",BUSABALA,1814,Human,Wakiso,Kampala Extra - Akamwesi
NZOLI INVESTMENTS (U) LIMITED,NDA/PRE/RTP/8162,Retail Pharmacy,1026270777,"KAVULE ZONE, BUNDIBUGYO T.C",AT VANILLA STREET,1790,Human,Bundibugyo,Western Region - Hoima
AMA TUALU ENTERPRISES LIMITED,NDA/PRE/RTP/8167,Retail Pharmacy,1019647075,"ARUA HILL, CENTRAL DIVISION",OKUTI LANE,1996,Human,Arua,West Nile Region - Arua
EPHY CARE PHARMACEUTICALS LTD,NDA/PRE/RTP/8171,Retail Pharmacy,1026749070,NSAGGU,TRADING CENTRE,1803,Human,Wakiso,Kampala Extra - Akamwesi
WELLMAN'S HEALTHCARE GROUP LTD,NDA/PRE/RTP/8209,Retail Pharmacy,1026366555,"Boundary Road, Kirombe East cell, west division, Lira City",BOUNDARY RD,1741,Human,Lira,Northern Region - Lira
DISAPH PHARMACY LTD,NDA/PRE/RTP/8214,Retail Pharmacy,1026784846,"NAMUYOMBA COMPLEX, LUGONJO, NAKIWOGO ROAD",LUGONJO,1825,Human,Wakiso,Kampala Extra - Akamwesi
STEFF PHARMACEUTICALS (U) LTD,NDA/PRE/RTP/8224,Retail Pharmacy,1026437762,"Plot 21 Okodi Road, Soroti City",OKODI RD,1384,Human,Soroti,North Eastern Region - Soroti
AGIIMA PHARMACEUTICALS LIMITED,NDA/PRE/RTP/8254,Retail Pharmacy,1025784448,Busolwe Road - Nabiganda Town Council - Butaleja District,NABOA ROAD -,1585,Human,Butaleja,Eastern Region - Tororo
QUEST PHARMACY - SMC LTD,NDA/PRE/RTP/8267,Retail Pharmacy,1018556688,KIWOKO TRADING CENTRE,KIWOKO TRADING CENTRE,1823,Human,Nakaseke,Kampala Extra - Akamwesi
ASTRIK PHARMACEUTICALS LTD,NDA/PRE/RTP/8268,Retail Pharmacy,1018555825,PLOT 672/3 BLOCK 12,RUBAGA RD,2207,Human,Kampala,Kampala Extra - Akamwesi
GREENWOOD PHARMACY LIMITED,NDA/PRE/RTP/8291,Retail Pharmacy,1026941627,NEXT TO IMC HOSPITAL BLD'G,MUKONO CENTRAL DIVISION,1740,Human,Mukono,South Eastern Region - Jinja
JOMISE PHARMA AFRICA LTD,NDA/PRE/RTP/8302,Retail Pharmacy,1051586455,"MAGANJO, OPP. MAGANJO GRAIN MILLERS - BOMBO RD",BOMBO RD,1731,Human,Wakiso,Kampala Extra - Akamwesi
LINDO GENERAL COMPANY LIMITED,NDA/PRE/RTP/8326,Retail Pharmacy,1018905056,MALABA TOWN -TORORO ROAD,TORORO ROAD,2315,Human,Tororo,Eastern Region - Tororo
NETAR PHARMACEUTICALS LTD,NDA/PRE/RTP/8328,Retail Pharmacy,1027109254,"BUGABO TRADING CENTRE, KATABI TOWN COUNCIL",GARUGA RD,1837,Human,Wakiso,Kampala Extra - Akamwesi
ATUPA PHARMACY LTD,NDA/PRE/RTP/8390,Retail Pharmacy,1027012713,"CHUMAR THOMAS BUILDING, KABAGA TRADING CENTRE",KITEEZI - KASANGATI,2267,Human,Wakiso,Kampala Extra - Akamwesi
ZELKOVA UGANDA LIMITED,NDA/PRE/RTP/8396,Retail Pharmacy,1016756924,"NAJEERA II, AT SHOP A1, TURI COMPLEX, BUSIBANTE ROAD",BUSIBANTE ROAD,2081,Human,Wakiso,Kampala Extra - Akamwesi
BANABUKALASA INVESTMENTS LIMITED,NDA/PRE/RTP/8406,Retail Pharmacy,1024057955,NGOMA TOWN COUNCIL,SEMUTO,2155,Veretinary,Nakaseke,Kampala Extra - Akamwesi
ANDEMA PHARMACY LTD,NDA/PRE/RTP/8409,Retail Pharmacy,1026868694,WOBULENZI TRADING CENTRE,KAMPALA- GULU HIGHWAY,1646,Human,Luweero,Kampala Extra - Akamwesi
SASHA PHARMACY LIMITED,NDA/PRE/RTP/8411,Retail Pharmacy,1025379133,"KAKIRI TRADING CENTRE, OPP POST BANK, HOIMA RD",HOIMA RD,1566,Human,Wakiso,Kampala Extra - Akamwesi
VOLAR HEALTHCARE - SMC LTD,NDA/PRE/RTP/8413,Retail Pharmacy,1043516635,"KABUYE ZONE, NDEJJE T/C",KABUYE ZONE,1851,Human,Luweero,Kampala Extra - Akamwesi
ROTRA PHARMACY LTD,NDA/PRE/RTP/8429,Retail Pharmacy,1027240570,"NEXT TO ST.MATHEWS COU CHURCH,Jinja Kalori road",Jinja Kalori road,1708,Human,Wakiso,Kampala Extra - Akamwesi
TECXIN PHARMACEUTICALS LIMITED,NDA/PRE/RTP/8439,Retail Pharmacy,1026871597,"JOSEPHINE HEIGHTS, OPP. KAKA PETRO STATION, ALONG BUKASA RD",ALONG BUKASA RD,1803,Human,Wakiso,Kampala Extra - Akamwesi
JAZEE PHARMACUETICALS LTD,NDA/PRE/RTP/8444,Retail Pharmacy,1026255944,AT SSEKANDI AHMED'S BLD'G,"KYEBANDO, GANDA RD",1804,Human,Wakiso,Kampala Extra - Akamwesi
ESNEK PHARMACY (U) LTD,NDA/PRE/RTP/8470,Retail Pharmacy,1027385742,"Gayaza T/Centre, Opp. B &G HSE, Gayaza - Zirobwe Rd, Kasangati Town Council",MBALWA,1608,Human,Wakiso,Kampala Extra - Akamwesi
BUAB PHARMACEUTICALS LTD,NDA/PRE/RTP/8473,Retail Pharmacy,1027415308,MBIKO TRADING CENTER,JINJA-KAMPALA ROAD,2288,Human,Buikwe,South Eastern Region - Jinja
OYINDO PHARMACY LTD,NDA/PRE/RTP/8476,Retail Pharmacy,1027345468,"OLD JINJA RD, NAMANVE, KOLO GOMBA DIVISION","OLD JINJA RD, NAMANVE, KOLO GOMBA DIVISION",900,Human,Mukono,South Eastern Region - Jinja
ST DENNIS PHARMACY AND INVESTMENTS LTD,NDA/PRE/RTP/8477,Retail Pharmacy,1016537414,"PLOT 7 BUREMBA ROAD, TATAITWE,  KAKOBA, MBARARA CITY SOUTH","KAKOBA ROAD, TATAITWE ZONE CENTRAL DIVISION, MBARARA",248,Human,Mbarara,South Western Region - Mbarara
CIPHER KIGAMBO COMPANY LTD,NDA/PRE/RTP/8497,Retail Pharmacy,1027458806,"OPP MANYANGWA STAGE, GAYAZA T/C",GAYAZA T/C,1708,Human,Wakiso,Kampala Extra - Akamwesi
CITLAL PHARMACY LIMITED,NDA/PRE/RTP/8512,Retail Pharmacy,1017192875,"GOMA DIVISION, GWAFU CENTRAL - SEETA WARD, MUKONO",GWAFU CENTRAL,670,Human,Mukono,South Eastern Region - Jinja
ARNOSH HOLDINGS LTD,NDA/PRE/RTP/8523,Retail Pharmacy,1015141815,"KIFUMBIRA VILLAGE, KAMWOKYA",OFF MAWANDA ROAD,1815,Human,Kampala,Kampala Extra - Akamwesi
AZIFAX HOLDINGS LTD,NDA/PRE/RTP/8553,Retail Pharmacy,1018654917,"KIMWANYI, NXT TO SKY MEDICAL",KIRA,939,Human,Wakiso,Kampala Extra - Akamwesi
CONKA PHARMACEUTICALS LTD,NDA/PRE/RTP/8556,Retail Pharmacy,1027779976,"MS &MR CHARLES LUWANGA BLD'G, NDIKUTAMADDA",BUSABALA RD,1250,Human,Wakiso,Kampala Extra - Akamwesi
JODESA PHARMACEUTICAL LIMITED,NDA/PRE/RTP/8563,Retail Pharmacy,\N,"EDIOFE, PAJULU",GILIGILI ROAD,\N,Human,Arua,West Nile Region - Arua
MOSCA PHARMACY LIMITED,NDA/PRE/RTP/8571,Retail Pharmacy,1027534328,"SSEKABAKA KINTU ROAD, RUBAGA DIVISION","SSEKABAKA KINTU ROAD, RUBAGA DIVISION",1231,Human,Kampala,Kampala Extra - Akamwesi
MELLDAN PHARMACEUTICALS LIMITED,NDA/PRE/RTP/8607,Retail Pharmacy,1027883659,"RM2 , GROUND FLOOD - ALONG NYANAMA RD",ALONG NYANAMA RD,2173,Human,Wakiso,Kampala Extra - Akamwesi
MHA PHARMACY LIMITED,NDA/PRE/RTP/8640,Retail Pharmacy,1027778654,"NAKIREBE, SSEKABEMBE EMMANUEL'S BLDG",NEXT TO MOKA PETROL STATION,1904,Human,Mpigi,Central Regional Office - Masaka
BLESSED KATTOS PHARMACEUTICALS CO LIMITED,NDA/PRE/RTP/8657,Retail Pharmacy,1027808141,"NDEJJE, FRANCIS KARIBA'S BLD'G,",OPP. JC PETROL STATION,1826,Human,Wakiso,Kampala Extra - Akamwesi
LANGATA PHARMACY LTD,NDA/PRE/RTP/8664,Retail Pharmacy,1054156589,"PLOT NO. 17B, MBALE ROAD; MUNICIPALITY, KAPCHORWA",MBALE ROAD,1717,Human,Kapchorwa,Eastern Region - Tororo
RUZENET PHARMACY LIMITED,NDA/PRE/RTP/8665,Retail Pharmacy,1027706263,"KIRA KITO, EDWARD TWINE BLDG",ALONG MAMERITO RD,1835,Human,Wakiso,Kampala Extra - Akamwesi
LIVAM PHARMACY LTD,NDA/PRE/RTP/8703,Retail Pharmacy,1043064908,"Plot 30, McAllister Road, Rugazi cell._x000D_Mbarara city.",Rugazi Rd,1490,Human,Mbarara,South Western Region - Mbarara
SHAFT PHARMACEUTICALS LTD,NDA/PRE/RTP/8707,Retail Pharmacy,10272655110,LUKULI ROAD,"LUKULI ROAD, MAKINDYE",1603,Human,Kampala,Kampala Extra - Akamwesi
IZYAAN TECHNICAL CONSULTS LTD,NDA/PRE/RTP/8738,Retail Pharmacy,1028188919,"LWEZA, OPP. SHELL PETROL STATION","ENTEBBE RD, MEDI MAYOMBO BLD'G",1844,Human,Wakiso,Kampala Extra - Akamwesi
Virunga Pharmaceuticals Limited,NDA/PRE/RTP/8755,Retail Pharmacy,\N,Kihiihi  Town Council,Rugomwa Street,1381,Human,Kanungu,South Western Region - Mbarara
DOPRO PHARMACY LIMITED,NDA/PRE/RTP/8785,Retail Pharmacy,1016987014,WABIGALO,ALONG MITYANA-KAMPALA RD,1978,Human,Mityana,Western Region - Hoima
FECHELI PHARMACEUTICALS LIMITED,NDA/PRE/RTP/8790,Retail Pharmacy,1027722867,KASANDA TOWN,COUNCIL,1848,Human,Kasanda,Western Region - Hoima
RAKEL SAFERLIFE HEALTHCARE  LIMITED,NDA/PRE/RTP/8803,Retail Pharmacy,1047293428,"Nabweru Haji Mugisha BLDG, Opp. Nabweru Play Ground",OPP NABWERU PLAY GROUND,2276,Human,Wakiso,Kampala Extra - Akamwesi
TRIPPLEX MEDICAL SERVICES LIMITED,NDA/PRE/RTP/8814,Retail Pharmacy,1028398322,"MAMERITO BLD'G, MAMERITO MUGERWA &NADIOPE RD, KIRA T/C",MAMERITO MUGERWA &NADIOPE RD,1973,Human,Wakiso,Kampala Extra - Akamwesi
CHAYIM AHAVA PHARMACY LTD,NDA/PRE/RTP/8843,Retail Pharmacy,1028625561,Iganga Municipality-Old Kaliro Road-Iganga,OLD MARKET STREET,1724,Human,Iganga,South Eastern Region - Jinja
CAROBERT INVESTMENT LIMITED,NDA/PRE/RTP/8846,Retail Pharmacy,\N,"NDIBAWAKI PLAZA, KIJABIJJO B",,1229,Human,Wakiso,Kampala Extra - Akamwesi
LALIN ROYAL INVESTMENTS LIMITED,NDA/PRE/RTP/8873,Retail Pharmacy,1009151154,"SSEGUKU ZONE 5, AT JUNCTION KATALE NEBALAMYE",MAYANJA RD,1341,Human,Wakiso,Kampala Extra - Akamwesi
AMAR LIFE PHARMA LTD,NDA/PRE/RTP/8877,Retail Pharmacy,1039136895,"Kyanja ring road, Kyanja, Nakawa division, Kampala",RING ROAD,\N,Human,Kampala,Kampala Extra - Akamwesi
ALENACO LTD,NDA/PRE/RTP/8891,Retail Pharmacy,1028708715,"KYEBANDO, KISALOSALO",KISALOSALO,1776,Human,Kampala,Kampala Extra - Akamwesi
ESART PHARMACY - SMC LIMITED,NDA/PRE/RTP/8899,Retail Pharmacy,1028083393,"OPP HIS GRACE MEDICAL CENTRE, WANKULUKUKU ROAD",WANKULUKUKU ROAD,1243,Human,Wakiso,Kampala Extra - Akamwesi
DEEYAH LIMITED,NDA/PRE/RTP/8909,Retail Pharmacy,\N,DEEYAH SUPERMARKET BLD'G,BESIDES TOTAL BUNAMWAYA,2054,Human,Wakiso,Kampala Extra - Akamwesi
LONDON CARE PHARMACY LTD,NDA/PRE/RTP/8916,Retail Pharmacy,\N,SOMERO CELL -,HALF LONDON,1869,Human,Mbale,Eastern Region - Tororo
KABEC MEDICALS LTD,NDA/PRE/RTP/8928,Retail Pharmacy,1029712658,"BLD'G AT CALTON PETROL STATION, GANGU, BUSABALA ROAD","BLD'G AT CALTON PETROL STATION, GANGU, BUSABALA ROAD",1732,Human,Wakiso,Kampala Extra - Akamwesi
EDVIKYO ENTERPRISES UG LIMITED,NDA/PRE/RTP/8945,Retail Pharmacy,102905540,"HOIMA RD, NEXT TO TEXAS ENERGY",YESU AMALA STAGE,2240,Human,Wakiso,Kampala Extra - Akamwesi
ZIMUNA INVESTMENTS LTD,NDA/PRE/RTP/8959,Retail Pharmacy,\N,MUTUNGO ZONE III,BLACK STREET,1615,Human,Kampala,Kampala Extra - Akamwesi
RITE AID HEALTH CARE LIMITED,NDA/PRE/RTP/8965,Retail Pharmacy,\N,INFRONT OF SIR JOSE HOTEL,GGABA ROAD,1840,Human,Kampala,Kampala Extra - Akamwesi
KYAGWE 2020 AGRIVET LTD,NDA/PRE/RTP/8967,Retail Pharmacy,\N,"ADONAI HOUSE, OPPOSITE TOTAL FUEL STATION MUKONO-KAYUNGA ROAD, MUKONO MUNICIPALITY, MUKONO DISTRICT",MUKONO-KAYUNGA ROAD,1807,Veretinary,Mukono,South Eastern Region - Jinja
XIRON PHARMA LIMITED,NDA/PRE/RTP/8982,Retail Pharmacy,1019303084,"ERINE PLAZA,",KANYANYA,1191,Human,Kampala,Kampala Extra - Akamwesi
MPALA PHARMACY LTD,NDA/PRE/RTP/8985,Retail Pharmacy,1028508422,"KAJJANSI, NALONGO BABIRYE CHRISTINE'S BLD'G",OPP KAJJANSI HCIV,1076,Human,Wakiso,Kampala Extra - Akamwesi
MBOGO PHARMACEUTICALS (U) LTD,NDA/PRE/RTP/8991,Retail Pharmacy,1029142398,MBOGO - KAKUNGULU,TTULA,735,Human,Kampala,Kampala Extra - Akamwesi
JGITTERS PHARMACEUTICALS LIMITED,NDA/PRE/RTP/8996,Retail Pharmacy,\N,Mpara Town Council,Kazinga Road,1325,Human,Kyegegwa,Western Region - Hoima
HESHA PHARMACEUTICAL (U) LTD,NDA/PRE/RTP/9025,Retail Pharmacy,1052041675,"OPP. SSEBI MEDICAL CENTRE SIGNAGE ALONG HOIMA ROAD, NANSANA",ALONG HOIMA ROAD,2167,Human,Wakiso,Kampala Extra - Akamwesi
ALMUG WOOD HEALTH CARE LTD,NDA/PRE/RTP/9031,Retail Pharmacy,\N,"PLOT 472, BLOCK 196",KOMAMBOGA,1884,Human,Kampala,Kampala Extra - Akamwesi
NYENDO PHARMACEUTICALS AND MEDICAL SUPPLIES L,NDA/PRE/RTP/9041,Retail Pharmacy,1030446741,"MASAKA, NYENDO TOWN, VILLA MARIA ROAD","MASAKA, NYENDO TOWN, VILLA MARIA ROAD",738,Human,Masaka,Central Regional Office - Masaka
OMIA AGRIBUSINESS DEVELOPMENT GROUP LIMITED,NDA/PRE/RTP/9044,Retail Pharmacy,\N,"RHINO CAMP ROAD , ARUA CITY",ARUA CITY,1343,Veretinary,Arua,West Nile Region - Arua
HADAH PHARMACY LTD,NDA/PRE/RTP/9071,Retail Pharmacy,\N,"MISINDYE-NAMUGONGO ROAD, SONDE TRADING CENTRE, MUKONO",MISINDYE-NAMUGONGO ROAD,805,Human,Mukono,South Eastern Region - Jinja
MAISHA FRONTIERS LIMITED,NDA/PRE/RTP/9079,Retail Pharmacy,1034914233,NSAMBYA HANLON ROAD-KAMPALA,NSAMBYA HANLON ROAD-KAMPALA,1995,Human,Kampala,Kampala Extra - Akamwesi
CHAMPIONS PHARMACY LTD,NDA/PRE/RTP/9081,Retail Pharmacy,\N,"KATAKA STAGE, KAWAALA 2",KAWAALA - BWAISE ROAD,1538,Human,Kampala,Kampala Extra - Akamwesi
SKF SOURCING SOLUTIONS LTD,NDA/PRE/RTP/9091,Retail Pharmacy,\N,"OPP TOTAL ENERGIES, BULOBA TOWN",MITYANA ROAD,490,Human,Wakiso,Kampala Extra - Akamwesi
BN VET PHARMACY COMPANY LTD,NDA/PRE/RTP/9104,Retail Pharmacy,\N,"MASAKA TOWN, BYANSI COMPLEX",GRANT STREET,1314,Veretinary,Masaka,Central Regional Office - Masaka
SCOTTS PHARMACY LIMITED,NDA/PRE/RTP/9111,Retail Pharmacy,1030960896,"NAMULONGE TRADING CENTRE, NXT TO PETROL STATION",NXT TO PETROL STATION,1800,Human,Wakiso,Kampala Extra - Akamwesi
GOSHEN PHARMACEUTICALS LIMITED,NDA/PRE/RTP/9141,Retail Pharmacy,\N,"OPP DELTA PETROL STATION, LUGOBA",,1355,Human,Wakiso,Kampala Extra - Akamwesi
PAN MEDICAL SERVICES KAMPALA LTD,NDA/PRE/RTP/9174,Retail Pharmacy,1028562511,"PLOT 63, NAGURU DRIVE RD,WITHIN PAN MEDICAL","PLOT 63, NAGURU DRIVE RD",1735,Human,Kampala,Kampala Extra - Akamwesi
PRIORITY SERVICE PROVIDERS LIMITED,NDA/PRE/RTP/9189,Retail Pharmacy,\N,OPP. SIBYANGU TIMBER CENTRE,"KIKUMI ZONE, KAYUNGA",1427,Human,Wakiso,Kampala Extra - Akamwesi
KIN ARISE PHARMACY LTD,NDA/PRE/RTP/9205,Retail Pharmacy,1031320162,"KIRA, BULINDO TRADING CENTRE",KIRA-BULINDO ROAD,1845,Human,Wakiso,Kampala Extra - Akamwesi
AFTAB HEALTH SERVICES LTD,NDA/PRE/RTP/9208,Retail Pharmacy,\N,VUMBA TRADING CENTRE,,1029,Human,Luweero,Kampala Extra - Akamwesi
RAD PHARMACY LTD,NDA/PRE/RTP/9214,Retail Pharmacy,\N,"KIREKA , 20M, OPP GONZAGA CHURCH",KAMULI RD,1165,Human,Wakiso,Kampala Extra - Akamwesi
FRANCLIV PHARMACEUTICALS LIMITED,NDA/PRE/RTP/9225,Retail Pharmacy,\N,"DANCOM BLD'G, NABWERU STAGE NANSANA",OPP KALULE MEMORIAL NURSERY &PRI SCH,1278,Human,Wakiso,Kampala Extra - Akamwesi
ZOECHEM PHARMACY,NDA/PRE/RTP/9257,Retail Pharmacy,1027060457,MBARARA CITY,MASAKA ROAD,1377,Veretinary,Mbarara,South Western Region - Mbarara
FLORAM COMPANY LIMITED,NDA/PRE/RTP/9276,Retail Pharmacy,\N,AT MAKERERE KAGUGUBE,SEPIRIYA MUKASA RD,1136,Human,Kampala,Kampala Extra - Akamwesi
HUSSAIN PHARMACY (U) LTD,NDA/PRE/RTP/9282,Retail Pharmacy,1027048358,"ONDUPARAKA ROUNDABOUT, OPPOSITE KAMURE PARK","RHINO CAMP ROAD, ARUA CITY",1650,Human,Arua,West Nile Region - Arua
SOLMAR PHARMACY,NDA/PRE/RTP/9290,Retail Pharmacy,1017339835,Kabale Rubare stage,Mbarara-Kabale road,\N,Human,Ntungamo,South Western Region - Mbarara
APUCARE PHARMACY LTD,NDA/PRE/RTP/9315,Retail Pharmacy,\N,"SHOP NM007, NM BUSINESS CENTRE, NALUVULE ÃƒÂ¢Ã¢â€šÂ¬Ã¢â‚¬Å“ WAKISO DISTRICT",KABULENGWA,904,Human,Wakiso,Kampala Extra - Akamwesi
NASSIBE PHARMACEUTICALS LTD,NDA/PRE/RTP/9318,Retail Pharmacy,\N,CENTRAL WARD.,KAMPALA RD,1518,Human,Mityana,Western Region - Hoima
REGINA CAELI PHARMACEUTICALS LTD,NDA/PRE/RTP/9319,Retail Pharmacy,\N,"KASENYI CALTEX WARD,","AT 2ND LINK STREET, WSET DIVISION",520,Human,Mubende,Western Region - Hoima
JOLILABS PHARMACY LIMITED,NDA/PRE/RTP/9328,Retail Pharmacy,\N,PLOT 11 COLLINS HOUSE,KAMPALA - JINJA HIGHWAY,657,Human,Mukono,South Eastern Region - Jinja
FLOWRAIN PHARMACY,NDA/PRE/RTP/9354,Retail Pharmacy,\N,OTWAL TOWN COUNCIL,NGAI ROAD,1152,Human,Oyam,Northern Region - Lira
Broadway Pharmaceuticals Limited,NDA/PRE/RTP/9359,Retail Pharmacy,\N,Near Kambuga Hospital,Kambuga road,1773,Human,Kanungu,South Western Region - Mbarara
KAKOBA PHARMACEUTICALS LIMITED,NDA/PRE/RTP/9376,Retail Pharmacy,\N,"KAKOBA, SHOP NO. 2 &3, JMK HSE","ALONG KAKOBA ROAD, MBARARA CITY",1548,Human,Mbarara,South Western Region - Mbarara
DENPAT PHARMACY LIMITED,NDA/PRE/RTP/9393,Retail Pharmacy,\N,"BUSWABULONGO, BUSIMBI DIVISION",BINYONYI RD,1925,Human,Mityana,Western Region - Hoima
D.WATSON PHARMACY LTD,NDA/PRE/RTP/9422,Retail Pharmacy,1033028515,"NEXT TO AVESTO HOTEL, KISAASI KYANJA ROAD",KISAASI KYANJA ROAD,1880,Human,Kampala,Kampala Extra - Akamwesi
HIDDEKEL EBENEZER PHARMACEUTICALS LTD,NDA/PRE/RTP/9425,Retail Pharmacy,\N,KUMI MUNICIPALITY,NGORA RD,430,Human,Kakumiro,North Eastern Region - Soroti
DAIM SHAI INVESTMENTS LTD,NDA/PRE/RTP/9427,Retail Pharmacy,\N,OPP KAWEMPE MARKET,KAWEMPE - BOMBO RD KUTANO STAGE,504,Human,Wakiso,Kampala Extra - Akamwesi
AWESOME PHARMACY LTD,NDA/PRE/RTP/9430,Retail Pharmacy,1047507940,"Mbale Road, Kichinjaji, Soroti City",SOROTI - MBALE RD,1039,Human,Soroti,North Eastern Region - Soroti
LAWILLS PHARMACY LTD,NDA/PRE/RTP/9434,Retail Pharmacy,\N,"MOYO WEST,MOYO TOWN COUNCIL",MOYO-ARUA ROAD,1876,Human,Moyo,West Nile Region - Arua
ASINE INVESTMENTS LIMITED,NDA/PRE/RTP/9442,Retail Pharmacy,1006965516,PLOT NO. 155 - PALLISA ROAD,PALLISA ROAD,1178,Human,Mbale,Eastern Region - Tororo
KEAM PHARMACEUTICALS LIMITED,NDA/PRE/RTP/9465,Retail Pharmacy,1033229923,RUBIDI TOWN SHOP NO. 1 OPP NOMBE STAGE,MBARARA - IBANDA ROAD,1548,Human,Mbarara,South Western Region - Mbarara
EHSAN PHARMACEUTICALS LIMITED,NDA/PRE/RTP/9490,Retail Pharmacy,\N,NAKAWUKA-BUSWA,SOZO CHILDREN'S VILLAGE RD,1339,Human,Wakiso,Kampala Extra - Akamwesi
HITEX CONSORTIUM LTD,NDA/PRE/RTP/9497,Retail Pharmacy,\N,"OPP KAZIBA MALL, KAVULE STAGE",KIRINYA ROAD,1126,Human,Wakiso,Kampala Extra - Akamwesi
MEDITEC SUPPLY CHAIN SOLUTIONS LIMITED,NDA/PRE/RTP/9498,Retail Pharmacy,1041100009,"Mujabi Geofrey Bld'g, Maganjo T/C, Along Bombo Rd",Along Bombo Rd,2056,Human,Wakiso,Kampala Extra - Akamwesi
RAKEL SAFERLIFE HEALTHCARE LTD,NDA/PRE/RTP/9499,Retail Pharmacy,1031082184,"KUNYA, MUTUNGO KAMPALA - NAKAWA","KUNYA, MUTUNGO KAMPALA - NAKAWA",1702,Human,Kampala,Kampala Extra - Akamwesi
OSTWALD CARE LIMITED,NDA/PRE/RTP/9526,Retail Pharmacy,\N,"ZANA, BARACKA HOUSE",SUNA ROAD,1366,Human,Wakiso,Kampala Extra - Akamwesi
CINYA PHARMACY LIMITED,NDA/PRE/RTP/9537,Retail Pharmacy,\N,"PLOT 24,HOSPITAL ROAD,ARUA CITY",HOSPITAL ROAD,1642,Human,Arua,West Nile Region - Arua
GAFOR PHARMACY - SMC LIMITED,NDA/PRE/RTP/9555,Retail Pharmacy,1033210029,"BLD'G BY KYANJO WILLY, GROUND FLOOR, WAMPEEWO, GAYAZA ROAD",GAYAZA ROAD,2226,Human,Wakiso,Kampala Extra - Akamwesi
JOGEN PHARMACY COMPANY LTD,NDA/PRE/RTP/9579,Retail Pharmacy,\N,"BATTAKA, NABBINGO",BLD'G OWNED BY VICENT MUBIRU,1174,Human,Wakiso,Kampala Extra - Akamwesi
Mianzi Healthcare,NDA/PRE/RTP/9581,Retail Pharmacy,1033067681,Bamunanika Trading Center,Wobulenzi - Zirobwe Road,957,Human,Luweero,Kampala Extra - Akamwesi
THERAPY POINT PHARMACY LTD,NDA/PRE/RTP/9600,Retail Pharmacy,\N,"BULOBA, NEXT TO STABEX PETROL STATION BLD'G",MITYANA RD,859,Human,Wakiso,Kampala Extra - Akamwesi
DANNEL PLUS PHARMACEUTICAL CO.LTD,NDA/PRE/RTP/9604,Retail Pharmacy,\N,"Rwebikoona, Mbarara",Mbarara-Bushenyi Road,1058,Human,Mbarara,South Western Region - Mbarara
FRIECCA PHARMACY LIMITED,NDA/PRE/RTP/7862,Retail Pharmacy,1000041176,"OPP TOTAL PETROL STATION, BULINDO","OPP TOTAL PETROL STATION, BULINDO",1177,Human,Wakiso,Kampala Extra - Akamwesi
JOJOON PHARMACY LIMITED,NDA/PRE/RTP/9628,Retail Pharmacy,\N,"AKISIM VILLAGE, OPP. AMURIA GENERAL HOSP.",ORUNGO RD,1647,Human,Amuria,North Eastern Region - Soroti
KIZ PHARMACY UGANDA -SMC LTD,NDA/PRE/RTP/9642,Retail Pharmacy,\N,PLOT 160,NANSANA - KYEBANDO ROAD,1863,Human,Wakiso,Kampala Extra - Akamwesi
JASANY MEDICAL GROUP SMC LIMITED,NDA/PRE/RTP/9649,Retail Pharmacy,\N,"KIREKA, OPP. HARED PETROL STATION",KINAWATAKA RD,1673,Human,Wakiso,Kampala Extra - Akamwesi
NICOVAL PHARMACY LTD,NDA/PRE/RTP/9664,Retail Pharmacy,1034847110,UPPER BUZIGA ZONE - LUKULI KATUUSO RD,LUKULI KATUUSO RD,1660,Human,Kampala,Kampala Extra - Akamwesi
KOYADA HEALTH CARE LIMITED,NDA/PRE/RTP/9668,Retail Pharmacy,\N,KIKONGE T/C,ZIGOTI TOWN COUNCIL,1385,Human,Mityana,Western Region - Hoima
NARROW PATH PHARMACY LTD,NDA/PRE/RTP/9669,Retail Pharmacy,\N,"CITY SQUARE CELL, HAMUTITI WARD","BUNDIBUGYO-NYAHUKA RD, BWAMBA COUNTY",1732,Human,Bundibugyo,Western Region - Hoima
LARK UGANDA LIMITED,NDA/PRE/RTP/9676,Retail Pharmacy,\N,NALUVULE,HOIMA ROAD,551,Human,Wakiso,Kampala Extra - Akamwesi
TOVCARE PHARMACY LIMITED,NDA/PRE/RTP/9709,Retail Pharmacy,\N,NAKANWAGI PLAZA,"WANTONI, KATOSI ROAD",1802,Human,Mukono,South Eastern Region - Jinja
DHALIA AAYAN ENTERPRISES LIMITED,NDA/PRE/RTP/9720,Retail Pharmacy,1034034702,"GOMBA, KANONI TOWN COUNCIL",KANONI TOWN COUNCIL,1762,Human,Gomba,Central Regional Office - Masaka
KWEROCHO CO. UGANDA LIMITED,NDA/PRE/RTP/9732,Retail Pharmacy,\N,"IGAYAZA WARD, IGAYAZA TOWN COUNCIL",,1478,Human,Kakumiro,Western Region - Hoima
VITEX AID PHARMACY LTD,NDA/PRE/RTP/9734,Retail Pharmacy,\N,"KABUNDAIRE, FORT PORTAL CITY",KAIJA ROAD,1896,Human,Fort Portal,Western Region - Hoima
CEFIMED PHARMACY LTD,NDA/PRE/RTP/9777,Retail Pharmacy,\N,"PLOT 2538 BLOCK 192, BUWATE,",NEXT TO NWSC OFFICES,1533,Human,Wakiso,Kampala Extra - Akamwesi
PREMIUM NEW HORIZONS LIMITED,NDA/PRE/RTP/9787,Retail Pharmacy,\N,MPERERWE NEAR FAIHA PRIMARY SCHOOL,KITEEZI ROAD,419,Human,Kampala,Kampala Extra - Akamwesi
RUTH HEALTH PHARMACY -SMC LIMITED,NDA/PRE/RTP/9792,Retail Pharmacy,\N,ENTEBBE INTL AIRPORT ARRIVAL GATE,GROUND FLR,1296,Human,Wakiso,Kampala Extra - Akamwesi
THE REGISTERED TRUSTEES OF KAMPALA ARCHDIOCESE,NDA/PRE/RTP/9797,Retail Pharmacy,1000092355,WITHIN LUBAGA HOSPITAL,WITHIN LUBAGA HOSPITAL,378,Human,Kampala,Kampala Extra - Akamwesi
HEEP PHARMACY LIMITED,NDA/PRE/RTP/9800,Retail Pharmacy,\N,"SHOP DO1, GENESIS BLD'G",KITENDE - ENTEBBE ROAD,1035,Human,Wakiso,Kampala Extra - Akamwesi
MESUT PHARMA LIMITED,NDA/PRE/RTP/9801,Retail Pharmacy,\N,"BWEYOGERERE, BBUTO T/C",,1114,Human,Wakiso,Kampala Extra - Akamwesi
JEEN MATA MEDISALES LIMITED,NDA/PRE/RTP/8802,Retail Pharmacy,1015127296,"HAM SHOPPING MALL (SHOP 39), MAKERERE HILL ROAD",MAKERERE HILL ROAD,1511,Human,Kampala,Kampala Extra - Akamwesi
KIBOWA PERFECT INVESTMENTS LTD,NDA/PRE/RTP/9811,Retail Pharmacy,\N,"KATWE ZONE, KASAMBYA T.C",KATWE RD,1195,Human,Mubende,Western Region - Hoima
JIIBS PHARMACY LTD,NDA/PRE/RTP/9883,Retail Pharmacy,\N,"BABA HOUSE, KIBIRA B, MASAJJA",LWASA ROAD,1743,Human,Wakiso,Kampala Extra - Akamwesi
BLANT PHARMACY LTD,NDA/PRE/RTP/9891,Retail Pharmacy,\N,SPORTS CLUB BLD'G OPP HOIMA REFERRAL HOSP,MAIN GATE,1552,Human,Hoima,Western Region - Hoima
ULTRA MEDICARE LIMITED,NDA/PRE/RTP/9900,Retail Pharmacy,\N,"KASIYIRIZE ZONE, GOMA DIVISON",NAMUGONGO - SONDE ROAD,1623,Human,Mukono,South Eastern Region - Jinja
EQUINOPHARM PHARMACEUTICALS LTD,NDA/PRE/RTP/9907,Retail Pharmacy,\N,HAJI WAMALA BLD'G,NXT TO KALANGALA TOWN MOSQUE,2029,Human,Kalangala,Central Regional Office - Masaka
MAWOGOLA PHARMACY LTD,NDA/PRE/RTP/9923,Retail Pharmacy,\N,OPP SEMBABULE HEALTH CENTRE IV,BUYINJA ROAD,1624,Human,Bukomansimbi,Central Regional Office - Masaka
TIVORT PHARMACY LIMITED,NDA/PRE/RTP/9926,Retail Pharmacy,\N,"KINTU COMPLEX BLD'G, BUNAMWAYA",BEFORE TRAFFIC LIGHTS,1967,Human,Wakiso,Kampala Extra - Akamwesi
HEBA FINE VENTURES &SUPPLIERS LIMITED,NDA/PRE/RTP/9939,Retail Pharmacy,1034687498,"OFF-JINJA ROAD, NAKIBIZI-NJERU-BUIKWE",DALIYA RD,2266,Human,Jinja,South Eastern Region - Jinja
TIANYO VENTURES LTD,NDA/PRE/RTP/9970,Retail Pharmacy,\N,NEXT TO MUNYONYO ROUND ABOUT,MULUNGU RD,1977,Human,Kampala,Kampala Extra - Akamwesi
UTHIE HOLDINGS UGANDA LIMITED,NDA/PRE/RTP/9975,Retail Pharmacy,\N,"MPIGI TOWN,",20 METERS OPP SFMA HARDWARE,1582,Human,Mpigi,Central Regional Office - Masaka
TLC PHARMACEUTICALS LIMITED,NDA/PRE/RTP/9977,Retail Pharmacy,1034116120,"20 METERS OPP TOTAL ENERGIES BULENGA, KASASA TOWN, MITYANA ROAD",MITYANA ROAD,1762,Human,Wakiso,Kampala Extra - Akamwesi
THINKER GROUP OF COMPANIES LIMITED,NDA/PRE/RTP/9980,Retail Pharmacy,\N,PLOT 34 AMDAN KHAN HOUSE,MARGHERITA STREET,1791,Human,Kasese,South Western Region - Mbarara
UVRI-IAVI HIV VACCINE PROGRAM LTD,NDA/PRE/RTP/9985,Retail Pharmacy,1000341973,"NAKIWOGO, UVRI-IAVI BLD'G 52",WITHIN UVRI CAMPUS,1382,Human,Wakiso,Kampala Extra - Akamwesi
PRIMO (U) LIMITED,NDA/PRE/SIA/10005,Surgical Instruments and Appliances Outlet,\N,"MM PLAZA, ROOM T28",LUWUM STREET,\N,Human,Kampala,Kampala Extra - Akamwesi
CANON HEALTHCARE SYSTEMS LTD,NDA/PRE/SIA/10020,Surgical Instruments and Appliances Outlet,1017420238,"SK BUILDING, ROOM A-14, KIREKA - NAMUGONGO ROAD",KIREKA - NAMUGONGO ROAD,\N,Human,Wakiso,Kampala Extra - Akamwesi
CAREMEAD SYSTEMS LTD,NDA/PRE/SIA/10040,Surgical Instruments and Appliances Outlet,1034439316,"PLOT 80, ARUA PARK PLAZA, ROOM F1-570",BEN KIWANUKA STREET,CM9301510E26WE,Human,Kampala,Kampala Extra - Akamwesi
BIO- HEALTH AFRICA LIMITED,NDA/PRE/SIA/10051,Surgical Instruments and Appliances Outlet,\N,"PLOT 36, NAGURU DRIVE",,\N,Human,Kampala,Kampala Extra - Akamwesi
ACCUTECH HEALTHCARE (U) LIMITED,NDA/PRE/SIA/10137,Surgical Instruments and Appliances Outlet,1010413065,"PLOT 26, BAKWENYE HOUSE",WAMPEWO AVENUE,\N,Human,Kampala,Kampala Extra - Akamwesi
LIFE SYSTEMS LIMITED,NDA/PRE/SIA/10151,Surgical Instruments and Appliances Outlet,\N,"PLOT 80, ARUA PARK PLAZA, ROOM A5-276",BEN KIWANUKA STREET,\N,Human,Kampala,Kampala Extra - Akamwesi
NICOSAM HEALTHCARE LIMITED,NDA/PRE/SIA/10192,Surgical Instruments and Appliances Outlet,1022921160,BUKOTO KRISH ESSENCE APARTMENTS ROOM 302,978,\N,Human,Kampala,Kampala Extra - Akamwesi
IMPILO MEDICAL SUPPLIES LIMITED,NDA/PRE/SIA/10207,Surgical Instruments and Appliances Outlet,\N,"PAKA COMPLEX, ZANA",ENTEBBE ROAD,\N,Human,Wakiso,Kampala Extra - Akamwesi
ZAPLABS (U) LTD,NDA/PRE/SIA/10242,Surgical Instruments and Appliances Outlet,\N,"KISAKYE BUSINESS CENTER, ROOM L3-9/10",NTINDA,\N,Human,Kampala,Kampala Extra - Akamwesi
RABRIEL INVESTMENTS LTD,NDA/PRE/SIA/10273,Surgical Instruments and Appliances Outlet,\N,"PLOT 789-794, LUZIRA INDUSTRIAL PARK",RING RD,\N,Human,Kampala,Kampala Extra - Akamwesi
DIVERSE THEATRE SOLUTIONS LTD,NDA/PRE/SIA/10276,Surgical Instruments and Appliances Outlet,\N,"PLOT 537, TUFNELL DRIVE",MULAGO 1,\N,Human,Kampala,Kampala Extra - Akamwesi
TINDWA MEDICAL AND HEALTH SERVICES-SMC LTD,NDA/PRE/SIA/10332,Surgical Instruments and Appliances Outlet,1014781272,"PLOT 1, MINISTERS VILLAGE",MARTYR'S GARDEN WAY ROAD,\N,Human,Kampala,Kampala Extra - Akamwesi
EXSPERA MEDICAL LABORATORIES LTD,NDA/PRE/SIA/10339,Surgical Instruments and Appliances Outlet,\N,"NUMAK ESTATE ROOM M317, OLD KAMPALA",NAMIREMBE ROAD,\N,Human,Kampala,Kampala Extra - Akamwesi
MTZ IMPORTS AND EXPORT LIMITED,NDA/PRE/SIA/10385,Surgical Instruments and Appliances Outlet,\N,PLOT 411 KAMWOKYA,OLD KIRA ROAD,\N,Human,Kampala,Kampala Extra - Akamwesi
IDEAL DENTAL AND MEDICAL SUPPLIES - SMC LIMIT,NDA/PRE/SIA/10400,Surgical Instruments and Appliances Outlet,1038181873,ABAYITA ABABIRI,ENTEBBE ROAD,\N,Human,Wakiso,Kampala Extra - Akamwesi
ICBET MEDICAL GROUP LTD,NDA/PRE/SIA/10455,Surgical Instruments and Appliances Outlet,\N,"PLOT 1195/1196, BUTABA",KYEBANDO,\N,Human,Kampala,Kampala Extra - Akamwesi
LEORO-MED SUPPLY &SERVICES LTD,NDA/PRE/SIA/10495,Surgical Instruments and Appliances Outlet,1016894702,"PLOT 65, KIWATULEPLOT 4783 KIGOBE ROAD NTINDA",MBOGO ROAD,\N,Human,Kampala,Kampala Extra - Akamwesi
SEN LOGISTICS &MEDICAL SUPPLIES,NDA/PRE/SIA/10499,Surgical Instruments and Appliances Outlet,1016777356,"PLOT 22C,",RUBAGA RD,\N,Human,Kampala,Kampala Extra - Akamwesi
INS ORTHOTICS LIMITED,NDA/PRE/SIA/10521,Surgical Instruments and Appliances Outlet,1008235826,"PLOT 71, PRISM PLAZA",K'LA RD,\N,Human,Kampala,Kampala Extra - Akamwesi
A.N.DDAMULIRA LTD,NDA/PRE/SIA/10627,Surgical Instruments and Appliances Outlet,1000144483,"MBOGO, OFF TULA RD","MBOGO, OFF TULA RD",\N,Human,Kampala,Kampala Extra - Akamwesi
JAHAL SUPPLIES LIMITED,NDA/PRE/SIA/10647,Surgical Instruments and Appliances Outlet,\N,KINYOLI 'B' -,NAMANYONYI ROAD,\N,Human,Mbale,Eastern Region - Tororo
NIOMA ORTHOPEDICS LIMITED,NDA/PRE/SIA/10726,Surgical Instruments and Appliances Outlet,1040302062,BUKOTO,MOYO CLOSE,\N,Human,Kampala,Kampala Extra - Akamwesi
ELEPHIN HEALTHCARE LTD,NDA/PRE/SIA/8040,Surgical Instruments and Appliances Outlet,1002772893,"PLOT 13/15, BUGOLOBI",FARADAY RD,\N,Human,Kampala,Kampala Extra - Akamwesi
USTAR BIOTECHNOLOGIES U LTD,NDA/PRE/SIA/8044,Surgical Instruments and Appliances Outlet,1019302076,KING FAHAD PLAZA,KAMPALA ROAD,\N,Human,Kampala,Kampala Extra - Akamwesi
DLA SCIENTIFIC (U) LTD,NDA/PRE/SIA/8053,Surgical Instruments and Appliances Outlet,1015661269,PLOT 7 MINISTERS VILLAGE,RING ROAD,\N,Human,Kampala,Kampala Extra - Akamwesi
VEGAN MEDICAL SUPPLIES LTD,NDA/PRE/SIA/8058,Surgical Instruments and Appliances Outlet,1022748745,"KYEBANDO NSOOBA, KIRUNDA ROAD",KIRUNDA ROAD,\N,Human,Kampala,Kampala Extra - Akamwesi
ORACLE LABORATORY AND DIAGNOSTICS SUPPLIES,NDA/PRE/SIA/8064,Surgical Instruments and Appliances Outlet,1017349763,TWESE PLAZA ROOM S25,WILSON ROAD,\N,Human,Kampala,Kampala Extra - Akamwesi
RFJ MEDICAL &LABORATORY SUPPLIES (U) LTD,NDA/PRE/SIA/8077,Surgical Instruments and Appliances Outlet,1017700865,TWESE PLAZA ROOM S07,WILSON ROAD,\N,Human,Kampala,Kampala Extra - Akamwesi
KETON SCIENTIFIC LIMITED,NDA/PRE/SIA/8102,Surgical Instruments and Appliances Outlet,1019817008,"PLOT 7 NTINDA,  STRETCHER ROAD",STRETCHER ROAD,\N,Human,Kampala,Kampala Extra - Akamwesi
SAFE MISSIONS UGANDA LTD,NDA/PRE/SIA/8109,Surgical Instruments and Appliances Outlet,1015222615,"NAKASAMBA,ENTEBBE",GOWERS RD,\N,Human,Wakiso,Kampala Extra - Akamwesi
AIM DIAGNOSTICS (U) LTD,NDA/PRE/SIA/8192,Surgical Instruments and Appliances Outlet,1019041084,TWESE PLAZA ROOM S16,WILSON ROAD,\N,Human,Kampala,Kampala Extra - Akamwesi
EXPER MEDICAL NETWORK LIMITED,NDA/PRE/SIA/8237,Surgical Instruments and Appliances Outlet,1024933413,"ARUA PARK PLAZA ROOM A5 - 273, BEN KIWANUKA STREET",BEN KIWANUKA STREET,\N,Human,Kampala,Kampala Extra - Akamwesi
TUOREN MEDICAL (U) LTD,NDA/PRE/SIA/8278,Surgical Instruments and Appliances Outlet,1024548509,"TIRUPATI BUSINESS PARK, ROOM W/H NO.085",KYEBANDO,\N,Human,Kampala,Kampala Extra - Akamwesi
SILVERLINE MEDICAL SERVICES LIMITED,NDA/PRE/SIA/8425,Surgical Instruments and Appliances Outlet,1018194015,"NANSANA ,NJOVU COMPLEX ROOM D2",HOIMA ROAD,\N,Human,Wakiso,Kampala Extra - Akamwesi
CACTUS MEDICAL STORES LIMITED,NDA/PRE/SIA/8668,Surgical Instruments and Appliances Outlet,1018495509,"HARUNA TOWERS, ROOMS L4-004 AND L2-014",BOMBO ROAD,\N,Human,Kampala,Kampala Extra - Akamwesi
SHIPVI TRADERS UGANDA SMC LTD,NDA/PRE/SIA/8676,Surgical Instruments and Appliances Outlet,1015319349,"KAUS PLAZA FIRST FLOOR, NAMUNGOONA, RUBAGA",HOIMA ROAD,\N,Human,Kampala,Kampala Extra - Akamwesi
WELLMED SUPPLY LTD,NDA/PRE/SIA/8705,Surgical Instruments and Appliances Outlet,1027864128,"MUKWANO MALL, ROOM U/G-50",RASHID KHAMIS ROAD,\N,Human,Kampala,Kampala Extra - Akamwesi
VKJ HEALTHCARE PRIVATE LIMITED,NDA/PRE/SIA/8727,Surgical Instruments and Appliances Outlet,1027729177,"PLOT 620, UPPER NSOOBA ROAD, KAWEMPE",UPPER NSOOBA ROAD,\N,Human,Kampala,Kampala Extra - Akamwesi
FLEXELLE MEDICALS LTD,NDA/PRE/SIA/8801,Surgical Instruments and Appliances Outlet,1026874673,"NANSANA EAST, ZONE II OPP. NEW BASE HOTEL",HOIMA ROAD,\N,Human,Wakiso,Kampala Extra - Akamwesi
LEGACY RAYS LIMITED,NDA/PRE/SIA/8902,Surgical Instruments and Appliances Outlet,\N,ROZA MARKET BUILDING,KISENYI MUZANA ROAD,12028,Human,Kampala,Kampala Extra - Akamwesi
UNISURG LOGISTICA ENTERPRISES,NDA/PRE/SIA/8926,Surgical Instruments and Appliances Outlet,\N,"M &G PLAZA, ROOM S13 NAMUGONGO",SONDE ROAD,\N,Human,Wakiso,Kampala Extra - Akamwesi
INQABA BIOTEC EAST AFRICA LIMITED,NDA/PRE/SIA/8942,Surgical Instruments and Appliances Outlet,1025729196,"REGENCY PLAZA, 3RD FLOOR, ROOM 5",LUGOGO BYPASS,\N,Human,Kampala,Kampala Extra - Akamwesi
BAIT MEDICAL SUPPLIERS LTD,NDA/PRE/SIA/9053,Surgical Instruments and Appliances Outlet,\N,"MAKERERE KAVULE, NEXT TO TWIN TOWER HOTEL",BOMBO ROAD,36282,Human,Kampala,Kampala Extra - Akamwesi
BLADES UNIQUE SUPPLIES E.A. LTD,NDA/PRE/SIA/9062,Surgical Instruments and Appliances Outlet,1027159749,"GWADDA MALL ROOM KP124-2, KP05",KISENYI SEMUGOOMA ROAD,\N,Human,Kampala,Kampala Extra - Akamwesi
GARETH CAPITAL HOLDINGS LTD,NDA/PRE/SIA/9142,Surgical Instruments and Appliances Outlet,1017607807,"UNICAL HOUSE FIRST FLOOR, NYONYI GARDENS, KOLOLO",ARCHER ROAD,\N,Human,Kampala,Kampala Extra - Akamwesi
MUNGUCHI MEDICAL CENTRE LIMITED,NDA/PRE/SIA/9180,Surgical Instruments and Appliances Outlet,\N,AYIVU,AT RHINO CAMP RD,\N,Human,Arua,West Nile Region - Arua
KEYNTAL SUPPLIES SMC LIMITED,NDA/PRE/SIA/9211,Surgical Instruments and Appliances Outlet,\N,"JB COMPLEX, WANDEGEYA",,34087,Human,Kampala,Kampala Extra - Akamwesi
SOLOMON MEDICAL EQUIPMENT LTD,NDA/PRE/SIA/9314,Surgical Instruments and Appliances Outlet,1027952757,"BLOCK 192, PLOT 2338/2339",BUWATE ROAD,\N,Human,Wakiso,Kampala Extra - Akamwesi
ACTIVE IMPEX EAST AFRICA - SMC LTD,NDA/PRE/SIA/9352,Surgical Instruments and Appliances Outlet,\N,BHATIA TOWER,BEN KIWANUKA STREET,K,Human,Kampala,Kampala Extra - Akamwesi
VERDIGRIS INTERNATIONAL LIMITED,NDA/PRE/SIA/9368,Surgical Instruments and Appliances Outlet,\N,"VARIETY ARCADE, RM SO1, NAALYA",KYALIWAJJALA RD,\N,Human,Wakiso,Kampala Extra - Akamwesi
KIKII INVESTMENTS UGANDA LTD,NDA/PRE/SIA/9396,Surgical Instruments and Appliances Outlet,\N,"STORM CHILD BLD'G, NANKIGA, NYANAMA",,\N,Human,Wakiso,Kampala Extra - Akamwesi
MITS MEDICAL SUPPLIES LTD,NDA/PRE/SIA/9423,Surgical Instruments and Appliances Outlet,\N,"TWESE PLAZA, SHOP B.09",WILSON ROAD,28227,Human,Kampala,Kampala Extra - Akamwesi
HMFBIO PRODUCTS LTD,NDA/PRE/SIA/9466,Surgical Instruments and Appliances Outlet,\N,"TRUTH PLAZA SHOP S21,",HOIMA RD,2871,Human,Kampala,Kampala Extra - Akamwesi
URBAN BIOMEDICAL STORES LTD,NDA/PRE/SIA/9536,Surgical Instruments and Appliances Outlet,1019049655,"KKT PLAZA, BAZAAR ZONE, CENTRAL MARKET - ARUA",DUKA ROAD,\N,Human,Arua,West Nile Region - Arua
EMPRESA SOLUTIONS LIMITED,NDA/PRE/SIA/9550,Surgical Instruments and Appliances Outlet,1002774115,"PLOT 2399, BANDA ZONE B11",TEACHER'S ROAD,\N,Human,Kampala,Kampala Extra - Akamwesi
KADS (U) LTD,NDA/PRE/SIA/9601,Surgical Instruments and Appliances Outlet,1009681264,"PLOT 81-83, RAMP GLASS BUILDING","7TH STREET, INDUSTRIAL AREA",34853,Human,Kampala,Kampala Extra - Akamwesi
JOSU LINKS LIMITED,NDA/PRE/SIA/9616,Surgical Instruments and Appliances Outlet,1000035539,PLOT 30,MOSQUE CLOSE,41752,Human,Kampala,Kampala Extra - Akamwesi
STANDARD MEDICAL SUPPLIES CO LTD,NDA/PRE/SIA/9643,Surgical Instruments and Appliances Outlet,1015107078,"BANK OF AFRICA BLD'G, MASITOOWA","NANSANA , HOIMA ROAD",\N,Human,Wakiso,Kampala Extra - Akamwesi
DOER SOLUTIONS LIMITED,NDA/PRE/SIA/9733,Surgical Instruments and Appliances Outlet,\N,"PLOT 2259, NSAMBYA",KABEGA ROAD,\N,Human,Kampala,Kampala Extra - Akamwesi
CARESERVE MEDICAL SUPPLIES LIMITED,NDA/PRE/SIA/9751,Surgical Instruments and Appliances Outlet,\N,"UMF Building, 2nd Floor",Sir Apollo Kaggwa RD,\N,Human,Kampala,Kampala Extra - Akamwesi
PROMETRIC MEDTECH CONSULTANTS - SMC LTD,NDA/PRE/SIA/9753,Surgical Instruments and Appliances Outlet,1029706134,NANKEERA COMPLEX,BUGANDA ROAD,\N,Human,Kampala,Kampala Extra - Akamwesi
TAF MEDICALS LIMITED,NDA/PRE/SIA/9761,Surgical Instruments and Appliances Outlet,\N,"PLOT 1128, KYAGGWE ,BLOCK 110 BAGALA ZONE,","SEETA T.C, JINJA RD",\N,Human,Mukono,South Eastern Region - Jinja
SECMED TECH LIMITED,NDA/PRE/SIA/9767,Surgical Instruments and Appliances Outlet,\N,NORTH PARK PLAZA,BWEYOGERERE BYPASS LINK RD,\N,Human,Wakiso,Kampala Extra - Akamwesi
HERITAGE PLUS DISTRIBUTION CO LTD,NDA/PRE/SIA/9770,Surgical Instruments and Appliances Outlet,\N,"PLOT 4A, CROWN HOUSE",KAMPALA ROAD,\N,Human,Kampala,Kampala Extra - Akamwesi
AXIS MEDICARE EA LIMITED,NDA/PRE/SIA/9771,Surgical Instruments and Appliances Outlet,\N,"PLOT 15 KIBULI,",KAKUNGULU RD,\N,Human,Kampala,Kampala Extra - Akamwesi
PRODIAG AFRICA LTD,NDA/PRE/SIA/9775,Surgical Instruments and Appliances Outlet,\N,"PLOT 1824, MUYENGA B",KIRIGWAJJO CHURCH ROAD,\N,Human,Kampala,Kampala Extra - Akamwesi
ZELUS LIFE SMC LTD,NDA/PRE/SIA/9798,Surgical Instruments and Appliances Outlet,1022927881,"PLOT 300, NSOOBA KALERWE",\N,\N,Human,Kampala,Kampala Extra - Akamwesi
S.H.B MEDICAL SUPPLIES LIMITED,NDA/PRE/SIA/9823,Surgical Instruments and Appliances Outlet,1035023622,"PLOT 1423, NAJJERA 1, MBOGO ROAD",MBOGO ROAD,\N,Human,Wakiso,Kampala Extra - Akamwesi
JAM LABORATORY SUPPLIES,NDA/PRE/SIA/9855,Surgical Instruments and Appliances Outlet,\N,"TITANIC PLAZA, SHOP TD15",WILSON ROAD,\N,Human,Kampala,Kampala Extra - Akamwesi
LABX SCIENTIFIC LTD,NDA/PRE/SIA/9873,Surgical Instruments and Appliances Outlet,\N,"PLOT 03, NAGURU",KATALIMA CRESCENT,\N,Human,Kampala,Kampala Extra - Akamwesi
CITY MEDICALS LIMITED,NDA/PRE/SIA/9898,Surgical Instruments and Appliances Outlet,1002140118,BUKOTO,ACACIA AVENUE,\N,Human,Kampala,Kampala Extra - Akamwesi
CITY AMBULANCE LIMITED,NDA/PRE/SIA/9910,Surgical Instruments and Appliances Outlet,1002320034,NALYA,ACACIA AVENUE,\N,Human,Kampala,Kampala Extra - Akamwesi
QUALICHEM U LIMITED,NDA/PRE/SIA/9937,Surgical Instruments and Appliances Outlet,\N,PLOT 13,MULWANA ROAD,\N,Human,Kampala,Kampala Extra - Akamwesi
ALTUMU ENTERPRISES - SMC LIMITED,NDA/PRE/SIA/9942,Surgical Instruments and Appliances Outlet,\N,"NYENDO TOWN, NAMU PLAZA, 1ST FLOOR",ABOVE MTN SERVICE CENTRE,\N,Human,Masaka,Central Regional Office - Masaka
EDWIN LANCE LTD,NDA/PRE/SIA/9974,Surgical Instruments and Appliances Outlet,\N,Makerere flats,KIWATULE NAJJERA ROAD,\N,Human,Kampala,Kampala Extra - Akamwesi
BLUE CROSS MEDICAL EQUIPMENT COMPANY LIMITED,NDA/PRE/SIA/9831,Surgical Instruments and Appliances Outlet,1017342652,INSINGIRO TOWN COUNCIL,ISINGIRO TOWN COUNCIL,\N,Human,Isingiro,South Western Region - Mbarara
MEDICAL RESEARCH COUNCIL,NDA/PRE/RTP/3620,Retail Pharmacy,1000028121,"PLOT 51-59, ENTEBBE TOWN COUNCIL ENTEBBE",ENTEBBE MUNICIPALITY,901,Human,Wakiso,Kampala Extra - Akamwesi
BIYINZIKA POULTRY INTERNATIONAL LIMITED,NDA/PRE/SII/2434,Wholesale Pharmacy,\N,KATEGA,NAKAWA,\N,Veretinary,Kampala,Central Regional Office - Masaka
RAZAAM PHARMACEUTICALS LIMITED,NDA/PRE/WHP/0014,Wholesale Pharmacy,1009691858,"MASAKA MUNICIPALITY,  KAMPALA ROAD","MASAKA MUNICIPALITY, KAMPALA ROAD",1733,Human,Masaka,Central Regional Office - Masaka
PHARMA HEALTH LIMITED,NDA/PRE/WHP/0042,Wholesale Pharmacy,1000032529,"SHOP PB1,PB2,PB3, NEW PIONEER MALL BLDG",Wilson Rd,463,Human,Kampala,Kampala Extra - Akamwesi
QUALITY CHEMICALS LTD,NDA/PRE/WHP/0043,Wholesale Pharmacy,1000119943,Plot 64/65 Katwe,Katwe Road,275,Human,Kampala,Kampala Extra - Akamwesi
MASAKA DIOCESAN MEDICAL SERVICES LTD,NDA/PRE/WHP/0048,Wholesale Pharmacy,\N,Kitovu,Ddungu Wing,1737,Human,Masaka,Central Regional Office - Masaka
RENE PHARMACY LTD,NDA/PRE/WHP/0051,Wholesale Pharmacy,1000023357,"Plot 20 , William Street",William Street,399,Human,Kampala,Kampala Extra - Akamwesi
KARURI PHARMACEUTICALS LTD.,NDA/PRE/WHP/0070,Wholesale Pharmacy,1000032025,"PLOT 117/119, KIBAO BUILDING, 6TH STREET INDUSTRIAL AREA",6TH STREET INDUSTRIAL AREA,445,Human,Kampala,Kampala Extra - Akamwesi
BUFFALO HEALTH CARE LTD,NDA/PRE/WHP/0074,Wholesale Pharmacy,1006810865,Plot 2745 Kabalagala,Muyenga Rd,971,Human,Kampala,Kampala Extra - Akamwesi
SCOPEVET DEVELOPMENT LIMITED,NDA/PRE/WHP/0088,Wholesale Pharmacy,1001078555,Plot 14/18,Nakivubo Place,1477,Veretinary,Kampala,Kampala Extra - Akamwesi
MARIE STOPES UGANDA LIMITED,NDA/PRE/WHP/0090,Wholesale Pharmacy,1014721743,Plot 1020,Kisugu-Muyenga Rd,439,Human,Kampala,Kampala Extra - Akamwesi
SEKALALA LIMITED,NDA/PRE/WHP/0091,Wholesale Pharmacy,1000042305,Plot 1 Chicken House,Old Kampala,686,Veretinary,Kampala,Kampala Extra - Akamwesi
ASTRA PHARMA (U) LIMITED,NDA/PRE/WHP/0093,Wholesale Pharmacy,\N,WILSON LANE,WILSON LANE,325,Human,Kampala,Kampala Extra - Akamwesi
REGAL PHARMA U LIMITED,NDA/PRE/WHP/0094,Wholesale Pharmacy,\N,Plot 12/ 20,Wilson Rd,950,Human,Kampala,Kampala Extra - Akamwesi
SHREEJI PHARMACEUTICALS LIMITED,NDA/PRE/WHP/0097,Wholesale Pharmacy,1000052174,"PLOT 373, BLOCK 8, KABUSU",KABUSU RD,1556,Human,Kampala,Kampala Extra - Akamwesi
BIOGEN PHARMA LIMITED,NDA/PRE/WHP/0115,Wholesale Pharmacy,\N,PLOT 21 -,Wilson Rd,497,Human,Kampala,Kampala Extra - Akamwesi
PHILLIPS PHARMACEUTICALS (UGANDA) LIMITED,NDA/PRE/WHP/0131,Wholesale Pharmacy,1000023288,"Plot 96-98 Industrial Area, 5th Street",5th Street,325,Human,Kampala,Kampala Extra - Akamwesi
LIFE MEDICURE PHARMA-SMC LTD,NDA/PRE/WHP/0147,Wholesale Pharmacy,\N,"Bwaise,Next to Bilal Mosque",Kalerwe Rd,799,Human,Kampala,Kampala Extra - Akamwesi
DOLPHIN PHARMACEUTICALS (U) LIMITED,NDA/PRE/WHP/0169,Wholesale Pharmacy,\N,"Plot 17, People's Plaza",William Street,547,Human,Kampala,Kampala Extra - Akamwesi
BHL HEALTHCARE LIMITED,NDA/PRE/WHP/0187,Wholesale Pharmacy,1000497846,"PLOT 25, BHL COMPLEX",Acacia Avenue Road Kololo-Kampala,478,Human,Kampala,Kampala Extra - Akamwesi
MARVIN PHARMA LIMITED,NDA/PRE/WHP/0201,Wholesale Pharmacy,1014100577,"SHOP NO. L4-48, TRANSNILE LINK BUILDING",JOHNSON STREET,1025,Human,Kampala,Kampala Extra - Akamwesi
EAST AFRICA MEDICAL STORES LTD,NDA/PRE/WHP/0222,Wholesale Pharmacy,\N,PLOT 15,WILLIAM STREET,769,Human,Kampala,Kampala Extra - Akamwesi
MEDREICH (U) LIMITED,NDA/PRE/WHP/0223,Wholesale Pharmacy,\N,NATEETE T/C,Wilson Rd,1572,Human,Kampala,Kampala Extra - Akamwesi
MACNAUGHTON LIMITED,NDA/PRE/WHP/0228,Wholesale Pharmacy,1000038501,Plot 107 Wandegeya,Buganda Rd,347,Human,Kampala,Kampala Extra - Akamwesi
SWASTIK PHARMACEUTICAL LTD,NDA/PRE/WHP/0232,Wholesale Pharmacy,1000584338,"SHOP L4-456, GALIRAAYA PLAZA",WILLIAM STREET,709,Human,Kampala,Kampala Extra - Akamwesi
HEALTH LINK PHARMACY LIMITED,NDA/PRE/WHP/0233,Wholesale Pharmacy,1000297170,"GBK Plaza, Ntare Road",Wilson Rd,614,Human,Kampala,Kampala Extra - Akamwesi
VITACARE LIMITED,NDA/PRE/WHP/0236,Wholesale Pharmacy,1008320872,"Plot 5 Ali Bhai Ramji, Johnstone Street",Johnstone Street,663,Human,Kampala,Kampala Extra - Akamwesi
TWO WAY PHARMA LTD,NDA/PRE/WHP/0241,Wholesale Pharmacy,1044202532,PLOT 09 NYONDO_x000D_CLOSE LUTHULI AVENUE-KAMPALA,William Street,255,Human,Kampala,Kampala Extra - Akamwesi
GAMA PHARMACEUTICALS (U) LIMITED,NDA/PRE/WHP/0242,Wholesale Pharmacy,1001433057,Plot 183 Buye Zone Ntinda,Church Rd,863,Human,Kampala,Kampala Extra - Akamwesi
ARMAN PHARMACY (U) LIMITED,NDA/PRE/WHP/0268,Wholesale Pharmacy,\N,Plot 6 A,Main Street,349,Human,Lira,Northern Region - Lira
BIMEDA UGANDA LIMITED,NDA/PRE/WHP/0273,Wholesale Pharmacy,1002179094,"WAREHOUSE 21 AND 22, YOGI BUSINESS PARK, WANKULUKUKU",Stadium Rd,630,Veretinary,Kampala,Kampala Extra - Akamwesi
KIMSY MEDS LTD,NDA/PRE/WHP/0278,Wholesale Pharmacy,\N,"Plot 10, 3rd Street",Industrial Area,678,Human,Kampala,Kampala Extra - Akamwesi
ECHO PHARMACY (U) LIMITED,NDA/PRE/WHP/0283,Wholesale Pharmacy,1000043061,"ECHO PLAZA, PLOT 35 MARTIN ROAD, OLD KAMPALA",MARTIN ROAD,1233,Human,Kampala,Kampala Extra - Akamwesi
Medtop Pharmaceuticals,NDA/PRE/WHP/0302,Wholesale Pharmacy,\N,Plot 11,William Strt,650,Human,Kampala,Kampala Extra - Akamwesi
LABOREX UGANDA LIMITED,NDA/PRE/WHP/0303,Wholesale Pharmacy,1000040427,PLOT 909,NAMANVE INDUSTRIAL PARK,348,Human,Mukono,South Eastern Region - Jinja
EVERVICTORY LIMITED,NDA/PRE/WHP/0305,Wholesale Pharmacy,1000129543,PLOT 61/63,Nakivubo Place,259,Veretinary,Kampala,Kampala Extra - Akamwesi
HEALTHCARE LTD.,NDA/PRE/WHP/0317,Wholesale Pharmacy,1000298934,Plot 77A Kampala Plaza,Kampala Rd,246,Human,Kampala,Kampala Extra - Akamwesi
AAFIYA (A) LIMITED,NDA/PRE/WHP/0325,Wholesale Pharmacy,1002954566,"Kyazanga Town Council, Kla-Mbarara Highway",Kampala Mbarara High Way,656,Human,Lwengo,Central Regional Office - Masaka
CKL UGANDA LIMITED,NDA/PRE/WHP/0327,Wholesale Pharmacy,1002339241,"PLOT 120, BLOCK 250, GGABA",BBUNGA - GGABA RD,797,Veretinary,Kampala,Kampala Extra - Akamwesi
AIVEEN (U) LIMITED,NDA/PRE/WHP/0335,Wholesale Pharmacy,1000273517,"Plot 10, Jesco Plaza, Wilson Rd",Wilson Rd,328,Human,Kampala,Kampala Extra - Akamwesi
MAISHA MEDICAL SUPPLIES LIMITED,NDA/PRE/WHP/0347,Wholesale Pharmacy,1000448873,"Plot 111, Naguru",Katalemwa Rd,1543,Human,Kampala,Kampala Extra - Akamwesi
SURGIPHARM (U) LIMITED,NDA/PRE/WHP/0355,Wholesale Pharmacy,1000026792,"Plot M424, Ntinda",Industrial Area,583,Human,Kampala,Kampala Extra - Akamwesi
BASSAR LIMITED,NDA/PRE/WHP/0370,Wholesale Pharmacy,1003871720,"Plot 25, Nakivubo Place",Nakivubo Place,910,Veretinary,Kampala,Kampala Extra - Akamwesi
ULTRAVETIS UGANDA LIMITED,NDA/PRE/WHP/0378,Wholesale Pharmacy,1000560223,"Plot 28, Jinja Road, Dewinton Street",Dewinton Street,592,Veretinary,Kampala,Kampala Extra - Akamwesi
BOOTS PHARMACEUTICALS LIMITED,NDA/PRE/WHP/0383,Wholesale Pharmacy,1000066203,Ntinda Trading Centre,Ntinda Road,392,Human,Kampala,Kampala Extra - Akamwesi
CROWN HEALTHCARE (U) LIMITED,NDA/PRE/WHP/0388,Wholesale Pharmacy,1000043023,"Plot 118-120, Industrial Area",7th Street,768,Human,Kampala,Kampala Extra - Akamwesi
Citronate Investments Ltd,NDA/PRE/WHP/0400,Wholesale Pharmacy,\N,Mpererwe Trading Centre,Gayaza Rd,1519,Human,Kampala,Kampala Extra - Akamwesi
BETA HEALTHCARE UGANDA LIMITED,NDA/PRE/WHP/0402,Wholesale Pharmacy,\N,Plot 12/14 Industrial Area,3rd Street,278,Human,Kampala,Kampala Extra - Akamwesi
MEDICAL ACCESS (UGANDA) LIMITED,NDA/PRE/WHP/0404,Wholesale Pharmacy,1000028114,Plot 26,Nakasero Rd,310,Human,Kampala,Kampala Extra - Akamwesi
UHAI PHARMACY,NDA/PRE/WHP/0410,Wholesale Pharmacy,1015437489,"MUKWANO ARCADE, BEN KIWANUKA STREET",BEN KIWANUKA STREET,505,Human,Kampala,Kampala Extra - Akamwesi
KPI HEALTHCARE LIMITED,NDA/PRE/WHP/0437,Wholesale Pharmacy,\N,"Plot M444B, Ntinda",Stretcher Rd,1702,Human,Kampala,Kampala Extra - Akamwesi
MU PHARMA CO -SMC LIMITED,NDA/PRE/WHP/0440,Wholesale Pharmacy,1010759576,"The Mall, shop B3, Plot 6, Wilson Lane, Kampala",Luwum Street,1413,Human,Kampala,Kampala Extra - Akamwesi
UNITED HEALTHCARE DISTRIBUTORS LTD,NDA/PRE/WHP/0447,Wholesale Pharmacy,1000442815,Plot 26,Nakasero Rd,310,Human,Kampala,Kampala Extra - Akamwesi
HARLEYS UGANDA LIMITED,NDA/PRE/WHP/0455,Wholesale Pharmacy,1001088645,"Plot 12, Bombo Road",Bombo Road,377,Human,Kampala,Kampala Extra - Akamwesi
SUPER PHARMACEUTICALS LIMITED,NDA/PRE/WHP/0458,Wholesale Pharmacy,\N,"PLOT 89, BLOCK 29",MAWANDA RD,640,Human,Kampala,Kampala Extra - Akamwesi
KAMCARE PHARMA LIMITED,NDA/PRE/WHP/0459,Wholesale Pharmacy,1000032712,"B15 &B16, PRIME COMPLEX",JOHNSON STREET,378,Human,Kampala,Kampala Extra - Akamwesi
KWEWAYO (U) VET PHARMACY LIMITED,NDA/PRE/WHP/0480,Wholesale Pharmacy,1000088292,"PLOT 13, Nakivubo Place",Nakivubo Place,2034,Veretinary,Kampala,Kampala Extra - Akamwesi
TATA UGANDA LIMITED,NDA/PRE/WHP/0517,Wholesale Pharmacy,1000028542,Plot 52,Lugogo By Pass,592,Human,Kampala,Kampala Extra - Akamwesi
SALAMA PHARMACEUTICALS LIMITED,NDA/PRE/WHP/0519,Wholesale Pharmacy,\N,Katovu T/C,Mbarara Highway,1007,Human,Lwengo,Central Regional Office - Masaka
LIFE STREAM PHARMACY LIMITED,NDA/PRE/WHP/0535,Wholesale Pharmacy,\N,Kayabwe T/C,Masaka Rd,917,Human,Mpigi,Central Regional Office - Masaka
BIOGEN PHARMA LTD,NDA/PRE/WHP/0539,Wholesale Pharmacy,1007328786,"NANDEE TOWERS, WILSON RD",WILSON RD,1293,Human,Kampala,Kampala Extra - Akamwesi
AFAAN PHARMA LIMITED,NDA/PRE/WHP/0550,Wholesale Pharmacy,1001350224,"Plot 26, Block no 208, Bwaise- Kampala",Bwaise,1969,Human,Kampala,Kampala Extra - Akamwesi
MEDNET HEALTHCARE LIMITED,NDA/PRE/WHP/0588,Wholesale Pharmacy,\N,"Plot 536, Ndeeba",Masaka Rd,537,Human,Kampala,Kampala Extra - Akamwesi
ARYSTAR PHARMA (U) LIMITED,NDA/PRE/WHP/0596,Wholesale Pharmacy,\N,NANDEE TOWER,WILSON STREET,772,Human,Kampala,Kampala Extra - Akamwesi
SHIFA CHEMISTS LIMITED,NDA/PRE/WHP/0608,Wholesale Pharmacy,\N,Plot 28 Opp Central Market,Kabale Rd,1064,Human,Kabale,South Western Region - Mbarara
FAMU CARE ENTERPRISES LTD,NDA/PRE/WHP/0620,Wholesale Pharmacy,\N,"PLOT 80,",HIGH STREET,502,Veretinary,Mbarara,South Western Region - Mbarara
BYAMAKA PHARMACEUTICAL COMPANY LTD,NDA/PRE/WHP/0627,Wholesale Pharmacy,\N,Plot 15/17,Buremba Road,332,Human,Mbarara,South Western Region - Mbarara
NORVIK ENTERPRISES LTD -MBARARA,NDA/PRE/WHP/0628,Wholesale Pharmacy,\N,PLOT 17C,HIGH STREET,611,Human,Mbarara,South Western Region - Mbarara
BLUE CROSS TRADERS LIMITED,NDA/PRE/RTP/0661,Retail Pharmacy,1047300218,"Blue Room, Namirembe Road",Namirembe Road,1397,Human,Kampala,Kampala Extra - Akamwesi
ROYAL PHARMA 2010 LIMITED,NDA/PRE/WHP/0677,Wholesale Pharmacy,\N,"FLORIDA BLD'G, PLOT 20",KABALE RD,792,Human,Kabale,South Western Region - Mbarara
Kwewayo Vet Pharmacy Ltd,NDA/PRE/WHP/0708,Wholesale Pharmacy,\N,Plot 19,Edward Avenue,234,Veretinary,Masaka,Central Regional Office - Masaka
GABAVET PHARMACY LIMITED,NDA/PRE/WHP/0718,Wholesale Pharmacy,\N,"PLOT 12,",OLD MBARARA-KABALE RD,786,Veretinary,Ntungamo,South Western Region - Mbarara
LIFE CARE PHARMACY LTD-KABALE,NDA/PRE/WHP/0725,Wholesale Pharmacy,\N,"Plot 101, Shop 6",Main Road,1718,Human,Kabale,South Western Region - Mbarara
BD PHARMACEUTICALS LTD,NDA/PRE/WHP/0764,Wholesale Pharmacy,1006794230,Plot 53,High Street,1522,Veretinary,Mbarara,South Western Region - Mbarara
EPACO LIMITED,NDA/PRE/WHP/0767,Wholesale Pharmacy,\N,"PLT 38,","ALEXANDER STREET,",1381,Human,Kasese,South Western Region - Mbarara
SOLENE PHARMACEUTICALS LTD,NDA/PRE/WHP/0771,Wholesale Pharmacy,\N,Plot 28,Margherita Street,710,Human,Kasese,South Western Region - Mbarara
MUKWANO MEDICAL SERVICES LIMITED,NDA/PRE/WHP/0793,Wholesale Pharmacy,1001296929,"LUKAYA, MASAKA ROAD","LUKAYA, MASAKA ROAD",1040,Human,Kalungu,Central Regional Office - Masaka
ERIS LTD,NDA/PRE/WHP/0803,Wholesale Pharmacy,1000033447,Plot 51 William Street,William Street,315,Human,Kampala,Kampala Extra - Akamwesi
CORE ACCESS LIMITED,NDA/PRE/WHP/0840,Wholesale Pharmacy,1120521091,"Plot 30, Kasumba","Circular Road, Ntinda",1228,Human,Kampala,Kampala Extra - Akamwesi
SHIFA CHEMIST LTD-MBAGUTA STREET,NDA/PRE/WHP/0847,Wholesale Pharmacy,\N,"PLT 11/13,",MBAGUTA STREET,726,Human,Mbarara,South Western Region - Mbarara
Sanyu 2014 Pharmacy,NDA/PRE/WHP/0872,Wholesale Pharmacy,\N,Plot 70,Zibondo Road,920,Human,Kaliro,South Eastern Region - Jinja
NABAW PHARMACY LIMITED,NDA/PRE/WHP/0874,Wholesale Pharmacy,\N,Kayunga -,Busana Road,1012,Human,Kayunga,South Eastern Region - Jinja
MUNIR AND SONS INVESTMENT LTD,NDA/PRE/WHP/0882,Wholesale Pharmacy,\N,JINJA-KAMPALA HWAY- OPP MUKONO POLICE,JINJA-KAMPALA HIGHWAY,475,Human,Mukono,South Eastern Region - Jinja
SSINGO PHARMACEUTICALS LIMITED,NDA/PRE/WHP/0905,Wholesale Pharmacy,\N,MITYANA,TRADING CENTRE,1670,Human,Mityana,Western Region - Hoima
MERIT FARM SUPPLY LIMITED,NDA/PRE/WHP/0914,Wholesale Pharmacy,\N,"Plot 5,",Balya Rd,599,Veretinary,Kabarole,Western Region - Hoima
BUNDIBUGYO PHARMACY LIMITED,NDA/PRE/WHP/0917,Wholesale Pharmacy,1006833406,"Fort portal Road , Bundibugyo Rural",Road,1761,Human,Bundibugyo,Western Region - Hoima
BIOMED AFRICA LIMITED,NDA/PRE/WHP/0919,Wholesale Pharmacy,1006732716,"PLOT M2 &M4, FACTORY CLOSE, NTINDA","FACTORY CLOSE, NTINDA",445,Human,Kampala,Kampala Extra - Akamwesi
SPRING PHARMACY LIMITED,NDA/PRE/WHP/0923,Wholesale Pharmacy,\N,"PLOT 6, G08, THE MALL, WILSON ROAD",Wilson Rd,412,Human,Kampala,Kampala Extra - Akamwesi
BUGOLO HEALTH CARE PHARMACEUTICALS LTD,NDA/PRE/WHP/0924,Wholesale Pharmacy,\N,MUHORRO,TRADING CENTRE,479,Human,Kagadi,Western Region - Hoima
TUMURAMYE PHARMACY LIMITED,NDA/PRE/WHP/0944,Wholesale Pharmacy,\N,BUYAGA,STREET,2032,Human,Kagadi,Western Region - Hoima
AKSHAR PHARMACEUTICALS UGANDA LIMITED,NDA/PRE/WHP/0949,Wholesale Pharmacy,1008568032,"KIGUMBA TOWN COUNCIL, GULU HIGHWAY","KIGUMBA TOWN COUNCIL, GULU HIGHWAY",1633,Human,Kiryandongo,Western Region - Hoima
JULKO PHARMACEUTICALS (U) LIMITED,NDA/PRE/WHP/0952,Wholesale Pharmacy,\N,BWEYALE,TOWN,372,Human,Kiryandongo,Western Region - Hoima
UNEED GLOBAL GROUP LIMITED,NDA/PRE/WHP/0989,Wholesale Pharmacy,1000290756,"Plot 53, Kamwokya",Kira Rd,724,Human,Kampala,Kampala Extra - Akamwesi
AIM PHARMACEUTICALS LTD,NDA/PRE/WHP/10012,Wholesale Pharmacy,1026409984,"MUKWANO COURTS, BUGANDA ROAD, KAMPALA CENTRAL.-Kampala","MUKWANO COURTS, BUGANDA ROAD",1408,Human,Kampala,Kampala Extra - Akamwesi
OVERCOMERS PHARMACY LIMITED,NDA/PRE/WHP/10013,Wholesale Pharmacy,\N,"KALAMBA T/C, KIGANDA T.C",MITYANA-MUBENDE RD,1954,Human,Kasanda,Western Region - Hoima
PENOMAC PHARMA LIMITED,NDA/PRE/WHP/10049,Wholesale Pharmacy,\N,PLOT No. 14,Main street,2024,Human,Kaberamaido,North Eastern Region - Soroti
HOLY GROUNDS PHARMACEUTICALS LIMITED,NDA/PRE/WHP/10060,Wholesale Pharmacy,\N,PLOT 05,TIRINYI HIGHWAY,1494,Human,Budaka,Eastern Region - Tororo
NABADAH PHARMACEUTICAL COMPANY LIMITED,NDA/PRE/WHP/10097,Wholesale Pharmacy,1037403667,Rubaare Town Council,Kisizi Road,1902,Human,Ntungamo,South Western Region - Mbarara
ORGANPIC PHARMACY LIMITED,NDA/PRE/WHP/10104,Wholesale Pharmacy,\N,"KAYUNGA, KITIMBWA TOWN COUNCIL",BBAALE ROAD,2015,Human,Kayunga,South Eastern Region - Jinja
GARY HOLMES PHARMACY UGANDA LIMITED,NDA/PRE/WHP/10154,Wholesale Pharmacy,1036416359,"LEE AND PENNY, ANDERSON BLOCK- NEXT TO GARY HOLMES HOSPITAL, MAGANJO, WAKISO DISTRICT",NEXT TO GARY HOLMES HOSPITAL,2034,Human,Wakiso,Kampala Extra - Akamwesi
JENSON OKAM PHARMACY LIMITED,NDA/PRE/WHP/10156,Wholesale Pharmacy,\N,TOWN COUNCIL,BULANGIRA ROAD,\N,Human,Kibuku,Eastern Region - Tororo
PRANA PHARMA LTD,NDA/PRE/WHP/10162,Wholesale Pharmacy,\N,PLOT 211 -,MALABA ROAD,1933,Human,Tororo,Eastern Region - Tororo
ALTIM PHARMACY LIMITED,NDA/PRE/WHP/10164,Wholesale Pharmacy,1036777099,"NSOOBA OPPOSITE BY-TRUST FUEL STATION, KYEBANDO RING ROAD",KYEBANDO RING ROAD,2009,Human,Kampala,Kampala Extra - Akamwesi
DRUGLOFT PHARMACY LIMITED,NDA/PRE/WHP/10195,Wholesale Pharmacy,1036329487,"1ST FLOOR IMANI VILLAGE COMPLES, MULAWA",MULAWA,993,Human,Wakiso,Kampala Extra - Akamwesi
ALENAX PHARMACY LIMITED,NDA/PRE/WHP/10214,Wholesale Pharmacy,1037390750,"KITUZI, LUNGUJJA",LUNGUJJA,2058,Human,Kampala,Kampala Extra - Akamwesi
JAZMINE DIVINE INVESTMENTS (U) LIMITED,NDA/PRE/WHP/10251,Wholesale Pharmacy,\N,"IRUNDU TOWN COUNCIL, BUDIOPE EAST",,2030,Human,Buyende,South Eastern Region - Jinja
SEFAM PHARMACY LTD,NDA/PRE/WHP/10258,Wholesale Pharmacy,\N,OPP LUWERO GENERAL HOSPITAL,KASANA,1982,Human,Luweero,Kampala Extra - Akamwesi
J.P.IMPEX PHARMACY (U) LIMITED,NDA/PRE/WHP/1028,Wholesale Pharmacy,1008577311,"PLOT 20, OBOJA RD",OBOJA RD,1178,Human,Iganga,South Eastern Region - Jinja
NAHAM PHARMACEUTICALS - SMC LTD,NDA/PRE/WHP/10284,Wholesale Pharmacy,\N,LWEZA,ENTEBBE ROAD,1889,Human,Wakiso,Kampala Extra - Akamwesi
MINCOM CURE CO. LTD,NDA/PRE/WHP/10295,Wholesale Pharmacy,\N,Plot 106,Old Kabale Rd,1920,Human,Ntungamo,South Western Region - Mbarara
MALAK HEALTHCARE (U) LTD,NDA/PRE/WHP/10296,Wholesale Pharmacy,1038427435,"SHOP LP02, LWANGA PLAZA, BULAGA - KALAMBI",MITYANA ROAD,748,Human,Wakiso,Kampala Extra - Akamwesi
WALGREEN INVESTMENT LIMITED PHARMACY,NDA/PRE/WHP/10316,Wholesale Pharmacy,1017245590,"BIAFURA, MBARARA - PLOT 30,VICTOR BWANA 1 ROAD","PLOT 30,VICTOR BWANA 1 ROAD",1990,Human,Mbarara,South Western Region - Mbarara
HIKMA PHARMACEUTICALS LIMITED,NDA/PRE/WHP/10337,Wholesale Pharmacy,1038079740,"OPPOSITE KASANA ANGLICAN DIOCESE, KASANA LUWEERO",GULU HIGHWAY,2157,Human,Luweero,Kampala Extra - Akamwesi
SAYFUL CO. LIMITED,NDA/PRE/WHP/10378,Wholesale Pharmacy,\N,NEXT TO AMBIANCE HOTEL,MASAKA-NYENDO RD,1903,Human,Masaka,Central Regional Office - Masaka
JEPRA MEDICAL SERVICES LTD,NDA/PRE/WHP/10384,Wholesale Pharmacy,\N,PLOT NO. 02,BAZAAR STREET,\N,Human,Tororo,Eastern Region - Tororo
UNIPRIX PHARMACY LIMITED,NDA/PRE/WHP/10423,Wholesale Pharmacy,1038652392,"Igayaza Town council, Kakumiro district","MAIN STREET,",1906,Human,Kakumiro,Western Region - Hoima
GILGIT PHARMACY LIMITED,NDA/PRE/WHP/10434,Wholesale Pharmacy,1039174466,NEXT TO BETHANY HOSPITAL,KATABI TOWN COUNCIL,1965,Human,Wakiso,Kampala Extra - Akamwesi
BETTER LIFE PHARMACEUTICALS LTD,NDA/PRE/WHP/10435,Wholesale Pharmacy,1012974697,"NEXT TO SHELL BULAGA, CAROLINE NASSIMBWA'S BLD'G",MITYANA ROAD,2282,Human,Wakiso,Kampala Extra - Akamwesi
PROFACTOR PHARMA (U) LIMITED,NDA/PRE/WHP/10458,Wholesale Pharmacy,\N,OPP. ST. LUKE COU,KYENJOJO-HOIMA RD,1788,Human,Kagadi,Western Region - Hoima
BIFAH PHARMACY LIMITED,NDA/PRE/WHP/10468,Wholesale Pharmacy,\N,"KASAMBILA T/CENTRE, KAMULI",JINJA-KAMULI HIGHWAY,1024,Human,Kamuli,South Eastern Region - Jinja
DARSHI PHARMACY (U) LIMITED,NDA/PRE/WHP/10472,Wholesale Pharmacy,\N,"PLOT  60, KIGUMBA T.C",KIGUMBA - MASINDI RD,2047,Human,Kiryandongo,Western Region - Hoima
MOLIFE INVESTMENTS LIMITED,NDA/PRE/WHP/10477,Wholesale Pharmacy,\N,KAMULI MUNICIPAL COUNCIL,ADAMS RD,1913,Human,Kamuli,South Eastern Region - Jinja
XYLOPHARM LIMITED,NDA/PRE/WHP/1048,Wholesale Pharmacy,\N,Kamuli Municipality,Saaza Road,668,Human,Kamuli,South Eastern Region - Jinja
WALK IN PHARMACEUTICALS,NDA/PRE/WHP/10486,Wholesale Pharmacy,1038928635,"WOBULENZI T/C, KAMPALA-GULU HIGHWAY, LUWERO",KLA-GULU HIGHWAY,1929,Human,Luweero,Kampala Extra - Akamwesi
FIRST HILL PHARMACEUTICALS &DIAGNOSTICS LTD,NDA/PRE/WHP/10487,Wholesale Pharmacy,\N,KIROMBE,GOGONYA ROAD,1781,Human,Kampala,Kampala Extra - Akamwesi
EQUITY PHARMA LTD,NDA/PRE/WHP/10490,Wholesale Pharmacy,1038974639,"NAKAVULE A, JINJA - TORORO HIGHWAY-IGANGA",JINJA - TORORO HIGHWAY-IGANGA,1619,Human,Iganga,South Eastern Region - Jinja
GREAT VETS INTERNATIONAL LIMITED,NDA/PRE/WHP/10519,Wholesale Pharmacy,\N,"MBARI PLAZA, NALUKOLONGO",,1022,Veretinary,Kampala,Kampala Extra - Akamwesi
KENG PHARMACEUTICALS LIMITED,NDA/PRE/WHP/10545,Wholesale Pharmacy,1019369869,"SAME BLD'G AS URA SERVICE CENTER, OPP DFCU BANK",KOOKI STREET,1905,Veretinary,Masaka,Central Regional Office - Masaka
WHITAG PHARMACEUTICALS LTD,NDA/PRE/WHP/10568,Wholesale Pharmacy,\N,Kabuyanda Town Council,Kabuyanda,1164,Human,Isingiro,South Western Region - Mbarara
PATEL PHARMACY (U) LTD,NDA/PRE/WHP/10571,Wholesale Pharmacy,\N,"ROOM 22 &23, BWAISE COMPLEX CENTER","KATALE STREET, WAKISO T.C",741,Human,Wakiso,Kampala Extra - Akamwesi
ALLIED SUPER INVESTMENTS LTD,NDA/PRE/WHP/1059,Wholesale Pharmacy,\N,Plot 10,Rwenzori Road,1288,Human,Kasese,South Western Region - Mbarara
PEDRO COLLIN PHARMACY LTD,NDA/PRE/WHP/1065,Wholesale Pharmacy,\N,LOCKUP 6C/8C,"TAXI PARK,",1081,Human,Kamuli,South Eastern Region - Jinja
S.A AND E.M PHARMACY LIMITED,NDA/PRE/WHP/1076,Wholesale Pharmacy,\N,KAGADI TOWN,MARKET STREET,596,Human,Kagadi,Western Region - Hoima
NORVIK ENTERPRISES LIMITED,NDA/PRE/WHP/1095,Wholesale Pharmacy,\N,Plot 78/3-4,KUMI ROAD,535,Human,Mbale,Eastern Region - Tororo
SPARTAN,NDA/PRE/WHP/1099,Wholesale Pharmacy,\N,PLOT 16B,MAIN ROAD,410,Human,Budaka,Eastern Region - Tororo
ZARIN PHARMACEUTICALS LIMITED,NDA/PRE/WHP/1110,Wholesale Pharmacy,\N,BABIIHA,MAIN STREET,724,Human,Iganga,South Eastern Region - Jinja
Gayatri Pharmacy Limited,NDA/PRE/WHP/1118,Wholesale Pharmacy,\N,"Plot 23/25,",Scindia Rd,1615,Human,Jinja,South Eastern Region - Jinja
YAGNAPURUSH PHARMACY LTD,NDA/PRE/WHP/1121,Wholesale Pharmacy,\N,Plot 60A,MAIN STREET,775,Human,Iganga,South Eastern Region - Jinja
AL-KABEER PHARMA LIMITED,NDA/PRE/WHP/1122,Wholesale Pharmacy,\N,"Block 123, Plot 1198",Alice Mulooki Road,535,Human,Jinja,South Eastern Region - Jinja
KAKAMA PHARMACEUTICALS LIMITED,NDA/PRE/WHP/1153,Wholesale Pharmacy,\N,"PLOT 27,",OPPOSITE TAXI PARK,759,Human,Mubende,Western Region - Hoima
MEDORA PHARMA LTD,NDA/PRE/WHP/1220,Wholesale Pharmacy,\N,"Plot 494, Block 204, Goshen House, Kawempe",Bombo Road,933,Human,Kampala,Kampala Extra - Akamwesi
METRO PHARMACEUTICALS LIMITED,NDA/PRE/WHP/1225,Wholesale Pharmacy,1000032322,"Plot 14, Bombo Rd",Bombo Rd,641,Human,Kampala,Kampala Extra - Akamwesi
ALISHA ANDYCO UGANDA LTD,NDA/PRE/WHP/1238,Wholesale Pharmacy,\N,PLOT 4B -,REPUBLIC STREET,254,Human,Mbale,Eastern Region - Tororo
METRALCO LIMITED,NDA/PRE/WHP/1268,Wholesale Pharmacy,\N,PLOT 29,REPUBLIC STREET,344,Human,Mbale,Eastern Region - Tororo
PAJA PHARMACY LTD,NDA/PRE/RTP/1524,Retail Pharmacy,1016979803,PLOT 91 GRANT STREET,TORORO HIGHWAY,1016,Human,Bugiri,South Eastern Region - Jinja
HORIZON PHARMACEUTICALS LTD,NDA/PRE/WHP/1285,Wholesale Pharmacy,\N,"Plot 21,",Wani Road,853,Human,Adjumani,West Nile Region - Arua
ACCURATE DOSE PHARMACY - SMC LIMITED,NDA/PRE/WHP/1302,Wholesale Pharmacy,1050261000,"PLOT 10, TABAN LANE - NEW TAXI PARK, ARUA",TABAN LANE - NEW TAXI PARK,1194,Human,Arua,West Nile Region - Arua
PRIME HEALTH CARE LTD,NDA/PRE/WHP/1310,Wholesale Pharmacy,\N,Ambassador House,Adumi Road,512,Human,Arua,West Nile Region - Arua
LIFE PHARMA AFRICA LIMITED,NDA/PRE/WHP/1354,Wholesale Pharmacy,\N,"Plot16, Ezzy stores building",Wilson Rd,733,Human,Kampala,Kampala Extra - Akamwesi
QUALITY CHEMICALS LTD,NDA/PRE/WHP/1363,Wholesale Pharmacy,1000119943,"PLOT 64/65, KATWE",Katwe Road,275,Veretinary,Kampala,Kampala Extra - Akamwesi
ALPHA MEDICA PHARMACEUTICAL 2012 LTD,NDA/PRE/WHP/1381,Wholesale Pharmacy,\N,Kasubi,Hoima Rd,1002,Human,Kampala,Kampala Extra - Akamwesi
NANDINI PHARMACEUTICALS LIMITED,NDA/PRE/WHP/1396,Wholesale Pharmacy,1000034873,"Plot 122, 6th Street Industrial Area",6th Street Industrial Area,398,Veretinary,Kampala,Kampala Extra - Akamwesi
SKYFALL INVESTMENT LTD,NDA/PRE/WHP/1399,Wholesale Pharmacy,\N,PLOT 48,MUSITA RD-MAYUGE RD,1302,Human,Jinja,South Eastern Region - Jinja
POPULATION SERVICES INTERNATIONAL - UGANDA,NDA/PRE/WHP/1405,Wholesale Pharmacy,1010538140,"PLOT 1828, NSAMBYA",GOGONYA RD,629,Human,Kampala,Kampala Extra - Akamwesi
NORBROOK (U) LTD,NDA/PRE/WHP/1464,Wholesale Pharmacy,1000055502,"Plot 703, Banda",Jinja Road,461,Veretinary,Kampala,Kampala Extra - Akamwesi
MEDIPHARM SALES LIMITED,NDA/PRE/WHP/1469,Wholesale Pharmacy,1000035836,"Plot 65, Bweyogerere",Kakajjo Rd,290,Human,Kampala,Kampala Extra - Akamwesi
SINO AFRICA MEDICINES &HEALTH LTD,NDA/PRE/WHP/1470,Wholesale Pharmacy,\N,Plot 104-106A Industrial Area,5th Street,973,Human,Kampala,Kampala Extra - Akamwesi
Medicross Pharmacy (U) Limited,NDA/PRE/WHP/1492,Wholesale Pharmacy,\N,PIONEER VIEW ARCADE,BEN KIWANUKA STRT,730,Human,Kampala,Kampala Extra - Akamwesi
WESTERN PHARMACY,NDA/PRE/WHP/1515,Wholesale Pharmacy,\N,"PLOT 2, KABWOHE TOWN",KABWOHE TOWN,1117,Human,Sheema,South Western Region - Mbarara
AMAZON IMMUNO- CHEM LTD,NDA/PRE/WHP/1531,Wholesale Pharmacy,1008613508,Nakivubo,Cooper Motors High Street,860,Veretinary,Kampala,Kampala Extra - Akamwesi
JS REMEDY LIMITED,NDA/PRE/WHP/1598,Wholesale Pharmacy,1006608107,Plot 249 Block 3,Sir Apollo Kagwa Rd,1905,Human,Kampala,Kampala Extra - Akamwesi
KAIYUANTANG (U) LIMITED,NDA/PRE/WHP/1617,Wholesale Pharmacy,1009565834,"House 13, Gloucester Avenue, Kyambogo, Nakawa Division",Gloucester Avenue,833,Human,Kampala,Kampala Extra - Akamwesi
NAIROBI ENTERPRISES (U) LIMITED,NDA/PRE/WHP/1623,Wholesale Pharmacy,1001199066,Plot 9/4,Bombo Rd,407,Human,Kampala,Kampala Extra - Akamwesi
STANDARD HEALTH MARKETEERS SMC-LTD,NDA/PRE/WHP/1636,Wholesale Pharmacy,101842679,"Plot 20-21, 27-28","Martyr's Way, Ntinda",897,Human,Kampala,Kampala Extra - Akamwesi
JEET PHARMACEUTICALS LIMITED,NDA/PRE/WHP/1647,Wholesale Pharmacy,1008744030,Plot M73,Opp UMA Show Ground,1643,Human,Kampala,Kampala Extra - Akamwesi
FREIGHT IN TIME (U) LIMITED,NDA/PRE/WHP/1649,Wholesale Pharmacy,\N,"KIJABIJO VILLAGE, WAKISO T.C",GAYAZA RD,1009,Human,Wakiso,Kampala Extra - Akamwesi
KAYABWE PHARMACEUTICALS LIMITED,NDA/PRE/WHP/1653,Wholesale Pharmacy,\N,KANONI,Masaka Rd,918,Human,Mpigi,Central Regional Office - Masaka
IMG PHARMACEUTICAL LIMITED,NDA/PRE/WHP/1675,Wholesale Pharmacy,1002076623,"Plot 4686, Kisugu -Namuwongo, St. Barnabus Rd",St. Barnabus Rd,971,Human,Kampala,Kampala Extra - Akamwesi
IMAGINE PHARMACEUTICALS LTD,NDA/PRE/WHP/1692,Wholesale Pharmacy,\N,"Shop 116, Nansamba Arcade",Namirembe Rd,715,Human,Kampala,Kampala Extra - Akamwesi
AFRI-WORLD PHARMACEUTICALS (U) LTD,NDA/PRE/WHP/1712,Wholesale Pharmacy,1033363141,"Plot 13, Shop 4, Kisakya Mariya Mall",William Street,1010,Human,Kampala,Kampala Extra - Akamwesi
RIMA (E.A) LIMITED,NDA/PRE/WHP/1738,Wholesale Pharmacy,1000264442,"Plot 247, Block 4, Access Building",Lubaga Rd,794,Human,Kampala,Kampala Extra - Akamwesi
Medvin Pharma Ltd William Street,NDA/PRE/WHP/1757,Wholesale Pharmacy,\N,Plot 11,William Street,769,Human,Kampala,Kampala Extra - Akamwesi
PILLAR PHARMA LIMITED,NDA/PRE/WHP/1761,Wholesale Pharmacy,\N,"Plot 479, Zana",Entebbe Rd,1866,Human,Wakiso,Kampala Extra - Akamwesi
JOINT MEDICAL STORE (UPMB-UCMB),NDA/PRE/WHP/1770,Wholesale Pharmacy,1000028849,"PLOT 12B, LUGARD RD",LUGARD RD,573,Human,Kabarole,Western Region - Hoima
PLUTO PHARMACEUTICALS LIMITED,NDA/PRE/WHP/1785,Wholesale Pharmacy,1014870274,"Plot 7, Arua Park , Johnstone Street",Johnstone Street,2135,Human,Kampala,Kampala Extra - Akamwesi
KISORO CENTRAL PHARMACY LTD,NDA/PRE/WHP/1809,Wholesale Pharmacy,\N,Plot 27B Kisoro Municipality,Bunagana Road,1894,Human,Kisoro,South Western Region - Mbarara
MULTICARE ENTERPRISES LIMITED,NDA/PRE/WHP/1810,Wholesale Pharmacy,\N,Rukungiri Municipality,Republic Rd,1117,Human,Rukungiri,South Western Region - Mbarara
ABACUS PHARMA LTD,NDA/PRE/WHP/1814,Wholesale Pharmacy,\N,Plot 4,Mbarara Road,1770,Human,Kabale,South Western Region - Mbarara
GLOBAL VET (U) LIMITED,NDA/PRE/WHP/1823,Wholesale Pharmacy,1000039274,"Plot 14/ 18, Shop V001, Venus Plaza",Nakivubo Place,701,Veretinary,Kampala,Kampala Extra - Akamwesi
Delisha Pharmacy Ltd,NDA/PRE/WHP/1825,Wholesale Pharmacy,\N,Luteete Trading Centre,Gayaza Rd,1319,Human,Wakiso,Kampala Extra - Akamwesi
MARVIN PHARMA LTD,NDA/PRE/WHP/1881,Wholesale Pharmacy,1014100577,"H &M Business Center, Nsangi",Masaka Highway,394,Human,Wakiso,Kampala Extra - Akamwesi
MERKS PHARMACEUTICALS LIMITED,NDA/PRE/WHP/1884,Wholesale Pharmacy,\N,Railway,Station Way Road,1894,Human,Kamwenge,South Western Region - Mbarara
ZAIN AND ZAINY COMPANY LIMITED,NDA/PRE/WHP/1921,Wholesale Pharmacy,\N,Horizon Building,Kabale-Kisoro Rd,1058,Human,Kabale,South Western Region - Mbarara
JOINT MEDICAL STORES,NDA/PRE/WHP/1928,Wholesale Pharmacy,\N,Mbarara Municipality,Kashari Hill,573,Human,Mbarara,South Western Region - Mbarara
HEALTH CORNER PHARMACY LIMITED,NDA/PRE/WHP/1947,Wholesale Pharmacy,\N,Plot 14,Queens Avenue,1006,Human,Gulu,Northern Region - Lira
Rosa Enterprises Limited,NDA/PRE/WHP/1950,Wholesale Pharmacy,\N,Apac Municipal,Hospital Rd,1841,Human,Apac,Northern Region - Lira
SUPER MEDIC LTD-MBARARA,NDA/PRE/WHP/1969,Wholesale Pharmacy,\N,Mbarara City,High Street,556,Human,Mbarara,South Western Region - Mbarara
Alpharma Care Ltd-Aputi Rd,NDA/PRE/WHP/1972,Wholesale Pharmacy,1008881045,Plot 16,Aputi Rd,922,Human,Lira,Northern Region - Lira
COMPASS PHARMACY (U) LIMITED,NDA/PRE/WHP/1998,Wholesale Pharmacy,\N,NYAHUKA,TOWN COUNCIL,1976,Human,Bundibugyo,Western Region - Hoima
GULF E A PHARMACEUTICALS LIMITED,NDA/PRE/WHP/2015,Wholesale Pharmacy,\N,"PLOT 1285, NABISWA RD",KIWATULE,1458,Human,Kampala,Kampala Extra - Akamwesi
A TO Z PHARMA LTD,NDA/PRE/WHP/2021,Wholesale Pharmacy,1054785073,WAKISO TRADING CENTRE,HOIMA RD,2182,Human,Wakiso,Kampala Extra - Akamwesi
REVITAL HEALTH CARE LTD,NDA/PRE/WHP/2043,Wholesale Pharmacy,1016545150,"PLOT 9, NABOA RD, MBALE CITY",NABOA ROAD,1274,Human,Mbale,Eastern Region - Tororo
ST JUDE ROYAL PHARMACY LIMITED,NDA/PRE/WHP/2050,Wholesale Pharmacy,\N,PLOT NO 07 -,BISHOP WASIKE RD,1541,Human,Mbale,Eastern Region - Tororo
MERTON CAPITAL LIMITED,NDA/PRE/WHP/2062,Wholesale Pharmacy,1007643225,Plot 400 Missionary House Rubaga,Stensera Rd,924,Human,Kampala,Kampala Extra - Akamwesi
BENLE CONSULT LIMITED,NDA/PRE/WHP/2067,Wholesale Pharmacy,1007055115,"PLOT 1918, KIREKA NEAR THE KABAKA'S PALACE",NEAR THE KABAKA'S PALACE,833,Human,Wakiso,Kampala Extra - Akamwesi
BASIIBYE PHARMACY LIMITED,NDA/PRE/WHP/2086,Wholesale Pharmacy,1001860896,"PLOT 90 EDWARD AVENUE, NEXT TO POST BANK, MASAKA CITY","PLOT 90 EDWARD AVENUE, NEXT TO POST BANK, MASAKA CITY",339,Human,Masaka,Central Regional Office - Masaka
Abacus Pharma (A) Ltd - Iganga,NDA/PRE/WHP/2100,Wholesale Pharmacy,\N,"Plot 94,","Main Street, Iganga",947,Human,Iganga,South Eastern Region - Jinja
YUG PHARMACEUTICAL LIMITED,NDA/PRE/WHP/2117,Wholesale Pharmacy,\N,KayungaTown,Busaana Rd,1230,Human,Kayunga,South Eastern Region - Jinja
HEALTHY ENTREPRENEURS UGANDA LIMITED,NDA/PRE/WHP/2182,Wholesale Pharmacy,\N,"Plot 3, Bata close, Design hub",5th Street Industrial Area,1461,Human,Kampala,Kampala Extra - Akamwesi
TRANSMED INVESTMENTS LIMITED,NDA/PRE/WHP/2189,Wholesale Pharmacy,1009989890,"SHOP NO. 23, 24 &25, WILSON ONE BUILDING, WILSON ROAD, KAMPALA CENTRAL",Johnson Street,1158,Human,Kampala,Kampala Extra - Akamwesi
Diocese Of Jinja Medical Services Ltd,NDA/PRE/WHP/2211,Wholesale Pharmacy,\N,Opposite Jinja College,Lubaga Hill,466,Human,Jinja,South Eastern Region - Jinja
GODS MERCIES PHARMACY LIMITED,NDA/PRE/WHP/2230,Wholesale Pharmacy,\N,Mayuge Town Council,Musita Rd,1250,Human,Mayuge,South Eastern Region - Jinja
FRAM PHARMACEUTICALS LTD,NDA/PRE/WHP/2258,Wholesale Pharmacy,\N,PLOT 37/39 -,SOLOT AVENUE,1323,Human,Soroti,North Eastern Region - Soroti
AL-UMA TRADE PHARMACEUTICALS LTD,NDA/PRE/WHP/2291,Wholesale Pharmacy,1042388794,"ARUA PARK MALL, SHOP G10-11, JOHNSON STREET",JOHNSON STREET,1750,Human,Kampala,Kampala Extra - Akamwesi
PROMED PHARMA AFRICA LTD,NDA/PRE/WHP/2310,Wholesale Pharmacy,\N,"PLOT 48/50,",KAYUNGA ROAD,666,Human,Mukono,South Eastern Region - Jinja
VEERAM HEALTHCARE (U) LIMITED,NDA/PRE/WHP/0075,Wholesale Pharmacy,1000837522,Plot A-23,Nsambya Estate,299,Human,Kampala,Kampala Extra - Akamwesi
DAVIMED PHARMA LIMITED,NDA/PRE/WHP/2336,Wholesale Pharmacy,1016412705,"Plot 12, Shop 1, Nandee Towers",Wilson Street,876,Human,Kampala,Kampala Extra - Akamwesi
K.K Pharmacy Ltd,NDA/PRE/WHP/2365,Wholesale Pharmacy,\N,Nyendo,Masaka,2065,Human,Masaka,Central Regional Office - Masaka
HEALTH CARE INVESTMENT (U) LTD,NDA/PRE/WHP/2404,Wholesale Pharmacy,\N,PLOT 48,KISIRA LANE,858,Human,Kaliro,South Eastern Region - Jinja
LUBOWA PHARMACEUTICAL LIMITED,NDA/PRE/WHP/2408,Wholesale Pharmacy,\N,Buwama,Buwama,644,Human,Mpigi,Central Regional Office - Masaka
BUSOGA FARM SUPPLY VET SHOP,NDA/PRE/WHP/2468,Wholesale Pharmacy,\N,PLOT 61-62,ALDINA ROAD,858,Veretinary,Jinja,South Eastern Region - Jinja
ZINC PHARMACY LIMITED,NDA/PRE/WHP/2511,Wholesale Pharmacy,\N,MATUGGA T/C,TRADING CENTRE,1557,Human,Wakiso,Kampala Extra - Akamwesi
LOVISA JOAN &NAMULONDO FAMILY PHARMACY LTD,NDA/PRE/WHP/2521,Wholesale Pharmacy,\N,PLOT 12,OUTA RD,1151,Human,Pallisa,Eastern Region - Tororo
ANNEX PHARMACY &INVESTMENTS LTD,NDA/PRE/WHP/2532,Wholesale Pharmacy,\N,KIHIIHI T/C KANUNGU,ZABANDORA STREET,1596,Human,Kanungu,South Western Region - Mbarara
YESU AMALA PHARMACY LTD,NDA/PRE/WHP/2543,Wholesale Pharmacy,\N,TOWN COUNCIL,BUGADDE ROAD,1918,Human,Mayuge,South Eastern Region - Jinja
ABITEX PHARMACY LIMITED,NDA/PRE/WHP/2556,Wholesale Pharmacy,\N,"MASINDI TOWN, MARKET",STREET,708,Human,Masindi,Western Region - Hoima
K. C. PHARMACY &COSMETICS LTD,NDA/PRE/WHP/2618,Wholesale Pharmacy,\N,"BLOCK 76, PLOT 244, MAIN STREET, LYANTONDE",MAIN,1001,Human,Lyantonde,South Western Region - Mbarara
NIMARA PHARMACY LTD,NDA/PRE/WHP/2653,Wholesale Pharmacy,\N,Kamuli Municipality,Saza Road,1154,Human,Kamuli,South Eastern Region - Jinja
STAR GOLD PHARMACY LTD,NDA/PRE/WHP/2669,Wholesale Pharmacy,\N,"Plot 37 Rhino Camo Road, Arua",NORTH ROAD,1187,Human,Mbale,Eastern Region - Tororo
SKY PHARMACY LIMITED,NDA/PRE/WHP/2700,Wholesale Pharmacy,\N,PLOT NO. 04 -,CATHEDRAL AVENUE,1741,Human,Mbale,Eastern Region - Tororo
K FRANK PHARMACEUTICALS LTD,NDA/PRE/WHP/2739,Wholesale Pharmacy,\N,PLOT 45 PATEL BUILDING,KAMPALA ROAD,1773,Human,Masaka,Central Regional Office - Masaka
Healthcure pharmaceuticals ltd,NDA/PRE/WHP/2744,Wholesale Pharmacy,\N,PLOT 25,JANAN LUWUM STREET,1115,Human,Kitgum,Northern Region - Lira
LLOYDS PHARMACY LIMITED,NDA/PRE/WHP/2858,Wholesale Pharmacy,1009607910,Ggaba Trading Centre,Ggaba Trading Centre,1679,Human,Kampala,Kampala Extra - Akamwesi
RWOTOMIO PHARMACY LTD.,NDA/PRE/WHP/2927,Wholesale Pharmacy,\N,KIGUMBA,KUGUMBA TOWN COUNCIL,1112,Human,Kiryandongo,Western Region - Hoima
PRINCETON ENTERPRISES LIMITED,NDA/PRE/WHP/3067,Wholesale Pharmacy,1012233624,KALERWE TRADING CENTRE,GAYAZA RD,781,Human,Kampala,Kampala Extra - Akamwesi
DELMAW ENTERPRISES LIMITED,NDA/PRE/WHP/3157,Wholesale Pharmacy,1000073414,"PLOT 22A, HIGH STREET, MBARARA CITY","PLOT 22A, HIGH STREET, MBARARA CITY",1379,Human,Mbarara,South Western Region - Mbarara
KASAMBYA CENTRAL PHARMACY,NDA/PRE/WHP/3191,Wholesale Pharmacy,\N,KASAMBYA TOWN COUNCIL,ALONG MUBENDE-KABAMBA RD,1176,Human,Mubende,Western Region - Hoima
VETCARE UGANDA LIMITED,NDA/PRE/WHP/3213,Wholesale Pharmacy,\N,BEHIND RUGBY CLUB,LUGOGO CLOSE,1020,Veretinary,Kampala,Kampala Extra - Akamwesi
PHARMACINE UGANDA LIMITED,NDA/PRE/WHP/3426,Wholesale Pharmacy,1013025627,KYALIWAJJALA,MWESIGWA RD,1198,Human,Wakiso,Kampala Extra - Akamwesi
RWIMI PHARMACY-SMC LTD,NDA/PRE/WHP/3461,Wholesale Pharmacy,\N,RWIMI,KASESE RD,1237,Human,Bunyangabu,Western Region - Hoima
MAHANTJI PHARMA LTD,NDA/PRE/WHP/3474,Wholesale Pharmacy,1027636502,"PLOT 7 OPP. PETRO CITY STATION, KYEGEGWA-MUBENDE RD",KYEGEGWA-MUBENDE RD,1383,Human,Kyegegwa,Western Region - Hoima
PREMIUM MEDICAL SERVICES LIMITED,NDA/PRE/WHP/3536,Wholesale Pharmacy,1011275968,NAJJERA 1,NAJJERA,1054,Human,Wakiso,Kampala Extra - Akamwesi
EAGLE VET UGANDA LTD WHOLESALE PHARMACY,NDA/PRE/WHP/3558,Wholesale Pharmacy,\N,"Plot no. 43 Kubiriba Building, Mbarara",Akiiki Nyabongo Road,1273,Veretinary,Mbarara,South Western Region - Mbarara
BLISS PHARMACY LTD,NDA/PRE/WHP/3586,Wholesale Pharmacy,\N,PLOT NO. 02,OUTA ROAD,643,Human,Pallisa,Eastern Region - Tororo
SUPREME PHARMA LIMITED,NDA/PRE/WHP/3709,Wholesale Pharmacy,1000092393,"PLOT 452 LUWERO TOWN COUNCIL, KIWOKO RD",KIWOKO RD,1201,Human,Luweero,Kampala Extra - Akamwesi
JUBAILI AGROTEC LTD,NDA/PRE/WHP/3727,Wholesale Pharmacy,\N,MBARARA MUNICIPALITY,KAKYEKA ROAD,1246,Veretinary,Mbarara,South Western Region - Mbarara
NUMED STORES SMC LIMITED,NDA/PRE/WHP/3752,Wholesale Pharmacy,\N,PLOT 13 ALIKER ROAD,ALIKER ROAD,711,Human,Gulu,Northern Region - Lira
BHAI-MUQARIF PHARMACY SMC LIMITED,NDA/PRE/WHP/3767,Wholesale Pharmacy,\N,"PLOT 54, ZIBONDO RD, KALIRO TOWN","ZIBONDO ROAD, KALIRO TOWN",814,Human,Kaliro,South Eastern Region - Jinja
PULLU PHARMACY LIMITED,NDA/PRE/WHP/3847,Wholesale Pharmacy,\N,KIKYUSA,GULU HIGHWAY,1074,Human,Nakasongola,Kampala Extra - Akamwesi
KYNT GENERAL ENTERPRISES LIMITED,NDA/PRE/WHP/3870,Wholesale Pharmacy,\N,BUKUYA,TOWN COUNCIL KASANDA,1272,Human,Mubende,Western Region - Hoima
JAMII PHARMACY LIMITED,NDA/PRE/WHP/3898,Wholesale Pharmacy,1010094743,MUBENDE TOWN COUNCIL,HABIB ROAD,1109,Human,Mubende,Western Region - Hoima
GOD WILL ESTABLISHMENT LIMITED,NDA/PRE/WHP/3919,Wholesale Pharmacy,1007543149,"PAIDHA TOWN COUNCIL, NEBBI ROAD",NEBBI ROAD,1283,Human,Zombo,West Nile Region - Arua
AMULAM PHARMACY LIMITED,NDA/PRE/WHP/3979,Wholesale Pharmacy,\N,"Plot 85,Amulam Complex",Oyam Road,1500,Human,Lira,Northern Region - Lira
CARETON PHARMACEUTICALS LIMITED,NDA/PRE/WHP/4011,Wholesale Pharmacy,\N,KAMENGO TRADING CENTRE,MASAKA ROAD,917,Human,Mpigi,Central Regional Office - Masaka
BUFUNJO PHARMACEUTICALS LTD,NDA/PRE/WHP/4041,Wholesale Pharmacy,\N,BUFUNJO T/C,KAKABARA-KYENJOJO RD,1245,Human,Kyenjojo,Western Region - Hoima
KATRINAT PHARMACEUTICALS (U) LTD,NDA/PRE/WHP/4044,Wholesale Pharmacy,\N,MUTUKULA TOWN COUNCIL,MAIN STREET,1715,Human,Kyotera,Central Regional Office - Masaka
DAWA COMMUNITIES (U) LTD PHARMACY,NDA/PRE/WHP/4045,Wholesale Pharmacy,\N,PLOT NO. 8B-,SOROTI RD,1151,Human,Serere,North Eastern Region - Soroti
ASSURED ENTERPRISES LTD PHARMACY,NDA/PRE/WHP/4056,Wholesale Pharmacy,\N,PLOT NO. 16 -,SERERE RD,1302,Human,Ngora,North Eastern Region - Soroti
EAST AFRICA MEDICAL STORES LTD,NDA/PRE/WHP/4093,Wholesale Pharmacy,1015305355,"PLOT 39, OPP FUELEX",BWAMBA RD,1472,Human,Kabarole,Western Region - Hoima
RIYAN PHARMACEUTICALS LTD,NDA/PRE/WHP/4100,Wholesale Pharmacy,\N,IGANGA TOWN,WAIGONA ROAD,1404,Human,Iganga,South Eastern Region - Jinja
AMIR PHARMACEUTICALS LIMITED,NDA/PRE/WHP/4103,Wholesale Pharmacy,\N,"PLOT 5, OPP. MOSQUE NASULI",TORORO-IGANGA HIGHWAY,1187,Human,Bugiri,South Eastern Region - Jinja
PEPE HP PHARMACY LIMITED,NDA/PRE/WHP/4106,Wholesale Pharmacy,\N,Bukwiri town council,Hoima road,759,Human,Kyankwanzi,Western Region - Hoima
TUSKAM HOLDINGS LIMITED,NDA/PRE/WHP/4119,Wholesale Pharmacy,\N,"BUJWERE BLD'G, MUHORRO T.C",Main Street,1385,Human,Kyenjojo,Western Region - Hoima
SAEFQ CONSULTS LTD,NDA/PRE/WHP/4133,Wholesale Pharmacy,1014486285,"PLOT 1135, SIKO HOUSE MULAWA T/C",KIRA-BULINDO RD,614,Human,Wakiso,Kampala Extra - Akamwesi
ALIYAH PHARMACY LTD,NDA/PRE/WHP/4152,Wholesale Pharmacy,\N,NAMAYUMBA TOWN NEAR NAMAYUMBA HC IV,HOIMA RD,1711,Human,Wakiso,Kampala Extra - Akamwesi
PHARMA TREAT COMPANY LTD,NDA/PRE/WHP/4166,Wholesale Pharmacy,\N,NAJEERA RESIDENTIAL AREA,BULABIRA - ROAD,1468,Human,Wakiso,Kampala Extra - Akamwesi
VERI BRANDS U LTD,NDA/PRE/WHP/4171,Wholesale Pharmacy,1014979601,KAKIRI,OFF MASULIITA RD,1159,Veretinary,Wakiso,Kampala Extra - Akamwesi
YARA PHARMACY LTD,NDA/PRE/WHP/4181,Wholesale Pharmacy,1015032723,PLOT NO. 24,MOROTO RD,880,Human,Sironko,Eastern Region - Tororo
KALUDO PHARMACY LIMITED,NDA/PRE/WHP/4204,Wholesale Pharmacy,\N,KASANA,OPPOSITE LUWERO CATHOLIC DIOCESE,1106,Human,Luweero,Kampala Extra - Akamwesi
VK GOMBE PHARMACY LTD,NDA/PRE/WHP/4234,Wholesale Pharmacy,\N,GOMBE TOWN COUNCIL,NEXT TO GOMBE HOSPITAL,2004,Human,Butambala,Central Regional Office - Masaka
PHARMALIFT LIMITED,NDA/PRE/WHP/4238,Wholesale Pharmacy,\N,PLOT 46,KABALE-KISORO RD,1772,Human,Kabale,South Western Region - Mbarara
NEXT PHARMA (U) LIMITED,NDA/PRE/WHP/4311,Wholesale Pharmacy,\N,Rukungiri Municipality,Karegyesa Road,1282,Human,Rukungiri,South Western Region - Mbarara
SEETA SONS (U) LTD,NDA/PRE/WHP/4417,Wholesale Pharmacy,1015365012,KALAGI TRADING CENTER,AT ROUND ABOUT,1402,Human,Mukono,South Eastern Region - Jinja
JAYVIHAN INVESTMENTS (U) LTD,NDA/PRE/WHP/4444,Wholesale Pharmacy,\N,"Lubowa, Plot no. 1764, Block no. 256 Opp Lubowa police",Kampala - Entebbe Rd,1103,Human,Wakiso,Kampala Extra - Akamwesi
CANOPUS Wholesale Pharmacy,NDA/PRE/WHP/4454,Wholesale Pharmacy,\N,"KASUBUZI HOUSE, KASESE MUNICIPALITY",KILEMBE ROAD,1401,Human,Kasese,South Western Region - Mbarara
PRAMUKH HEALTH MART LTD,NDA/PRE/WHP/4484,Wholesale Pharmacy,1035002990,"Kassanda Road, Bukuya Town Council",Kassanda Road,1383,Human,Mubende,Western Region - Hoima
SHIV-DRASHAV PHARMACY LIMITED,NDA/PRE/WHP/4503,Wholesale Pharmacy,\N,LUWERO,TRADING CENTRE,1096,Human,Luweero,Kampala Extra - Akamwesi
LASSKAR PHARMACY LIMITED,NDA/PRE/WHP/4507,Wholesale Pharmacy,\N,NSUMBI,KYEBANDO,1192,Human,Wakiso,Kampala Extra - Akamwesi
NINZI &COMPANY LTD,NDA/PRE/WHP/4530,Wholesale Pharmacy,\N,Ntwetwe Town Council,Kabinduula Rd,1659,Human,Kyankwanzi,Western Region - Hoima
NAZ PHARMACEUTICALS LTD,NDA/PRE/WHP/4561,Wholesale Pharmacy,1015743992,"NEAR GAZ PETROL STATION, MBARARA-MASAKA HIGHWAY",MBARARA-MASAKA HIGHWAY,1412,Human,Mbarara,South Western Region - Mbarara
HEALTH CORNER PHARMACY LTD,NDA/PRE/WHP/4620,Wholesale Pharmacy,\N,"OPP. PETRO CITY, KASANA T/C",KAKOKOLO ZONE,1228,Human,Luweero,Kampala Extra - Akamwesi
ABACUS PHARMA (AFRICA) LIMITED,NDA/PRE/WHP/4659,Wholesale Pharmacy,\N,PARK VIEW HOUSE,KABIRISI,1407,Human,Bushenyi,South Western Region - Mbarara
BARAKA PHARMACY LIMITED,NDA/PRE/WHP/4731,Wholesale Pharmacy,1015849922,"PLOT NO. 05 - IKI-IKI ROAD - BUDAKA TOWN COUNCIL, BUDAKA DISTRICT",IKI-IKI ROAD,2252,Human,Budaka,Eastern Region - Tororo
ABDI PHARMACY - SMC LIMITED,NDA/PRE/WHP/4761,Wholesale Pharmacy,1041060954,IGANGA MUNICIPALITY,ALONG NGOBI ROAD,1605,Human,Iganga,South Eastern Region - Jinja
LUSIRIMA PHARMACY,NDA/PRE/WHP/4805,Wholesale Pharmacy,\N,IGAYAZA TOWN COUNCIL,MARKET STREET,1411,Human,Kakumiro,Western Region - Hoima
ARAPSOROWEN UGANDA LIMITED,NDA/PRE/WHP/4818,Wholesale Pharmacy,\N,KAPCHORWA MUNICIPALITY,KAPCHORWA MBALE HIGHWAY,1216,Human,Kapchorwa,Eastern Region - Tororo
PHARMA SOURCING LIMITED,NDA/PRE/WHP/4849,Wholesale Pharmacy,1008124383,"BUTEBE, MUKONO MUNICIPALITY",AT CATHEDRAL DRIVE,1356,Human,Mukono,South Eastern Region - Jinja
KIZINDA PHARMACY LIMITED,NDA/PRE/WHP/4869,Wholesale Pharmacy,\N,Kizinda T/C,Ishaka - Kasese Highway,523,Human,Bushenyi,South Western Region - Mbarara
SULTAN PHARMACY-SMC LTD,NDA/PRE/WHP/4879,Wholesale Pharmacy,1027533396,"C-ward,Kanguluma Village - Namutumba T.C, Kaiti Rd","Namutumba T.C, Kaiti Rd",1295,Human,Namutumba,South Eastern Region - Jinja
LEGIT MEDEQ 2007 LIMITED,NDA/PRE/WHP/4899,Wholesale Pharmacy,1016188307,NEXT TO JOKAS HOTEL,BWEYOGERERE,1756,Human,Wakiso,Kampala Extra - Akamwesi
BARRY DEVELOPMENT CORPORATION LIMITED,NDA/PRE/WHP/4902,Wholesale Pharmacy,\N,Pakwach Town Council,Wadelai Road,1424,Human,Nebbi,West Nile Region - Arua
NEHA PHARMACY LIMITED,NDA/PRE/WHP/4936,Wholesale Pharmacy,\N,NAMUTUMBA TOWN COUNCIL,KAITI ROAD,1207,Human,Namutumba,South Eastern Region - Jinja
NAZMA PHARMACY UNDER SAYFUL.CO.LTD,NDA/PRE/WHP/5022,Wholesale Pharmacy,\N,Kisoro municipality,Kisoro Central opp Jaguar bus park,1376,Veretinary,Kisoro,South Western Region - Mbarara
RAZ PHARMACEUTICALS LIMITED,NDA/PRE/WHP/5044,Wholesale Pharmacy,1008926987,"PLOT 41/43, SOLOT AVENUE - MUNICIPALITY","PLOT 41/43, SOLOT AVENUE - MUNICIPALITY",674,Human,Soroti,North Eastern Region - Soroti
Goodman International Limited,NDA/PRE/WHP/5059,Wholesale Pharmacy,1000030893,Rwebikoona,Rwebikoona,1423,Veretinary,Mbarara,South Western Region - Mbarara
FASTLINE PHARMACY LTD,NDA/PRE/WHP/5091,Wholesale Pharmacy,\N,"Main Street,",Opposite Police,1566,Human,Bugiri,South Eastern Region - Jinja
SINDU PHARMACEUTICALS LTD,NDA/PRE/WHP/5155,Wholesale Pharmacy,\N,MASAFU TOWN COUNCIL,MAJANJI ROAD,1023,Human,Busia,Eastern Region - Tororo
ASHRAF PHARMA (U) LTD,NDA/PRE/WHP/5163,Wholesale Pharmacy,\N,Plot 54,Rwizi Lane,623,Human,Mbarara,South Western Region - Mbarara
MUSINGA PHARMACY LIMITED,NDA/PRE/WHP/5165,Wholesale Pharmacy,\N,WAKISO TRADING CENTRE,DISTRICT RD,1132,Human,Wakiso,Kampala Extra - Akamwesi
LAWTONS PHARMACY,NDA/PRE/WHP/5182,Wholesale Pharmacy,\N,KIRUDDU T/C,SALAAMA RD,1440,Human,Kampala,Kampala Extra - Akamwesi
SHREEJI HEALTH MART LTD,NDA/PRE/WHP/5196,Wholesale Pharmacy,1019032330,"SHOPS WC10 - WC13, WILSON ONE,WILSON ROAD-Kampala",WILSON RD,1556,Human,Kampala,Kampala Extra - Akamwesi
AL-NOOR PHARMACEUTICALS (U) LTD,NDA/PRE/WHP/5205,Wholesale Pharmacy,\N,"WANTONI , GULU A ZONE,",MUKONO-JINJA RD,1789,Human,Mukono,South Eastern Region - Jinja
MARFREY'S FIRST PHARMACY - SMC LIMITED,NDA/PRE/WHP/5236,Wholesale Pharmacy,\N,Kiziranfumbi Trading Centre,HOIMA-FORTPORTAL RD,905,Human,Kagadi,Western Region - Hoima
WAKISO PHARMACY LIMITED,NDA/PRE/WHP/5263,Wholesale Pharmacy,\N,KASANA TOWN,ALONG GULU HIGHWAY,1629,Human,Luweero,Kampala Extra - Akamwesi
MEDICAL HEAVEN PHARMACEUTICALS LTD,NDA/PRE/WHP/5292,Wholesale Pharmacy,\N,ISHAKA TOWN,OPPOSITE NSSF OFFICE,1997,Human,Bushenyi,South Western Region - Mbarara
CHAND PHARMACY U LTD,NDA/PRE/WHP/5316,Wholesale Pharmacy,\N,"PLOT 25, AKANYA BUILDING",Mbarara-Masaka RD,1410,Human,Mbarara,South Western Region - Mbarara
RAGHAV PHARMACY -SMC LTD,NDA/PRE/WHP/5332,Wholesale Pharmacy,1016757079,"GENUINE PLAZA, KAKIRI",OPP. POST BANK,1529,Human,Wakiso,Kampala Extra - Akamwesi
RIZIKI PHARMA LTD,NDA/PRE/WHP/5345,Wholesale Pharmacy,1032781158,OPP ABAITA MARKET,ABAITA ABABIRI,2164,Human,Wakiso,Kampala Extra - Akamwesi
JABBOK PHARMACY LIMITED,NDA/PRE/WHP/5355,Wholesale Pharmacy,\N,SEETA,JINJA ROAD,1856,Human,Mukono,South Eastern Region - Jinja
ZZAFEE INVESTMENTS (U) LTD,NDA/PRE/WHP/5358,Wholesale Pharmacy,\N,Koboko Main Street,Opp. Koboko Supermarket,1642,Human,Koboko,West Nile Region - Arua
TEBISHA PHARMACY LTD,NDA/PRE/WHP/5381,Wholesale Pharmacy,\N,"KAWEMPE, OPP. HAS PETROL STATION",BOMBO RD,1028,Human,Kampala,Kampala Extra - Akamwesi
BNOOR PHARMACEUTICALS SMC LTD,NDA/PRE/WHP/5423,Wholesale Pharmacy,\N,OPP. BUGEMBE STADIUM,IGANGA HIGHWAY,951,Human,Jinja,South Eastern Region - Jinja
GET WELL INVESTMENTS LTD,NDA/PRE/WHP/5426,Wholesale Pharmacy,\N,SHOP NO. 21 - 23 TAMI INVESTMENTS BUILDING,NATEETE - BUSEGA ROAD,1420,Human,Kampala,Kampala Extra - Akamwesi
RONO ALI PHARMACY,NDA/PRE/WHP/5440,Wholesale Pharmacy,\N,KITEMU,TRADING CENTRE,1641,Human,Wakiso,Kampala Extra - Akamwesi
DEO AND DOREEN PHARMACY LTD,NDA/PRE/WHP/5465,Wholesale Pharmacy,\N,DISPENSARY ZONE,SEMBABULE TRADING CENTRE,1438,Human,Ssembabule,Central Regional Office - Masaka
KASALAWO PHARMACEUTICAL LIMITED,NDA/PRE/WHP/5497,Wholesale Pharmacy,\N,KAMULI MUNICIPALITY,BURUWA RD,1425,Human,Kamuli,South Eastern Region - Jinja
MBWALI PHARMACEUTICALS LIMITED,NDA/PRE/WHP/5499,Wholesale Pharmacy,\N,"NANKOMA ZONE,",BUWUNGA ROAD,1425,Human,Bugiri,South Eastern Region - Jinja
MEDHEARTS LTD,NDA/PRE/WHP/5537,Wholesale Pharmacy,1019041771,"CLUB PERIMETER BUILDING - KASUBI HOIMA RD, KAMPALA",HOIMA ROAD,2253,Human,Kampala,Kampala Extra - Akamwesi
ELSMED EAST AFRICA LTD,NDA/PRE/WHP/5555,Wholesale Pharmacy,1014765859,Plot 33 Naguru Heights,Naguru Drive,1313,Human,Kampala,Kampala Extra - Akamwesi
DEAL REAL ENTERPRISES LIMITED,NDA/PRE/WHP/5565,Wholesale Pharmacy,1016759965,Kayunga Town,Bbale,1394,Human,Kayunga,South Eastern Region - Jinja
MARA PHARMACEUTICALS,NDA/PRE/WHP/5566,Wholesale Pharmacy,\N,ISHAKA TOWN,BASSAJJA,604,Human,Bushenyi,South Western Region - Mbarara
SUHAIB PHARMACY LIMITED,NDA/PRE/WHP/5584,Wholesale Pharmacy,\N,NKOKONJERU TOWN,Kisoga Road,1738,Human,Buikwe,South Eastern Region - Jinja
ZEE PHARMACEUTICALS LIMITED,NDA/PRE/WHP/5611,Wholesale Pharmacy,1000033254,"Plot 2837, Block 287 Bweyogerere T/C",Kyeswa James Building,268,Human,Wakiso,Kampala Extra - Akamwesi
AJUMEDPHARM LIMITED,NDA/PRE/WHP/5620,Wholesale Pharmacy,1014245756,"PLOT 97, KIBUGA, KALEMA RD, LUNGUJJA","KALEMA RD, LUNGUJJA",1452,Human,Kampala,Kampala Extra - Akamwesi
MEDINOVATION ENTERPRISES LTD,NDA/PRE/WHP/5643,Wholesale Pharmacy,\N,"Plot 1072, TIrupati Business Park, Kyebando","Warehouse-118, Kikaaya",1215,Human,Kampala,Kampala Extra - Akamwesi
GANESH PHARMA LIMITED,NDA/PRE/WHP/5648,Wholesale Pharmacy,\N,PLOT NO. 56,JUMABAHI RD,1393,Human,Soroti,North Eastern Region - Soroti
RWENKOBWA CENTRAL PHARMACY LTD,NDA/PRE/WHP/5664,Wholesale Pharmacy,\N,Rwenkobwa T/C,Rwenkobwa town,1123,Human,Ibanda,South Western Region - Mbarara
SECONDO PHARMACY LIMITED,NDA/PRE/WHP/5716,Wholesale Pharmacy,\N,Bweyale T/C,Next to Pride Microfinance,1719,Human,Kiryandongo,Western Region - Hoima
MEDIMART PHARMACY LIMITED,NDA/PRE/WHP/5718,Wholesale Pharmacy,1014016070,KATWE,TRADING CENTRE,1071,Human,Kampala,Kampala Extra - Akamwesi
KHALID PHARMACY - SMC LIMITED,NDA/PRE/WHP/5722,Wholesale Pharmacy,\N,IDUDI TOWN COUNCIL,IGANGA-TORORO HIGHWAY,1422,Human,Bugweri,South Eastern Region - Jinja
KEZA PHARMACY SERVICES LTD,NDA/PRE/WHP/5731,Wholesale Pharmacy,\N,IBANDA MUNICIPALITY,BUFUNDA STREET,1774,Human,Ibanda,South Western Region - Mbarara
IKANZA PHARMACY LIMITED,NDA/PRE/WHP/5736,Wholesale Pharmacy,\N,MAYUGE TOWN,BUGADDE RD,880,Human,Mayuge,South Eastern Region - Jinja
LEAD CARE PHARMACY LTD,NDA/PRE/WHP/5747,Wholesale Pharmacy,1017279533,"Salaam Arcade, near Total Petrol Station",Along Clive Road West,1483,Human,Jinja,South Eastern Region - Jinja
HEALTH CURE PHARMACEUTICALS (U) LIMITED,NDA/PRE/WHP/5748,Wholesale Pharmacy,\N,OPP. TOTAL ENERGIES,ANDREA OLAL - ACHOLI LANE JUNCTION,1163,Human,Gulu,Northern Region - Lira
SETLITE HOLDINGS LTD PHARMACY,NDA/PRE/WHP/5766,Wholesale Pharmacy,1017305098,KIDETOK ROAD - TOWN COUNCIL,TOWN COUNCIL,1707,Human,Serere,North Eastern Region - Soroti
KIRIKUMWINO PHARMACY LIMITED,NDA/PRE/WHP/5771,Wholesale Pharmacy,\N,"Kyanyonja road, Namayingo Central Zone, Namayingo TownCouncil",Kyanyonja road,1403,Human,Namayingo,South Eastern Region - Jinja
APAROZA PHARMA LIMITED,NDA/PRE/WHP/5791,Wholesale Pharmacy,\N,"Plot 4, Next to Kinawataka Police Post",Robert Mugabe Rd,529,Human,Kampala,Kampala Extra - Akamwesi
BAGYE PHARMACEUTICALS LIMITED,NDA/PRE/WHP/5792,Wholesale Pharmacy,\N,MBIRIZI,KIWANGALA,2013,Human,Lwengo,Central Regional Office - Masaka
SPENCE PHARMACEUTICALS LIMITED,NDA/PRE/WHP/5809,Wholesale Pharmacy,\N,"PLOT BM/L/282, MASAFU TOWN COUNCIL",MAJANI RD,1199,Human,Busia,Eastern Region - Tororo
QASWA ENTERPRISES LIMITED,NDA/PRE/WHP/5814,Wholesale Pharmacy,\N,Namutumba Town Council,Mbale Road,1042,Human,Namutumba,South Eastern Region - Jinja
IMAGINE PHARMACEUTICALS -SMC LTD,NDA/PRE/WHP/5831,Wholesale Pharmacy,1010345942,"KISEKENDE ZONE, KAMPALA-FORT PORTAL RD",KAMPALA-FORT PORTAL RD,2185,Human,Mubende,Western Region - Hoima
PROVAN PHARMACY LIMITED,NDA/PRE/WHP/5834,Wholesale Pharmacy,\N,"Banda Zone B4,",Lukwago Rise Rd,966,Human,Kampala,Kampala Extra - Akamwesi
SILVER PHARMACY &COSMETICS LTD,NDA/PRE/WHP/5846,Wholesale Pharmacy,\N,"KASENGE VILLAGE, MBALALA",Mwanyangiri Road,\N,Human,Mukono,South Eastern Region - Jinja
ADISSON PHARMACEUTICALS SMC LIMITED,NDA/PRE/WHP/5866,Wholesale Pharmacy,\N,"WAKISO TOWN, NEXT TO CENTENARY BANK",KIRUMIRA ROAD,1309,Human,Wakiso,Kampala Extra - Akamwesi
CHARITY EYE POINT PHARMACY LTD,NDA/PRE/WHP/5876,Wholesale Pharmacy,\N,"Kanyiginya House, Main Street",along ibanda-kamwenge Rd,995,Human,Ibanda,South Western Region - Mbarara
DKT HEALTHCARE INTERNATIONAL UGANDA LIMITED,NDA/PRE/WHP/5887,Wholesale Pharmacy,1008762118,"Medical Access Premises, Next to Lukuli Link",Gaba Road,650,Human,Kampala,Kampala Extra - Akamwesi
TANIRA PHARMA LIMITED,NDA/PRE/WHP/5891,Wholesale Pharmacy,\N,OPP. ZIA ANGELINA HEALTH CENTRE,NAMUGONGO RD,991,Human,Wakiso,Kampala Extra - Akamwesi
VADOX WELLNESS LIMITED,NDA/PRE/WHP/5894,Wholesale Pharmacy,1053130239,"Plot 2124, Block 210, Kayaga Plaza, Kyebando, Gayaza Road","Kyebando, Gayaza Road",1441,Human,Kampala,Kampala Extra - Akamwesi
TRIDEM PHARMA UGANDA LIMITED,NDA/PRE/WHP/5895,Wholesale Pharmacy,1017549514,"SHOP G/S4, SIA AMARA PLAZA",SPRING RD,1394,Human,Kampala,Kampala Extra - Akamwesi
PLANTOUS PHARMACEUTICALS LIMITED,NDA/PRE/WHP/5912,Wholesale Pharmacy,1017132469,"NANSANA WEST B, ALONG HOIMA RD",ALONG HOIMA RD,2305,Human,Wakiso,Kampala Extra - Akamwesi
PURINE LIMITED,NDA/PRE/WHP/5921,Wholesale Pharmacy,\N,PLOT NO. 57/59 -,JINJA ROAD,1625,Human,Busia,Eastern Region - Tororo
LIFE AND TIME KWAGALA LIMITED,NDA/PRE/WHP/5933,Wholesale Pharmacy,\N,NAMAYINGO TOWN COUNCIL,MAIN STREET,1388,Human,Namayingo,South Eastern Region - Jinja
DONAM 2020 PHARMACEUTICALS LTD,NDA/PRE/WHP/5962,Wholesale Pharmacy,\N,LUGAZI - KIYINDI JUNCTION,BWIKWE T.C. BUIKWE -NYENGA RD,1599,Human,Buikwe,South Eastern Region - Jinja
AZEEM PHARMACY-SMC LIMITED,NDA/PRE/WHP/5970,Wholesale Pharmacy,\N,OPPOSITE POST BANK,KAGADI MAIN MARKET-KAMPALA ROAD HIGH WAY,1571,Human,Kagadi,Western Region - Hoima
TU ABLE PHARMACY LIMITED,NDA/PRE/WHP/5990,Wholesale Pharmacy,\N,KYEGEGWA TOWN,FORT PORTAL KAMPALA RD,1342,Human,Kyegegwa,Western Region - Hoima
INTRAMED PHARMA LIMITED,NDA/PRE/WHP/6003,Wholesale Pharmacy,1020773680,"PLOT 1 KISOZI CLOSE, NAKASERO",OFF KYAGGWE RD,1875,Human,Kampala,Kampala Extra - Akamwesi
VITAL PLUS LIMITED,NDA/PRE/WHP/6010,Wholesale Pharmacy,\N,Iganga Municipality,Saza Road,397,Human,Iganga,South Eastern Region - Jinja
CHRISTA PHARMACY LIMITED,NDA/PRE/WHP/6013,Wholesale Pharmacy,\N,Kagoma trading center,Bombo road,1673,Human,Wakiso,Kampala Extra - Akamwesi
JBC PHARMACY LIMITED,NDA/PRE/WHP/6022,Wholesale Pharmacy,\N,"KASANA-KITOVU, TAMUKENDE JOSEPH BUILDING","CATHEDRAL RD, NYENDO",1635,Human,Masaka,Central Regional Office - Masaka
HEAVENCENT THERAPEUTICS LIMITED,NDA/PRE/WHP/6051,Wholesale Pharmacy,\N,NEAR KISUGU POLICE STATION,KISUGU ROAD,1306,Human,Kampala,Kampala Extra - Akamwesi
5 STAR PHARMA 2021 LTD,NDA/PRE/WHP/6064,Wholesale Pharmacy,\N,MUBENDE,TRADING CENTRE,1368,Human,Mubende,Western Region - Hoima
KHLUE PHARMACY LTD,NDA/PRE/WHP/6077,Wholesale Pharmacy,\N,"AT BUNYIRI EGG CENTRE RM 38 &26, KISENYI",KAFUMBE MUKASA RD,1496,Human,Kampala,Kampala Extra - Akamwesi
RAGHAV PHARMACY-SMC LTD,NDA/PRE/WHP/6081,Wholesale Pharmacy,\N,"JOY SHOPPING POINT BLD'G, NAJEERA 2",Masaka Rd,1325,Human,Mpigi,Central Regional Office - Masaka
PHARMACURE COMPANY LIMITED,NDA/PRE/WHP/6086,Wholesale Pharmacy,1015283380,"WAGABA ZONE, LUBAGA",NABUNYA RD,1397,Human,Kampala,Kampala Extra - Akamwesi
RINANCY PHARMACEUTICAL LIMITED,NDA/PRE/WHP/6113,Wholesale Pharmacy,\N,Mutajjasi - Kibuli,Kabalagala Rd,653,Human,Kampala,Kampala Extra - Akamwesi
SHIVAAY AFRICA LIMITED,NDA/PRE/WHP/6136,Wholesale Pharmacy,1017202461,"BULAGA T/C ,MUSITWA BUILDING,",Masaka Road,1628,Human,Wakiso,Kampala Extra - Akamwesi
REDDOT PHARMACY LTD,NDA/PRE/WHP/6172,Wholesale Pharmacy,1031548426,"Plot 45, Musana House",Rukidi Rd,1248,Human,Fort Portal,Western Region - Hoima
H &T PHARMACY (U) LIMITED,NDA/PRE/WHP/6187,Wholesale Pharmacy,1017767077,"OLIDE DIVISION, ARUA CITY, ARUA - KOBOKO HIGHWAY","OLIDE DIVISION, ARUA CITY, ARUA - KOBOKO HIGHWAY",1936,Human,Arua,West Nile Region - Arua
NEIL &SPECTOR HEALTHCARE LIMITED,NDA/PRE/WHP/6200,Wholesale Pharmacy,1012603194,"Plot 63, Naguru Drive",Naguru Drive,2049,Human,Kampala,Kampala Extra - Akamwesi
SHREEJI HEALTH MART,NDA/PRE/WHP/6212,Wholesale Pharmacy,\N,NEAR ONDUPARAKA RD ROUND ABOUT,ADUMI RD,1876,Human,Arua,West Nile Region - Arua
MAGAN COMPANY LIMITED,NDA/PRE/WHP/6239,Wholesale Pharmacy,\N,Kamuli Municipality,ALONG BUTE RD,434,Human,Luuka,South Eastern Region - Jinja
NOTORA GROUP PHARMA LIMITED,NDA/PRE/WHP/6240,Wholesale Pharmacy,\N,"IMANI HOUSE, MUTUNDWE II,",MUTUNDWE RD,1536,Human,Kampala,Kampala Extra - Akamwesi
JK BANTU PHARMACEUTICALS INTERNATIONAL LTD,NDA/PRE/WHP/6282,Wholesale Pharmacy,\N,"NYENDO, OPPOSITE",KITOVU RD,594,Human,Masaka,Central Regional Office - Masaka
BLESSED PHARMACY KAKUMIRO,NDA/PRE/WHP/6293,Wholesale Pharmacy,101881306,KAKUMIRO- TOWN COUNCIL,KAKUMIRO-MUBENDE ROAD,1329,Human,Kibaale,Western Region - Hoima
APOTEK PHARMA AND MEDICAL SUPPLIES LTD,NDA/PRE/WHP/6306,Wholesale Pharmacy,1016132123,"AT FREEDOM CITY MALL ANNEX,",OPP. METAL MATE SHOP,1159,Human,Wakiso,Kampala Extra - Akamwesi
Arthur Pharmacy(U) Ltd,NDA/PRE/WHP/6335,Wholesale Pharmacy,\N,BULO,TRADING CENTER,2006,Human,Butambala,Central Regional Office - Masaka
ASCLEPIUS PHARMA - SMC LTD,NDA/PRE/WHP/6340,Wholesale Pharmacy,\N,"Plot 25, Iganga Road, Northern Div. Jinja City",Iganga Road,1669,Human,Jinja,South Eastern Region - Jinja
CHAND PHARMACY (U) LIMITED,NDA/PRE/WHP/6347,Wholesale Pharmacy,1016782375,Arua central division,Go-down road,1013,Human,Arua,West Nile Region - Arua
KYOTERA DEMBE SERVICE UGANDA LTD,NDA/PRE/WHP/6475,Wholesale Pharmacy,\N,KYOTERA TOWN COUNCIL WARD 11,ALONG STANBIC RD,1246,Human,Kyotera,Central Regional Office - Masaka
Green Care Pharmacy Ltd,NDA/PRE/WHP/6503,Wholesale Pharmacy,\N,Kireka,Kamuli Road,738,Human,Wakiso,Kampala Extra - Akamwesi
NIMISHA INVESTMENTS (U)  SMC LTD,NDA/PRE/WHP/6512,Wholesale Pharmacy,1047778563,Kasokoso Central,Main Street,1605,Human,Iganga,South Eastern Region - Jinja
ST. BENEDICT MK PHARMACY LTD,NDA/PRE/WHP/6525,Wholesale Pharmacy,1015880503,PLOT15 RED HOUSE MPANGA MARKET,KAMPALA RD,1472,Human,Fort Portal,Western Region - Hoima
CAPSULE PHARMACY LIMITED,NDA/PRE/WHP/6533,Wholesale Pharmacy,\N,"Plot 4445, Busiro Block No. 419- Kawuku, Kasubi T/C",Opp. NWSC Offices Kawuku,1214,Human,Wakiso,Kampala Extra - Akamwesi
XAIBERRY INVESTMENT LTD,NDA/PRE/WHP/6537,Wholesale Pharmacy,\N,"FAMILY MART BUILDING,- NANSANA",YESU AMALA,1213,Human,Wakiso,Kampala Extra - Akamwesi
ANIMAL SOLUTIONS LIMITED,NDA/PRE/WHP/6546,Wholesale Pharmacy,1017703699,NEXT TO KINA PETROL STATION,KASANGOMBE-KAYUNGA,1447,Veretinary,Wakiso,Kampala Extra - Akamwesi
KYEMAFRE INVESTMENTS LIMITED,NDA/PRE/WHP/6555,Wholesale Pharmacy,\N,"Bweyogerere T/C , Nalumansi House","Next to Nescilla Motel, Namulondo Zone",1044,Human,Wakiso,Kampala Extra - Akamwesi
SISTERS' DRUGS INVESTMENTS LTD,NDA/PRE/WHP/6578,Wholesale Pharmacy,\N,Town Council,Main Road,1864,Human,Mayuge,South Eastern Region - Jinja
S &V PHARMA (U) - SMC LTD,NDA/PRE/WHP/6580,Wholesale Pharmacy,\N,PLOT 88/19,GHOKALE ROAD,1091,Human,Jinja,South Eastern Region - Jinja
PREMIER WHOLESALE PHARMACY LIMITED,NDA/PRE/WHP/6622,Wholesale Pharmacy,\N,12 A BLOCK 15 NSAMBYA,ROAD,2054,Human,Kampala,Kampala Extra - Akamwesi
SWIFT MEDS UGANDA LTD,NDA/PRE/WHP/6637,Wholesale Pharmacy,\N,"KANSANGA, KIWAFU",GGABA ROAD,1653,Human,Kampala,Kampala Extra - Akamwesi
JIMSAR INVESTMENT LTD,NDA/PRE/WHP/6640,Wholesale Pharmacy,\N,"PLOT 440, KALERWE , KYEBANDO",ALONG GAYAZA RD,1444,Human,Kampala,Kampala Extra - Akamwesi
ABRISH PHARMA CO. LTD,NDA/PRE/WHP/6658,Wholesale Pharmacy,1018528030,"KISAKYAMARIA BUILDING,RM K302 &K303 - WILLIAM STREET",WILLIAM STREET,1197,Human,Kampala,Kampala Extra - Akamwesi
Niam limited,NDA/PRE/WHP/6665,Wholesale Pharmacy,1016388921,"Opposite Palema Crown hotels , Andrea Olol road",Andrea Olol road,2237,Human,Gulu,Northern Region - Lira
TOPOLINO PHARMACEUTICALS COMPANY LIMITED,NDA/PRE/WHP/6696,Wholesale Pharmacy,1026806959,"Kamdin/Juba road, Santa Solo building, Jinja Camp ward, Lira City West",Along Juba Rd,1424,Human,Lira,Northern Region - Lira
AYUME PHARMACY LIMITED,NDA/PRE/WHP/6743,Wholesale Pharmacy,\N,ARUA ORABA RD,KOBOKO MUNICIPAL COUNCIL,1928,Human,Koboko,West Nile Region - Arua
BOVIOZ HEALTH SERVICES LTD,NDA/PRE/WHP/6802,Wholesale Pharmacy,\N,"Opposite Kiboga Hopsital,",Along Hoima - Kampala Rd,1497,Human,Kiboga,Western Region - Hoima
DIGI PHARMACY UGANDA LIMITED,NDA/PRE/WHP/6804,Wholesale Pharmacy,\N,"Mukono, Next to Hared Fuel Station",Kla-Jinja Highway,1167,Human,Mukono,South Eastern Region - Jinja
WISH PHARMACY LTD,NDA/PRE/WHP/6829,Wholesale Pharmacy,\N,NAMUSERA OPPOSITE SHELL PETROL STATION,HOIMA RD,1679,Human,Wakiso,Kampala Extra - Akamwesi
NALD-SETTE CO LIMITED,NDA/PRE/WHP/6861,Wholesale Pharmacy,\N,OPP. NANSANA MUNICIPALITY BUILDIND,HOIMA RD,1456,Human,Wakiso,Kampala Extra - Akamwesi
XPRESS CARE PHARMACY LTD,NDA/PRE/WHP/6862,Wholesale Pharmacy,\N,"OPP SONDE POLICE, SONDE TRADING CENTRE",BUKERERE RD,1709,Human,Mukono,South Eastern Region - Jinja
PERRIN PHARMACY LTD,NDA/PRE/WHP/6866,Wholesale Pharmacy,\N,MWITANZIGYE TOWN COUNCIL,KAKUMIRO RD,1684,Human,Kakumiro,Western Region - Hoima
ACCULIFE PHARMA LTD,NDA/PRE/WHP/6872,Wholesale Pharmacy,1016785644,"Plot 1562, Block 253",Lukuli,1688,Human,Kampala,Kampala Extra - Akamwesi
EMINENT PHARMACEUTICAL DISTRIBUTORS EPD LIMITED,NDA/PRE/WHP/6909,Wholesale Pharmacy,1018504729,AFTER KALUNGU SDA CHURCH,AFTER KALUNGU SDA CHURCH,2137,Human,Luweero,Kampala Extra - Akamwesi
KIRABO PHARMACY LIMITED,NDA/PRE/WHP/6929,Wholesale Pharmacy,\N,ZIROBWE TRADING CENTRE,KAMPALA RD,2013,Human,Nakaseke,Kampala Extra - Akamwesi
Neha pharmacy,NDA/PRE/WHP/6956,Wholesale Pharmacy,\N,PLOT 40,MAIN STREET,1436,Human,Iganga,South Eastern Region - Jinja
LIVLIFE PHARMACY LTD,NDA/PRE/WHP/6963,Wholesale Pharmacy,\N,"KAMWOKYA, OPP. ZINOLOS",KIIRA RD,1291,Human,Kampala,Kampala Extra - Akamwesi
WEST END PHARMACEUTICALS,NDA/PRE/WHP/6964,Wholesale Pharmacy,\N,FORT PORTAL,KIBIITO T/C,597,Human,Bunyangabu,Western Region - Hoima
ALPHA MEDICA PHARMACEUTICALS 2012,NDA/PRE/WHP/7038,Wholesale Pharmacy,1002673853,"OPP POLICE POST, KIREKA T/C",KIREKA T/C,762,Human,Wakiso,Kampala Extra - Akamwesi
ATAMBA PHARMACY,NDA/PRE/WHP/7100,Wholesale Pharmacy,\N,SHOP NO.2 BEHIND RUSHERE POLICE STATION,RUSHERE-KINONI ROAD,1547,Human,Kiruhura,South Western Region - Mbarara
GARDENS CARE MEDICAL CENTRE LIMITED,NDA/PRE/WHP/7112,Wholesale Pharmacy,\N,PLOT 16 MILL LANE,KABUMDAIRE,1088,Human,Fort Portal,Western Region - Hoima
LAIKA PHARMACEUTICALS TD,NDA/PRE/WHP/7119,Wholesale Pharmacy,\N,KYEGEGWA TOWN COUNCIL,MAIN HIGHWAY,1609,Human,Kyegegwa,Western Region - Hoima
NEMEDICS HEALTH PHARMACY LTD,NDA/PRE/WHP/7120,Wholesale Pharmacy,\N,NATETE T/C,WAKALIGA RD,1561,Human,Kampala,Kampala Extra - Akamwesi
DARAJA HEALTH CARE LIMITED,NDA/PRE/WHP/7125,Wholesale Pharmacy,\N,"BUTANAZIBA BUSINESS CENTRE, G01 AND T01",KYEBANDO,1826,Human,Kampala,Kampala Extra - Akamwesi
NABMAK PHARMACUETICALS LIMITED,NDA/PRE/WHP/7143,Wholesale Pharmacy,1043492685,"AMIGO HOUSE, WAKISO T.C - HOIMA ROAD",HOIMA ROAD,1720,Human,Wakiso,Kampala Extra - Akamwesi
YUMBE PHARMACY,NDA/PRE/WHP/7156,Wholesale Pharmacy,\N,YUMBE TOWN COUNCIL,"OFF MAIN STREET, YUMBE",1692,Human,Yumbe,West Nile Region - Arua
KRYPTON PHARMACY LIMITED,NDA/PRE/WHP/7173,Wholesale Pharmacy,\N,"BLOCK36, PLOT 600/601, KITEBI T/C",WANKULUKUKU RD,1594,Human,Kampala,Kampala Extra - Akamwesi
OCEANS PHARMACY LTD,NDA/PRE/WHP/7201,Wholesale Pharmacy,\N,OPP TOTAL PETROL STATION,KYANJA,888,Human,Kampala,Kampala Extra - Akamwesi
MT. CARMEL BUSUNJU GROUP LTD,NDA/PRE/WHP/7217,Wholesale Pharmacy,\N,BUSUNJU TOWN COUNCIL,HOIMA ROAD,1156,Human,Mityana,Western Region - Hoima
KASALINA PHARMACY LTD,NDA/PRE/WHP/7251,Wholesale Pharmacy,\N,"BUSEGA ,CENTRAL ZONE",MAKAI ROAD,247,Veretinary,Kampala,Kampala Extra - Akamwesi
RENA AGRO CENTRE LTD,NDA/PRE/WHP/7267,Wholesale Pharmacy,1015623712,"PLOT 22, NALUGAMBA CELL, KAMPALA-MITYANA RD",KAMPALA-MITYANA RD,1591,Veretinary,Mityana,Western Region - Hoima
SEMUTO PHARMACY LTD,NDA/PRE/WHP/7274,Wholesale Pharmacy,1019136182,SEMUTO TRADING CENTRE,MATUGGA RD,601,Human,Nakaseke,Kampala Extra - Akamwesi
NEW HOPE FARMERS' CENTER LIMITED,NDA/PRE/WHP/7284,Wholesale Pharmacy,1019526947,"KIWUMU-BULOBA, NEXT TO TOTAL PETROL STATION",MITYANA RD,1717,Veretinary,Wakiso,Kampala Extra - Akamwesi
LUNADKA UGANDA LTD,NDA/PRE/WHP/7361,Wholesale Pharmacy,1018227185,"NAKWERO T/C, PLOT 1960 - BLOCK 178",GAYAZA - KALAGI RD,1704,Veretinary,Wakiso,Kampala Extra - Akamwesi
JAHAN PHARMACEUTICAL LTD,NDA/PRE/WHP/7379,Wholesale Pharmacy,1022931923,"Plot. 71, Shop No.1 Ventu &Family House, Kisoro Rd",Kisoro Rd,623,Human,Kabale,South Western Region - Mbarara
ASHISH LIFE SCIENCE UGANDA LIMITED,NDA/PRE/WHP/7384,Wholesale Pharmacy,1019051754,"6TH STREET, PLOT 117,",INDUSTRIAL ARES,1576,Veretinary,Kampala,Kampala Extra - Akamwesi
ALPS PHARMACY (U) LIMITED,NDA/PRE/WHP/7389,Wholesale Pharmacy,1019717336,"Shop No.3, Mukago Kahenesa Building,_x000D_Kifunjo Road.",Kifunjo road,1437,Human,Rukungiri,South Western Region - Mbarara
CHRISMA AGRO-BUSINESS ENTERPRISES LIMITED,NDA/PRE/WHP/7407,Wholesale Pharmacy,1010051521,"PLOT 29, BUDUDA TOWN COUNCIL",BUSHIKA RD,2268,Human,Bududa,Eastern Region - Tororo
TANEX HEALTH CARE LTD,NDA/PRE/WHP/7429,Wholesale Pharmacy,1019757365,"Kigunga Trading Centre, Nyenje Ward, Mukono",GOMA DIVISION,1363,Human,Mukono,South Eastern Region - Jinja
KOLANYO PHARMACY - SMC LTD,NDA/PRE/WHP/7441,Wholesale Pharmacy,\N,"KOLANYO ABDULLAH BUILDING, KASENGE",NAKAWUKA RD,1319,Human,Wakiso,Kampala Extra - Akamwesi
NUGEN PHARMACEUTICALS UGANDA LIMITED,NDA/PRE/WHP/7459,Wholesale Pharmacy,1018238245,Plot no. 117 - 119 Industrial area,"6th street, Opp. Exim bank",1592,Human,Kampala,Kampala Extra - Akamwesi
Johnass Pharmacy (U) Ltd,NDA/PRE/WHP/7473,Wholesale Pharmacy,1020210714,"Joshua Plaza, Mukono Municipality",Jinja road,1628,Human,Mukono,South Eastern Region - Jinja
GREAT CARE PHARMACEUTICALS LTD,NDA/PRE/WHP/7492,Wholesale Pharmacy,1017535485,"NANSANA YESU AMALA STAGE, HOIMA RD",HOIMA RD,1331,Human,Wakiso,Kampala Extra - Akamwesi
KARODAMA INVESTMENT CO. LTD,NDA/PRE/WHP/7504,Wholesale Pharmacy,1019934899,"NEAR EBENEZER CLINIC, ON BAKAGODDO FLAT BUILDING, EDWARD AVENUE","NEAR EBENEZER CLINIC, ON BAKAGODDO FLAT BUILDING, EDWARD AVENUE",1598,Human,Masaka,Central Regional Office - Masaka
Swashimalik Investment (U) Ltd,NDA/PRE/WHP/7506,Wholesale Pharmacy,1008348125,"Katete Zone,Katete Central Village ,Kakoba Nyamitanga Division,Mbarara City",Rwizi Lane,1602,Human,Mbarara,South Western Region - Mbarara
WELGREENS MEDIK,NDA/PRE/WHP/7507,Wholesale Pharmacy,1019765018,"PLOT 2527, STEMA HOUSE,",NTINDA-KIWATULE RD,1633,Human,Kampala,Kampala Extra - Akamwesi
SALUD HEALTHCARE LIMITED,NDA/PRE/WHP/7572,Wholesale Pharmacy,1055454718,"Prime Complex Building, Room A-09(Basement) Wilson Road Kampala Uganda-Kampala",Wilson Road,1537,Human,Kampala,Kampala Extra - Akamwesi
M/S SHIFA SUPER PHARMA (U) LIMITED,NDA/PRE/WHP/7628,Wholesale Pharmacy,10007209148,"Plot 15, Temple Road",Tempe Road,365,Human,Kamuli,South Eastern Region - Jinja
NAMRO PHARMACEUTICALS LTD,NDA/PRE/WHP/7662,Wholesale Pharmacy,1020526061,"NKOWE - MUWONGE CHARLES &MUKASA BUILDING, OPP AFIRD","BUILDING, OPP AFIRD",1467,Human,Wakiso,Kampala Extra - Akamwesi
HEALTH CURE PHARMACEUTICALS (U) LIMITED,NDA/PRE/WHP/7668,Wholesale Pharmacy,1010749431,"Plot 3, next to Bus park entrance, Kitgum Municipality",3 PARK AVENUE,1719,Human,Kitgum,Northern Region - Lira
J.ROPHI PHARMACY,NDA/PRE/WHP/7674,Wholesale Pharmacy,1018101958,KIYINDI LANDING SITE,NAJJA-KIYINDI ROAD,1677,Human,Buikwe,South Eastern Region - Jinja
BAHATI PHARMACY LTD,NDA/PRE/WHP/7678,Wholesale Pharmacy,1020305705,KATO JOHN'S HOUSE - KITOORO TRADING CENTER,MARKET STREET,607,Human,Wakiso,Kampala Extra - Akamwesi
KWEROCHO PHARMACY LIMITED,NDA/PRE/WHP/7699,Wholesale Pharmacy,1019916000,Katikara Town board,Kakumiro-Hoima Highway,1968,Human,Kakumiro,Western Region - Hoima
NAZ PHARMACEUTICALS LIMITED,NDA/PRE/WHP/7716,Wholesale Pharmacy,1015743992,"Shop No. G6, GBK House, opposite Stanbic Bank on Ntare Road, Mbarara City.","Shop No. G6, GBK House, opposite Stanbic Bank on Ntare Road, Mbarara City.",611,Human,Mbarara,South Western Region - Mbarara
WAJJOX PHARMA HOLDINGS UGANDA LTD,NDA/PRE/WHP/7762,Wholesale Pharmacy,1019534821,"KYOTERA TOWN,MUYANJA ARCADE,OPPOSITE CENTENARY BANK, OLD MUTUKULA RD","KYOTERA TOWN,MUYANJA ARCADE,OPPOSITE CENTENARY BANK, OLD MUTUKULA RD",1507,Human,Kyotera,Central Regional Office - Masaka
DUA PHARMACY LTD,NDA/PRE/WHP/7783,Wholesale Pharmacy,1021896605,"OPP TOSHA PETROL STATION, KAJJANSI T.C",ENTEBBE RD,1766,Human,Wakiso,Kampala Extra - Akamwesi
SHYAM PHARMACEUTICALS (U) LTD,NDA/PRE/WHP/7792,Wholesale Pharmacy,1021082026,"BULENGA, KATENDE BUILDING","KYENGERA T.C, MITYANA RD",969,Human,Wakiso,Kampala Extra - Akamwesi
SILVERBACKS PHARMACY LIMITED,NDA/PRE/WHP/7798,Wholesale Pharmacy,1000258850,"PLOT 6197, KISUGU",ST BARNABAS RD,870,Human,Kampala,Kampala Extra - Akamwesi
COMMERCIAL MEDICAL STORES LTD,NDA/PRE/WHP/7804,Wholesale Pharmacy,1019526039,"KIRA, BUWATE - KIRA-KASANGATI RD",KIRA-KASANGATI RD,1310,Human,Wakiso,Kampala Extra - Akamwesi
MARFREY'S FIRST PHARMACY-SMC LTD,NDA/PRE/WHP/7813,Wholesale Pharmacy,1016647055,Kagadi Trading Center,Mugenyi street,1748,Human,Kagadi,Western Region - Hoima
VICALOM INVESTMENTS LIMITED,NDA/PRE/WHP/7835,Wholesale Pharmacy,1019031460,"AT OJOK PETER H'SE, PLOT 35 OLAMI VILLAGE B",ADUKU T.C,1759,Human,Kwania,Northern Region - Lira
SAVANA ANIMAL PHARMACY,NDA/PRE/WHP/7838,Wholesale Pharmacy,1021549511,"SHOP 1, ALICE KAHABURA HOUSE-RUSHERE",RUSHERE-KAZO,1774,Veretinary,Kabale,South Western Region - Mbarara
GOOD DAY PHARMACY LIMITED,NDA/PRE/WHP/7840,Wholesale Pharmacy,1000052609,"BASEMENT OF RENE PLAZA,",WILLIAM STREET,882,Human,Kampala,Kampala Extra - Akamwesi
SESSOLYE VETERINARY PHARMACY,NDA/PRE/WHP/7875,Wholesale Pharmacy,1010971982,"LUWERO TOWN COUNCIL,",IN THE TAXI PARK,1338,Veretinary,Luweero,Kampala Extra - Akamwesi
KAKAIRE PHARMACEUTICALS LIMITED,NDA/PRE/WHP/7883,Wholesale Pharmacy,1021744481,KIJABIJJO T/C,GAYAZA-KALAGI,1516,Human,Wakiso,Kampala Extra - Akamwesi
BLUELINE PHARMACY LIMITED,NDA/PRE/WHP/7888,Wholesale Pharmacy,1020366915,"PLOT 4, ENYONU ENYABU HOUSE, DOKOLO T/COUNCIL, DOKOLO",DOKOLO TOWN COUNCIL,1627,Human,Dokolo,Northern Region - Lira
SAFER WORLD PHARMACY (SMC) LIMITED,NDA/PRE/WHP/7915,Wholesale Pharmacy,1027262928,"AT NAJJERA MALL,",NAJJJERA 1,1835,Human,Wakiso,Kampala Extra - Akamwesi
Lifechek Pharma Limited,NDA/PRE/RTP/0612,Retail Pharmacy,1007357603,Ham Shopping Grounds,Nakivubo,1817,Human,Kampala,Kampala Extra - Akamwesi
SEVEN HILLS PHARMA LTD,NDA/PRE/WHP/7991,Wholesale Pharmacy,1024007453,"NUM HOUSE, MAKINDYE",LUKULI RD,973,Human,Kampala,Kampala Extra - Akamwesi
LIFESCOPE 248 PHARMACEUTICALS LIMITED,NDA/PRE/WHP/8018,Wholesale Pharmacy,1013792117,"OPP. RIGO SHOPPERS, KAWUKU",KATABI T.C,1721,Human,Wakiso,Kampala Extra - Akamwesi
HAJIYANI FRIENDSHIP PHARMACY SMC LTD,NDA/PRE/WHP/8039,Wholesale Pharmacy,1023676010,Mbiko Trading centre,Kampala - Jinja Highway,2180,Human,Buikwe,South Eastern Region - Jinja
Kasalawo Pharmacy,NDA/PRE/WHP/8043,Wholesale Pharmacy,1015550993,"Busana Road, Kayunga Town Council - Kayunga",Busana,1785,Human,Kayunga,South Eastern Region - Jinja
SUNWAVES ENTERPRISE UGANDA LIMITED,NDA/PRE/WHP/8059,Wholesale Pharmacy,1054264242,"PLOT 2361, BLOCK 243, HW MALL OPP NWSC",Kitintale,2312,Human,Kampala,Kampala Extra - Akamwesi
DHIR MEDIC PHARMA LTD,NDA/PRE/WHP/8070,Wholesale Pharmacy,1024558568,"OPP NEW CARE GENERATION PRI SCH, BUSIIKA, GAYAZA ZIROBWE RD",GAYAZA ZIROBWE RD,1807,Human,Luweero,Kampala Extra - Akamwesi
DIGI PHARMACY UGANDA LTD,NDA/PRE/WHP/8188,Wholesale Pharmacy,1018668321,"OPP. B.P, WASHING BAY-KAMULI RD, MPUMUDDE - JINJA CITY",KAMULI ROAD,1857,Human,Jinja,South Eastern Region - Jinja
BERCAF INVESTMENT LIMITED,NDA/PRE/WHP/8189,Wholesale Pharmacy,1024887992,"JUBA ROAD,OPPOSITE LIRA P7 SCHOOL",JUBA ROAD,2141,Human,Lira,Northern Region - Lira
DAM PHARMACEUTICALS SMC LTD,NDA/PRE/WHP/8199,Wholesale Pharmacy,1025644095,"Mbale Road, Kumi Town",MBALE ROAD,1492,Human,Kumi,North Eastern Region - Soroti
MIRAMEL WHOLESALE PHARMACY (U)-SMC LTD,NDA/PRE/WHP/8261,Wholesale Pharmacy,1026961676,"NEXT TO UNIQUE PETROL STATION - MASAKA RD, KYENGERA","MASAKA RD, KYENGERA",2163,Human,Wakiso,Kampala Extra - Akamwesi
GECY PHARMACY UGANDA LTD,NDA/PRE/WHP/8277,Wholesale Pharmacy,1026869878,"MPASANA T/C , BUGANGAIZI EAST",KAKUMIRO-KISIITA RD,1399,Human,Kakumiro,Western Region - Hoima
ALGA CARE LIMITED,NDA/PRE/WHP/8280,Wholesale Pharmacy,1026822562,"KANYANYA, OPP. KANYANYA POLICE STATION",ALONG GAYAZA RD,1833,Human,Kampala,Kampala Extra - Akamwesi
MEDMAC FOR MANUFACTURING AGRICULTURAAL CHEMICALS AND VETERINARY PRODUCTS LIMITED,NDA/PRE/WHP/8318,Wholesale Pharmacy,\N,"AKAMWESI SHOPING MALL, ROOM WW15",GAYAZA ROAD,1806,Veretinary,Kampala,Kampala Extra - Akamwesi
XANDIEROBZ PHARMACEUTICAL - SMC LTD,NDA/PRE/WHP/8321,Wholesale Pharmacy,1027073464,RWIMI TOWN COUNCIL,KASESE-FORTPORTAL ROAD,1821,Human,Bunyangabu,Western Region - Hoima
XYLOPHARM LTD,NDA/PRE/WHP/8325,Wholesale Pharmacy,1021076693,"Plot 24 Galiraya Plaza,",Wilson Rd,891,Human,Kampala,Kampala Extra - Akamwesi
SHIV - DRASHAV PHARMACY LTD,NDA/PRE/WHP/8333,Wholesale Pharmacy,1015603245,"KASANA TOWN COUNCIL, LUWERO",LUWERO,542,Human,Luweero,Kampala Extra - Akamwesi
RAHI MEDICINES (U) -SMC LTD,NDA/PRE/WHP/8366,Wholesale Pharmacy,\N,"PLOT 6A,",APUTI RD,658,Human,Lira,Northern Region - Lira
IMPALA PHARMACEUTICALS LIMITED,NDA/PRE/WHP/8379,Wholesale Pharmacy,1053780795,"RAILWAY STATION RD, PLOT 43 NEXT TO BANK OF AFRICA",RAILWAY STATION RD,1836,Human,Kampala,Kampala Extra - Akamwesi
ZYNAD CO. LTD,NDA/PRE/WHP/8394,Wholesale Pharmacy,1027090358,"Plot 3, High street, opposite Shell petrol station, Ojwina, Lira City",01 HIGH STREET,1787,Human,Lira,Northern Region - Lira
TEMC PHARMACY UG LTD,NDA/PRE/WHP/8407,Wholesale Pharmacy,1016748784,"FREEDOM HOUSE, KIBOGA TOWN COUNCIL",KIGANZA RD,1075,Human,Kiboga,Western Region - Hoima
SANLIFE PHARMACY LIMITED,NDA/PRE/WHP/8431,Wholesale Pharmacy,1027005730,"SHOP NO. B40 &41, BIRUS KISENYI MALL, CENTRAL DIVISION, KAMPALA",Kisenyi,1868,Human,Kampala,Kampala Extra - Akamwesi
DECLAN PHARMACY LIMITED,NDA/PRE/WHP/8469,Wholesale Pharmacy,102745670,"Next to Shell Nansana, Hoima Road",Hoima Road,1169,Human,Wakiso,Kampala Extra - Akamwesi
MOROWA PHARMACY LTD,NDA/PRE/WHP/8500,Wholesale Pharmacy,1025638109,"BUKOTO, PLOT 4",KIWANA RD,809,Human,Kampala,Kampala Extra - Akamwesi
3K TRUST (U) LTD,NDA/PRE/WHP/8528,Wholesale Pharmacy,1027424925,OPP MASAKA REGIONAL REFERRAL HOSP.,KATWE,1839,Human,Masaka,Central Regional Office - Masaka
INFRA AFRICA SOLUTIONS (IAS) LTD,NDA/PRE/WHP/8530,Wholesale Pharmacy,1015593507,"STEKA HOUSE , NTINDA - KIGOWA",NTINDA - KIGOWA,1788,Human,Kampala,Kampala Extra - Akamwesi
NEXUS PHARMACY LTD,NDA/PRE/WHP/8557,Wholesale Pharmacy,1025959859,MASAKA - SSAZA,NDEGEYA ROAD,1475,Human,Masaka,Central Regional Office - Masaka
SUJA PHARMACY,NDA/PRE/WHP/8572,Wholesale Pharmacy,1019226799,"KOBOKO MUNICIPALITY, ALLI KENYI ROAD",ALLI KENYI ROAD,2221,Human,Koboko,West Nile Region - Arua
IMELA PHARMACY LIMITED,NDA/PRE/WHP/8584,Wholesale Pharmacy,1027547846,"AT DT KAVUMA BLD'G, WOBULENZI",OPP. STANBIC BANK,1855,Human,Luweero,Kampala Extra - Akamwesi
CLINICPESA LIMITED,NDA/PRE/WHP/8612,Wholesale Pharmacy,1010267631,"MUMBESA CLOSE, HOUSE 5,","BUUYE, NTINDA",1429,Human,Kampala,Kampala Extra - Akamwesi
TOLIB PHARMACY LIMITED,NDA/PRE/WHP/8632,Wholesale Pharmacy,1027889010,"AMOLATAR ROAD, DOKOLO TOWN COUNCIL",AMOLATAR ROAD,1648,Human,Dokolo,Northern Region - Lira
NOVOMED HEALTHCARE LIMITED,NDA/PRE/WHP/8692,Wholesale Pharmacy,1027534580,"PLOT 40A, ROSEWOOD, NAGURU DRIVE, NAKAWA DIVISION","PLOT 40A, ROSEWOOD, NAGURU DRIVE, NAKAWA DIVISION",1225,Human,Kampala,Kampala Extra - Akamwesi
SWASTIK PHARMACEUTICALS LIMITED,NDA/PRE/WHP/8706,Wholesale Pharmacy,1000584338,"MAWANDA ROAD, OPPOSITE POLICE",MAWANDA ROAD,2172,Human,Kampala,Kampala Extra - Akamwesi
PLANET HEALTH GROUP LIMITED,NDA/PRE/WHP/8710,Wholesale Pharmacy,1018055754,"SOYA,",KALUNGU ROAD,678,Human,Kampala,Kampala Extra - Akamwesi
HURAIRAH ESTABLISHMENTS (U) - SMC LTD,NDA/PRE/WHP/8740,Wholesale Pharmacy,1020003714,"MUKWANO MALL, OLD KAMPALA",RASHID KHAMIS ROAD,1713,Veretinary,Kampala,Kampala Extra - Akamwesi
WALGREEN INVESTMENTS LTD,NDA/PRE/WHP/8842,Wholesale Pharmacy,1017245590,NEXT TO ACTIVE SUPERMARKET,"ALONG, FORT PORTAL - BUNDIBUGYO RD",1777,Human,Fort Portal,Western Region - Hoima
RAED PHARMACY,NDA/PRE/WHP/8888,Wholesale Pharmacy,\N,KALAGI,KALAGI ROAD,1506,Human,Mukono,South Eastern Region - Jinja
ALKAREEM PHARMACY LTD,NDA/PRE/WHP/8922,Wholesale Pharmacy,\N,TOWN,BUDUDA ROAD,1793,Human,Manafwa,Eastern Region - Tororo
COIN PHARMACY LIMITED,NDA/PRE/WHP/8929,Wholesale Pharmacy,1013071390,"PARK EMPYA MALL WITHIN NEW TAXI PARK, NAMIREMBE RD",NAMIREMBE RD,1148,Human,Kampala,Kampala Extra - Akamwesi
BASHIR PHARMACY,NDA/PRE/WHP/8969,Wholesale Pharmacy,\N,KABWOHE MUNICIPALITY,MAIN STREET,1205,Human,Sheema,South Western Region - Mbarara
QRS Pharmacy Ltd,NDA/PRE/WHP/8973,Wholesale Pharmacy,1030055434,"PLOT 3153, KULAMBIRO RING ROAD",KULAMBIRO RING ROAD,626,Human,Kampala,Kampala Extra - Akamwesi
TATA UGANDA LTD,NDA/PRE/WHP/8981,Wholesale Pharmacy,1000028542,KALUNGI PLAZA,WILLIAM STREET,930,Human,Kampala,Kampala Extra - Akamwesi
VOB BESTCARE HEALTH SERVICES LIMITED,NDA/PRE/WHP/9002,Wholesale Pharmacy,1029138822,"NEAR HEALTH CENTER IV, KASANDA T.C",NEAR HEALTH CENTER IV,2197,Human,Kasanda,Western Region - Hoima
FIMAPHARM - SMC LTD,NDA/PRE/WHP/9004,Wholesale Pharmacy,1033250141,"EASY VIEW PLAZA (ROOM A16, A17, A18)",KIBUYE - ENTEBBE RD,788,Human,Kampala,Kampala Extra - Akamwesi
ACHEALTH PHARMACY LTD,NDA/PRE/WHP/9005,Wholesale Pharmacy,1030066653,"KANYANYA T/C, NEXT TO PRIME CARE HOSP.",GAYAZA RD,1897,Human,Kampala,Kampala Extra - Akamwesi
AEK - AFRICA INVESTMENT LIMITED,NDA/PRE/WHP/9037,Wholesale Pharmacy,1009923657,"TANGANYIKA WARD, OBOLOKOFUKU VILLAGE",RHINO CAMP ROAD,1973,Human,Arua,West Nile Region - Arua
NTARE PHARMACY,NDA/PRE/WHP/9075,Wholesale Pharmacy,\N,"Ave-Maria stage,",Nsambya hospital road,1887,Human,Kampala,Kampala Extra - Akamwesi
CMC PHARMACEUTICALS &CONSULTS LIMITED,NDA/PRE/WHP/9143,Wholesale Pharmacy,1030922811,VICTORN HOUSE OPPOSITE KAMPALA QUALITY PRIMARY SCHOOL,BAHAI RD,602,Human,Kampala,Kampala Extra - Akamwesi
MALIX PHARMA (U) LTD,NDA/PRE/WHP/9175,Wholesale Pharmacy,\N,JINJA CITY,"NALUFENYA ROAD, JINJA CITY",1693,Human,Jinja,South Eastern Region - Jinja
BWOSI LOGISTICS (U) LIMITED,NDA/PRE/WHP/9185,Wholesale Pharmacy,1026151757,"LUKE MONARI BLD'G, ZONE BLOCK 182, MUSISI MUKASA ROAD, BULINDO","MUSISI MUKASA ROAD, BULINDO",1009,Human,Wakiso,Kampala Extra - Akamwesi
ZAHID PHARMACY - SMC LIMITED,NDA/PRE/WHP/9199,Wholesale Pharmacy,\N,Plot 30 Lakari Nyabongo Complex,"Market street, Tororo Municipality",1422,Human,Tororo,Eastern Region - Tororo
GREAT BUGISU PHARMACY LIMITED,NDA/PRE/WHP/9206,Wholesale Pharmacy,\N,MUKAGA - MBALE CITY,TORORO ROAD,1886,Human,Mbale,Eastern Region - Tororo
FREEDOM HEALTH AND SUPPLIES LIMITED,NDA/PRE/WHP/9242,Wholesale Pharmacy,\N,APAC MUNICIPALITY,CHEGERE ROAD,1534,Human,Apac,Northern Region - Lira
REGAL PHARMA (U) LIMITED,NDA/PRE/WHP/9263,Wholesale Pharmacy,\N,PLOT NO. 11,WILLIAM STREET,1747,Human,Kampala,Kampala Extra - Akamwesi
EVOLVE DRUG MART LTD,NDA/PRE/WHP/9295,Wholesale Pharmacy,\N,"TIRUPATI BUSINESS PARK, KYEBANDO",KISALOSALO,1230,Human,Kampala,Kampala Extra - Akamwesi
UNIHEALTH(U)LIMITED,NDA/PRE/WHP/9310,Wholesale Pharmacy,\N,"PLOT 639, OPP DEMBE VILLE",BUKOTO STREET,883,Human,Kampala,Kampala Extra - Akamwesi
SETLITE HOLDINGS LTD,NDA/PRE/WHP/9324,Wholesale Pharmacy,\N,"MUKONGORO T/C, PALLISA","KUMI RD, KANYUMA",1560,Human,Kakumiro,North Eastern Region - Soroti
HAMBETHA PHARMACEUTICALS LTD,NDA/PRE/WHP/9329,Wholesale Pharmacy,1026822355,"NEXT TO MULAWA MALL, KIRA - BULINDO ROAD",KIRA - BULINDO ROAD,2291,Human,Wakiso,Kampala Extra - Akamwesi
DUA PHARMACY LTD,NDA/PRE/WHP/9345,Wholesale Pharmacy,1021896605,"KASE HOUSE, OPP COCACOLA DEPOT",ZANA,1716,Human,Wakiso,Kampala Extra - Akamwesi
LEXIE MEDS (EA) LTD,NDA/PRE/WHP/9370,Wholesale Pharmacy,\N,NEXT TO KYANJA HOUSE,,625,Human,Kampala,Kampala Extra - Akamwesi
KIKUUBO PHARMACY LTD,NDA/PRE/WHP/9375,Wholesale Pharmacy,\N,KIKUUBO T/C BUKOMERO T.C,HOIMA RD,954,Human,Kiboga,Western Region - Hoima
KYSARA TRADING COMPANY LTD,NDA/PRE/WHP/9378,Wholesale Pharmacy,\N,KASANDA T.C,"KIKANDWA RD, MAIN STREET",1272,Human,Kasanda,Western Region - Hoima
WASIM PHARMACY SMC LTD,NDA/PRE/WHP/9410,Wholesale Pharmacy,\N,JUWAKALI,MARKET STREET,1424,Human,Soroti,North Eastern Region - Soroti
MOJA HEALTHCARE AND CONSULTANCY LIMITED,NDA/PRE/WHP/9424,Wholesale Pharmacy,1031962616,"WAKISO TOWN, EBENEZER BUSINESS CENTRE","WAKISO TOWN, EBENEZER BUSINESS CENTRE",2218,Human,Wakiso,Kampala Extra - Akamwesi
BRIMSTAR PHARMACY LIMITED,NDA/PRE/WHP/9431,Wholesale Pharmacy,\N,Ochapa Town Council,Orupe Rd,1252,Human,Serere,North Eastern Region - Soroti
SRN PHARMA (A) LIMITED,NDA/PRE/WHP/9432,Wholesale Pharmacy,1043061743,"Kyengera town council, Old Masaka Road, Hajji Kawoota Building","Old Masaka Road, Hajji Kawoota Building",914,Human,Wakiso,Kampala Extra - Akamwesi
TRAVIAN PHARMACEUTICALS LIMITED,NDA/PRE/WHP/9441,Wholesale Pharmacy,1028670916,"RAMANAD WAREHOUSE NO.4, LUZIRA INDUSTRIAL PARK",SMILE ROAD,1675,Human,Kampala,Kampala Extra - Akamwesi
EMMANUEL WAAT LTD,NDA/PRE/WHP/9444,Wholesale Pharmacy,\N,ADJUMANI T.C,ALONG OPENZIZI RD,1764,Human,Adjumani,West Nile Region - Arua
LODBEY PHARMACY LIMITED,NDA/PRE/WHP/9462,Wholesale Pharmacy,1022610839,STATION ROAD - NAGONGERA TOWN COUNCIL ; TORORO DISTRICT,NAG'RA TOWN,1392,Human,Tororo,Eastern Region - Tororo
GENEROUS PHARMA (U) LIMITED,NDA/PRE/WHP/9470,Wholesale Pharmacy,1038188977,"MAJESTIC PLAZA , WILLIAM STREET",WILLIAM STREET,962,Veretinary,Kampala,Kampala Extra - Akamwesi
CRUX PHARMA U LIMITED,NDA/PRE/WHP/9473,Wholesale Pharmacy,1025447292,KAWEMPE ABOVE STANBIC BANK,BOMBO ROAD,714,Human,Kampala,Kampala Extra - Akamwesi
ALKINS PHARMACEUTICALS LIMITED,NDA/PRE/WHP/9476,Wholesale Pharmacy,\N,TESO INN,OBWANOER RD,1494,Human,Soroti,North Eastern Region - Soroti
NOVAMED INTERNATIONAL LIMITED,NDA/PRE/WHP/9519,Wholesale Pharmacy,1008764966,"BANDA T/C, BLD'G OPP NABISUNSA GIRLS SS ROAD",JINJA ROAD,730,Human,Kampala,Kampala Extra - Akamwesi
CHUKA PHARMACY UGANDA LIMTED,NDA/PRE/WHP/9523,Wholesale Pharmacy,\N,AT PIONEER VIEW ARCADE,BEN KIWANUKA STREET,1811,Human,Kampala,Kampala Extra - Akamwesi
NTONDE VET SERVICES,NDA/PRE/WHP/9547,Wholesale Pharmacy,\N,"SHOP NO.2, PLOT 104",ALONG MASAKA - MBARARA ROAD,1779,Veretinary,Lyantonde,South Western Region - Mbarara
GERTMILL AFRICA LIMITED,NDA/PRE/WHP/9565,Wholesale Pharmacy,\N,NANKUWADE,SENTEMA ROAD,1107,Human,Wakiso,Kampala Extra - Akamwesi
RUDRA PHARMA LTD,NDA/PRE/WHP/9580,Wholesale Pharmacy,\N,NANSANA KUKYENABWERU,HOIMA ROAD,1784,Human,Wakiso,Kampala Extra - Akamwesi
DOUBLE HELIX SUPPLIES LTD,NDA/PRE/WHP/9621,Wholesale Pharmacy,1033409328,"BASEMENT FLOOR, SHOP NO.10, 4MATIC MALL BUILDING",KIWATULE ROAD,763,Human,Kampala,Kampala Extra - Akamwesi
Abacus Pharma (A) LTD -IBANDA,NDA/PRE/WHP/9627,Wholesale Pharmacy,1000025715,"Shop NO. 2 Alibaruho Building, Bufunda Street",Bufunda Street,1612,Human,Ibanda,South Western Region - Mbarara
RAYYA PHARMA - SMC LIMITED,NDA/PRE/WHP/9632,Wholesale Pharmacy,\N,THE MALL BUILDING MALL,WILSON RD,1406,Human,Kampala,Kampala Extra - Akamwesi
DAMWE ESTABLISHMENTS (U) LTD,NDA/PRE/WHP/9634,Wholesale Pharmacy,\N,"BENDA PLAZA, KYEBANDO",RING RD,1783,Human,Kampala,Kampala Extra - Akamwesi
GREEN DOVE PHARMACY LTD,NDA/PRE/WHP/9636,Wholesale Pharmacy,\N,OPP. KAYUNGA REGIONAL HOSP. MAIN GATE,"HOPISTAL LANE, KAYUNGA T/C",1832,Human,Kayunga,South Eastern Region - Jinja
ZAKA-MPANGA PHARMACEUTICALS LIMITED,NDA/PRE/WHP/9662,Wholesale Pharmacy,\N,"CENTRAL ZONE, NAKASONGOLA T/C",KAMPALA ROAD,931,Human,Nakasongola,Kampala Extra - Akamwesi
MEDIVERSE AFRICA LIMITED,NDA/PRE/WHP/9705,Wholesale Pharmacy,1018215790,"PLOT 36C, SHOP NO. 3",LUBAS RD,1606,Human,Jinja,South Eastern Region - Jinja
DOCBAY UGANDA LIMITED,NDA/PRE/WHP/9793,Wholesale Pharmacy,\N,NEW MALL OPP KASANGATI PRISON,KASANGATI T/C,685,Human,Wakiso,Kampala Extra - Akamwesi
BULER LIFE PHARMACY LIMITED,NDA/PRE/WHP/9890,Wholesale Pharmacy,\N,OPP GALULEEBA COMMERCIAL PLAZA,"HOIMA ROAD, WAKISO TOWN",910,Human,Wakiso,Kampala Extra - Akamwesi
JABREN LTD,NDA/PRE/WHP/9897,Wholesale Pharmacy,\N,KAFUNDA ZONE,BWAISE - NABWERU ROAD,1603,Human,Wakiso,Kampala Extra - Akamwesi
ENO-ZIROBWE PHARMACEUTICALS LTD,NDA/PRE/WHP/9909,Wholesale Pharmacy,1036144093,"KASANA- WOBULENZI STAGE, ZIROBWE",ZIROBWE,1887,Human,Luweero,Kampala Extra - Akamwesi
MOXSACO PHARMACY LIMITED,NDA/PRE/WHP/9925,Wholesale Pharmacy,1035924676,"MAJENGO B, KABERAMAIDO T/C, ESINGU ROAD","MAJENGO B, KABERAMAIDO T/C, ESINGU ROAD",2015,Human,Soroti,North Eastern Region - Soroti
EMUN PHARMACY LIMITED,NDA/PRE/WHP/9965,Wholesale Pharmacy,\N,MPANGATI TOWER,"KASAWO RD, OPP. ZIROBWE T.C",1090,Human,Luweero,Kampala Extra - Akamwesi
LIVAHC ENTERPRISES LTD,NDA/PRE/WHP/9994,Wholesale Pharmacy,\N,"KUNYA MUTUNGO, OPPOSITE THE MOSQUE",KIREKA ROAD,2023,Human,Kampala,Kampala Extra - Akamwesi
ASTRA PHARMA (U) LIMITED,NDA/PRE/WHP/2200,Wholesale Pharmacy,1000024210,"PLOT 13 , WILLIAM STREET",WILLIAM STREET,770,Human,Kampala,Kampala Extra - Akamwesi
National Medical Stores,NDA/PRE/EXT/10199,External/Annex Store,\N,"Kiwafu Road, Kitooto","Kiwafu Road, Kitooto",487,Human,Wakiso,Kampala Extra - Akamwesi
Afri-World Pharmaceuticals (U) Ltd,NDA/PRE/EXT/10267,External/Annex Store,\N,,,1010,Human,Kampala,Kampala Extra - Akamwesi
Makerere University Lung Institute,NDA/PRE/EXT/10271,External/Annex Store,\N,,,1609,Human,Kampala,Kampala Extra - Akamwesi
Vitacare Limited,NDA/PRE/EXT/10442,External/Annex Store,\N,Nsooba Road,Nsooba Road,663,Human,Kampala,Kampala Extra - Akamwesi
Imagine Pharmaceuticals Ltd,NDA/PRE/EXT/10684,External/Annex Store,\N,Martin Rd,Martin Rd,715,Human,Kampala,Kampala Extra - Akamwesi
Novomed Healthcare Limited,NDA/PRE/EXT/10923,External/Annex Store,\N,Kyebando,Kyebando,1225,Human,Kampala,Kampala Extra - Akamwesi
Generous Pharma (U) Limited,NDA/PRE/EXT/11060,External/Annex Store,\N,7th Street,7th Street,962,Veretinary,Kampala,Kampala Extra - Akamwesi
Bellazuri  Limited,NDA/PRE/PMA/10655,Surgical Instruments and Appliances Outlet,\N,Dukes Rd,Dukes Rd,2053,Human,Kampala,Kampala Extra - Akamwesi
Mahathi Medical Industries Ltd,NDA/PRE/PMA/10967,Surgical Instruments and Appliances Outlet,\N,Namanve,Namanve,776,Human,Mukono,South Eastern Region - Jinja
Najeru Packaging Industries Limited,NDA/PRE/PMA/9805,Surgical Instruments and Appliances Outlet,\N,"Walukuba Rd, Masese","Walukuba Rd, Masese",\N,Human,Jinja,South Eastern Region - Jinja
Aspire Holdings Limited,NDA/PRE/RTP/0087,Retail Pharmacy,\N,Daster Street,Daster Street,1838,Medical Devices,Kampala,Kampala Extra - Akamwesi
Ady Pharmacy Limited,NDA/PRE/RTP/0141,Retail Pharmacy,\N,Kinawataka Road,Kinawataka Road,1940,Human,Wakiso,Kampala Extra - Akamwesi
Aiveen (U) Limited,NDA/PRE/RTP/0396,Retail Pharmacy,1000273517,"PLOT 10, JESCO BUILDING, WILSON ROAD",Wilson Road,1427,Human,Kampala,Kampala Extra - Akamwesi
Abacus Pharma(A) Ltd,NDA/PRE/RTP/0544,Retail Pharmacy,\N,Wilson Road,Wilson Road,796,Human,Kampala,Kampala Extra - Akamwesi
The Bold Pharmacy Limited,NDA/PRE/RTP/0633,Retail Pharmacy,1049597596,PARK ROYALE BUILDING,KYAGWE RD,1335,Human,Kampala,Kampala Extra - Akamwesi
Senna Pharmacy Ltd,NDA/PRE/RTP/0644,Retail Pharmacy,\N,Najjera Rd,Najjera Rd,375,Human,Kampala,Kampala Extra - Akamwesi
Yamwe Pharmaceuticals Ltd,NDA/PRE/RTP/0654,Retail Pharmacy,\N,Bombo Rd,Bombo Rd,1703,Human,Kampala,Kampala Extra - Akamwesi
Vine Pharmaceuticals Ltd,NDA/PRE/RTP/0802,Retail Pharmacy,\N,Gaba Rd,Gaba Rd,1637,Human,Kampala,Kampala Extra - Akamwesi
Multiple Super Investments Ltd,NDA/PRE/RTP/0857,Retail Pharmacy,\N,Buremba Road,Buremba Road,1222,Human,Mbarara,South Western Region - Mbarara
Baydex Pharmacy Limited,NDA/PRE/RTP/10253,Retail Pharmacy,\N,,,1926,Human,Kagadi,Western Region - Hoima
Henrico Pharmacy - Smc Limited,NDA/PRE/RTP/10361,Retail Pharmacy,\N,Moroto Rd,Moroto Rd,1621,Human,Sironko,Eastern Region - Tororo
DARON PHARMA LTD,NDA/PRE/RTP/10415,Retail Pharmacy,1027287962,"KIGANDA TOWN COUNCIL, MUBENDE-KAMPALA HIGHWAY","KIGANDA TOWN COUNCIL, MUBENDE-KAMPALA HIGHWAY",2322,Human,Kasanda,Western Region - Hoima
Able Care Pharmacy Ltd,NDA/PRE/RTP/10505,Retail Pharmacy,103973282,"BWERENGA - KAWEMPE, KASULE BLD'G","Bwerenga Road, Katabi",2296,Human,Wakiso,Kampala Extra - Akamwesi
Zillions Medic Pharmacy Limited,NDA/PRE/RTP/10526,Retail Pharmacy,\N,Kapelebyong Town,Kapelebyong Town,1931,Human,Kapelebyong,North Eastern Region - Soroti
Katende Pharmaceuticals Limited,NDA/PRE/RTP/10534,Retail Pharmacy,\N,"Kamukaaga, Masaka Road","Kamukaaga, Masaka Road",1967,Human,Wakiso,Kampala Extra - Akamwesi
Alpha Vet Link Pharmacy Limited,NDA/PRE/RTP/10560,Retail Pharmacy,\N,Mityana-Kampala Road,Mityana-Kampala Road,2017,Veretinary,Mityana,Western Region - Hoima
Aspin Drug Stores,NDA/PRE/RTP/10574,Retail Pharmacy,\N,"Katosi Rd,","Katosi Rd,",1906,Human,Buikwe,South Eastern Region - Jinja
Mazobe Pharmacy Ltd,NDA/PRE/RTP/10587,Retail Pharmacy,\N,Namayingo Road,Namayingo Road,1953,Human,Namayingo,South Eastern Region - Jinja
Nasso Pharmacy Ltd,NDA/PRE/RTP/10606,Retail Pharmacy,\N,Mityana Road,Mityana Road,1999,Human,Butambala,Central Regional Office - Masaka
SERIN &SON PHARMACY LTD,NDA/PRE/RTP/10664,Retail Pharmacy,1040812209,"Kyapa , Kyarusozi",Kyarusozi,2095,Human,Kyenjojo,Western Region - Hoima
ALLANZ PHARMACEUTICALS LTD,NDA/PRE/RTP/10675,Retail Pharmacy,1040819876,FORT PORTAL CITY BWAMBA ROAD,BWAMBA ROAD,2071,Human,Kabarole,Western Region - Hoima
Alhifz Holdings Ltd,NDA/PRE/RTP/10685,Retail Pharmacy,\N,Nican Road,Nican Road,2035,Human,Wakiso,Kampala Extra - Akamwesi
Maski Ventures Ltd,NDA/PRE/RTP/10692,Retail Pharmacy,\N,Kyotera Road,Kyotera Road,1593,Human,Masaka,Central Regional Office - Masaka
Zoom Hill Link Pharmacy - Smc Limited,NDA/PRE/RTP/10696,Retail Pharmacy,\N,,,1706,Human,Wakiso,Kampala Extra - Akamwesi
SMAC PHARMACY,NDA/PRE/RTP/10697,Retail Pharmacy,1026868794,Arua - Kampala Highway,Arua - Kampala Highway,2126,Human,Arua,West Nile Region - Arua
ASPIN DRUG STORES,NDA/PRE/RTP/10713,Retail Pharmacy,1040097523,"NEXT TO NAKYAZE COMPLEX, GANGU A, BUSABALA ROAD - MAKINDYE SABAGABO MUNICIPALITY",BUSABALA ROAD,1912,Human,Wakiso,Kampala Extra - Akamwesi
Samjov General Supplies Ltd,NDA/PRE/RTP/10715,Retail Pharmacy,\N,Gulu Highway,Gulu Highway,1408,Human,Luweero,Kampala Extra - Akamwesi
L &A Medical Centre -Smc Ltd,NDA/PRE/RTP/10720,Retail Pharmacy,\N,Lugoba Road,Lugoba Road,2089,Human,Wakiso,Kampala Extra - Akamwesi
Fram Pharmaceuticals Ltd,NDA/PRE/RTP/10733,Retail Pharmacy,\N,Adam Street,Adam Street,1754,Human,Soroti,North Eastern Region - Soroti
Bynolet Pharmaceuticals Ltd,NDA/PRE/RTP/10738,Retail Pharmacy,\N,Opp Namuddu Metal Workshop,Opp Namuddu Metal Workshop,1380,Human,Wakiso,Kampala Extra - Akamwesi
Juknet Holdings Limited,NDA/PRE/RTP/10740,Retail Pharmacy,1040049023,"Villa Maria Rd,","Villa Maria Rd,",2000,Human,Masaka,Central Regional Office - Masaka
Enzo Pharmacy Limited,NDA/PRE/RTP/10742,Retail Pharmacy,\N,Kyaliwajjala - Kira Road,Kyaliwajjala - Kira Road,2051,Human,Wakiso,Kampala Extra - Akamwesi
MEXXA PHARMACY LIMITED,NDA/PRE/RTP/10754,Retail Pharmacy,1024405819,Kitintale,Kitintale,2003,Human,Kampala,Kampala Extra - Akamwesi
ZAYUB PHARMACEUTICALS LIMITED,NDA/PRE/RTP/10764,Retail Pharmacy,1040621185,"JOSHUA MASEREKA'S BUILDING, KINYAMASEKE TOWN",Kisinga Road,1983,Human,Kasese,South Western Region - Mbarara
Compass Pharmacy (U) Ltd,NDA/PRE/RTP/10776,Retail Pharmacy,\N,Lhubiriha T.C,Lhubiriha T.C,2094,Human,Kasese,South Western Region - Mbarara
Miyabala Pharmacy Ltd,NDA/PRE/RTP/10792,Retail Pharmacy,\N,,,2100,Human,Wakiso,Kampala Extra - Akamwesi
Tailor Pharma Uganda Limited,NDA/PRE/RTP/10793,Retail Pharmacy,\N,Iganga -Kamuli Road,Iganga -Kamuli Road,2066,Human,Iganga,South Eastern Region - Jinja
Yesu Awonya Pharmacy Limited,NDA/PRE/RTP/10795,Retail Pharmacy,\N,Broadway Road,Broadway Road,2097,Human,Masaka,Central Regional Office - Masaka
Detica Pharmacy Limited,NDA/PRE/RTP/10804,Retail Pharmacy,1041737610,"ST. MARK C.O.U, Masanafu Ring Road",Masanafu Ring Road,1528,Human,Kampala,Kampala Extra - Akamwesi
BRIQBAMBOO LIMITED,NDA/PRE/RTP/10819,Retail Pharmacy,1019765988,"NSANGI , Bishop Misaeri Kauma Memorial House",Bishop Misaeri Kauma Memorial House,1294,Human,Wakiso,Kampala Extra - Akamwesi
Sneam Enterprises Limited,NDA/PRE/RTP/10820,Retail Pharmacy,\N,Mandela Road,Mandela Road,2127,Human,Hoima,Western Region - Hoima
Cinya Pharmacy Ltd,NDA/PRE/RTP/10824,Retail Pharmacy,\N,Transport Road,Transport Road,2104,Human,Koboko,West Nile Region - Arua
C &V Pharmacy,NDA/PRE/RTP/10830,Retail Pharmacy,\N,Tankhill Road,Tankhill Road,901,Human,Kampala,Kampala Extra - Akamwesi
Mwereb Pharmaceuticals Ltd,NDA/PRE/RTP/10844,Retail Pharmacy,\N,Kinyarwanda Road,Kinyarwanda Road,748,Human,Wakiso,Kampala Extra - Akamwesi
Anif Pharmacy,NDA/PRE/RTP/10846,Retail Pharmacy,\N,,,2119,Human,Wakiso,Kampala Extra - Akamwesi
Mbeiza Business Solutions Limited,NDA/PRE/RTP/10852,Retail Pharmacy,\N,Villa Road Opp Ntuusi Mosque,Villa Road Opp Ntuusi Mosque,2082,Human,Ssembabule,Central Regional Office - Masaka
Kibuli Muslim Hospital Limited,NDA/PRE/RTP/10860,Retail Pharmacy,1000102093,"WITHIN KIBULI MUSLIM HOSPITAL, PRINCE BADRU KAKUNGULU RD",Prince Badru Kakungulu Rd,908,Human,Kampala,Kampala Extra - Akamwesi
Eliiyata Pharmacy Limited,NDA/PRE/RTP/10884,Retail Pharmacy,\N,Nyero Town Council,Nyero Town Council,2124,Human,Kakumiro,North Eastern Region - Soroti
Cincire Pharmacy Limited,NDA/PRE/RTP/10888,Retail Pharmacy,\N,Along Kampala Rd,Along Kampala Rd,2111,Human,Mityana,Western Region - Hoima
Ellianah Care Pharmacy Limited,NDA/PRE/RTP/10890,Retail Pharmacy,\N,Opp Meru Petrol Station Hoima Road,Opp Meru Petrol Station Hoima Road,1409,Human,Wakiso,Kampala Extra - Akamwesi
Equacare Pharmaceuticals Ltd,NDA/PRE/RTP/10898,Retail Pharmacy,1031082184,"KANYANYA TASO NEXT TO AGGREY &SONS BUILDING, KAWEMPE",KAWEMPE,2179,Human,Kampala,Kampala Extra - Akamwesi
Jota 24 Pharmaceuticals Limited,NDA/PRE/RTP/10903,Retail Pharmacy,\N,Kabale Road,Kabale Road,\N,Human,Mbarara,South Western Region - Mbarara
Ddembe Quality Health Care Ltd,NDA/PRE/RTP/10911,Retail Pharmacy,\N,Masaka - Kampala Road,Masaka - Kampala Road,1971,Human,Masaka,Central Regional Office - Masaka
Sees Pharmacy Limited,NDA/PRE/RTP/10955,Retail Pharmacy,1043236840,"BULAGA, OPP. BBIRA P/S, Mityana Rd",Mityana Rd,1962,Human,Wakiso,Kampala Extra - Akamwesi
BYAMUJA COMPANY LIMITED,NDA/PRE/RTP/10973,Retail Pharmacy,1008126996,"OPPOSITE MUTUNGO HCII, KAKOOLA",MUTUNGO ROAD,1056,Human,Wakiso,Kampala Extra - Akamwesi
SHEKINAH PHARMACY LIMITED,NDA/PRE/RTP/10982,Retail Pharmacy,1042698828,"KITEEZI T/C, WAKISO DISTRICT","KITEEZI T/C, WAKISO DISTRICT",2099,Human,Wakiso,Kampala Extra - Akamwesi
Musafy Ventures (U) Ltd,NDA/PRE/RTP/10984,Retail Pharmacy,\N,Kyanja Ring Rd,Kyanja Ring Rd,2105,Human,Kampala,Kampala Extra - Akamwesi
Beny'S Pharmacy Limited,NDA/PRE/RTP/10985,Retail Pharmacy,1043429925,Nyenge Road,Nyenge Road,1692,Human,Mukono,South Eastern Region - Jinja
Albys Pharmacy Ltd,NDA/PRE/RTP/10986,Retail Pharmacy,\N,Kabega Road,Kabega Road,2021,Human,Kampala,Kampala Extra - Akamwesi
Reborn Hospital Limited,NDA/PRE/RTP/11012,Retail Pharmacy,1029764983,Mpererwe - Kiti Road,Mpererwe - Kiti Road,2272,Human,Wakiso,Kampala Extra - Akamwesi
Aspin Drug Stores,NDA/PRE/RTP/11024,Retail Pharmacy,\N,Masaka - Nyendo Road,Masaka - Nyendo Road,2116,Human,Masaka,Central Regional Office - Masaka
Takim Limited,NDA/PRE/RTP/11031,Retail Pharmacy,\N,Najeera Road,Najeera Road,1900,Human,Wakiso,Kampala Extra - Akamwesi
Kibowa Pharmaceuticals,NDA/PRE/RTP/11034,Retail Pharmacy,\N,Mityana-Kanoni Road,Mityana-Kanoni Road,1200,Veretinary,Mityana,Western Region - Hoima
Epikoran Enterprises Limited,NDA/PRE/RTP/11040,Retail Pharmacy,\N,Nankoma-Muterere Road,Nankoma-Muterere Road,1388,Human,Bugiri,South Eastern Region - Jinja
Ayiba Pharmacy Ltd,NDA/PRE/RTP/11046,Retail Pharmacy,\N,Ganda Road,Ganda Road,2101,Human,Wakiso,Kampala Extra - Akamwesi
BAW PHARMACY LIMITED,NDA/PRE/RTP/11052,Retail Pharmacy,1041846540,"KIIRA, NEXT TO PAFRO SUPERMARKET",KIIRA,2234,Human,Wakiso,Kampala Extra - Akamwesi
Axinite Pharmacy (U) Limited,NDA/PRE/RTP/11055,Retail Pharmacy,\N,Bombo Rd,Bombo Rd,869,Human,Kampala,Kampala Extra - Akamwesi
Rake Medicare &Consult - Smc Ltd,NDA/PRE/RTP/11063,Retail Pharmacy,\N,Market Lane,Market Lane,2084,Human,Arua,West Nile Region - Arua
Wilkon Pharmacy Limited,NDA/PRE/RTP/11074,Retail Pharmacy,\N,Lumuli-Kiwanga Road,Lumuli-Kiwanga Road,1858,Human,Mukono,South Eastern Region - Jinja
New Lane Pharmacy Ltd,NDA/PRE/RTP/11083,Retail Pharmacy,\N,Kitukutwe Road,Kitukutwe Road,1138,Human,Wakiso,Kampala Extra - Akamwesi
Medfine Enterprises Limited,NDA/PRE/RTP/11105,Retail Pharmacy,\N,Nakawuka Road Towards Mlex Hotel Signpost,Nakawuka Road Towards Mlex Hotel Signpost,1794,Human,Wakiso,Kampala Extra - Akamwesi
Sayi And Shayan Pharmacy Limited,NDA/PRE/RTP/11109,Retail Pharmacy,\N,Masaka - Kampala Highway,Masaka - Kampala Highway,2117,Human,Masaka,Central Regional Office - Masaka
Docbay Uganda Limited,NDA/PRE/RTP/11117,Retail Pharmacy,\N,Mityana Road,Mityana Road,1753,Human,Gomba,Central Regional Office - Masaka
Clover Pharmacy Ltd,NDA/PRE/RTP/11127,Retail Pharmacy,\N,Kitintale,Kitintale,746,Human,Kampala,Kampala Extra - Akamwesi
Mantra Care Pharmacy Limited,NDA/PRE/RTP/11139,Retail Pharmacy,\N,,,1389,Human,Wakiso,Kampala Extra - Akamwesi
Rio-Max Pharmacy Ltd,NDA/PRE/RTP/11157,Retail Pharmacy,\N,Taso Road,Taso Road,1036,Human,Kampala,Kampala Extra - Akamwesi
Alphairi Medical Services Limited,NDA/PRE/RTP/11210,Retail Pharmacy,\N,,,2122,Human,Kikuube,Western Region - Hoima
Hit-Plus Pharmacy,NDA/PRE/RTP/11253,Retail Pharmacy,\N,Ntare Road,Ntare Road,680,Human,Mbarara,South Western Region - Mbarara
Sek Pharmacy Limited,NDA/PRE/RTP/1217,Retail Pharmacy,1007852158,"Bweyogerere, Kirinya - Bukasa Rd",Bukasa Rd,2266,Human,Wakiso,Kampala Extra - Akamwesi
Sai Pharmacy &Cosmetics,NDA/PRE/RTP/1541,Retail Pharmacy,1042762175,Kireka B,Kabaka'S Lane,292,Human,Wakiso,Kampala Extra - Akamwesi
Ecopharm Pharmacy,NDA/PRE/RTP/1694,Retail Pharmacy,\N,Spring Rd,Spring Rd,1345,Human,Kampala,Kampala Extra - Akamwesi
Veterinaria Enrovet Limited,NDA/PRE/RTP/1744,Retail Pharmacy,\N,Nakivubo Place,Nakivubo Place,1188,Veretinary,Kampala,Kampala Extra - Akamwesi
Katrinat Pharmaceuticals Ltd,NDA/PRE/RTP/1781,Retail Pharmacy,\N,Jinja Rd,Jinja Rd,2099,Human,Kampala,Kampala Extra - Akamwesi
Vine Pharmaceuticals Ltd,NDA/PRE/RTP/1852,Retail Pharmacy,\N,Old Kampala Rd,Old Kampala Rd,1553,Human,Kampala,Kampala Extra - Akamwesi
KARMEL - MED PHARMA COMPANY LTD,NDA/PRE/RTP/2116,Retail Pharmacy,1019818368,"KIWATULE, VERONICA ROAD","KIWATULE, VERONICA ROAD",1019,Human,Kampala,Kampala Extra - Akamwesi
Dashe Pharmacy And Cosmetics Limited,NDA/PRE/RTP/2120,Retail Pharmacy,\N,Mukono-Kampala Highway,Mukono-Kampala Highway,2060,Human,Mukono,South Eastern Region - Jinja
International Hospital-Kampala Limited,NDA/PRE/RTP/3514,Retail Pharmacy,1000039243,St. Barnabas Road Kisugu,St. Barnabas Road Kisugu,1086,Human,Kampala,Kampala Extra - Akamwesi
Goel Investments Ltd,NDA/PRE/RTP/4295,Retail Pharmacy,\N,Kasangati - Kira Road,Kasangati - Kira Road,1727,Human,Wakiso,Kampala Extra - Akamwesi
COME AGAIN PHARMACY LTD,NDA/PRE/RTP/4332,Retail Pharmacy,1015323892,PLOT NO. 00,KUMI-SOROTI RD,2138,Human,Bukedea,North Eastern Region - Soroti
Muhammad Pharmaceuticals Limited,NDA/PRE/RTP/4740,Retail Pharmacy,\N,Kirumira Rd,Kirumira Rd,2087,Human,Wakiso,Kampala Extra - Akamwesi
AWPHARM SMC LIMITED,NDA/PRE/RTP/4755,Retail Pharmacy,1042645095,"Namugongo, Buto-Bweyogerere Rd",Buto-Bweyogerere Rd,1540,Human,Wakiso,Kampala Extra - Akamwesi
Mweffe Pharmaceuticals Limited,NDA/PRE/RTP/5153,Retail Pharmacy,\N,"12 Miles, Kampala Stage","12 Miles, Kampala Stage",2096,Human,Wakiso,Kampala Extra - Akamwesi
Wyatt Pharmacy Limited,NDA/PRE/RTP/5175,Retail Pharmacy,\N,Entebbe Road,Entebbe Road,2102,Human,Wakiso,Kampala Extra - Akamwesi
Onelife Pharmaceuticals Intl. Ltd,NDA/PRE/RTP/5325,Retail Pharmacy,\N,#NAME?,#NAME?,1827,Human,Kampala,Kampala Extra - Akamwesi
Paromic Pharmacy Limited,NDA/PRE/RTP/5644,Retail Pharmacy,\N,Ttula Road,Ttula Road,1496,Human,Kampala,Kampala Extra - Akamwesi
ONAH-MED PHARMACY SMC - LIMITED,NDA/PRE/RTP/5695,Retail Pharmacy,1036880354,"PLOT 53, SAZA ROAD, IGANGA","PLOT 53, SAZA ROAD, IGANGA",1728,Human,Iganga,South Eastern Region - Jinja
St. Eliza Health Care Services Ltd,NDA/PRE/RTP/5830,Retail Pharmacy,\N,Gayaza,Gayaza,1147,Human,Wakiso,Kampala Extra - Akamwesi
Annema Vet Consult Limited,NDA/PRE/RTP/6288,Retail Pharmacy,\N,Kampala - Mityana Rd,Kampala - Mityana Rd,1944,Veretinary,Mityana,Western Region - Hoima
Pharmaid Pharmacy (Uganda) Limited,NDA/PRE/RTP/6312,Retail Pharmacy,1017873556,Kulambiro Ring Rd,Kulambiro Ring Rd,863,Human,Kampala,Kampala Extra - Akamwesi
Mudeno Holding Limited,NDA/PRE/RTP/6735,Retail Pharmacy,1018529338,"Lukuli, Konge Miami",Konge Miami,1893,Human,Kampala,Kampala Extra - Akamwesi
Patrius Pharmacy Limited,NDA/PRE/RTP/6740,Retail Pharmacy,\N,Mutukula Rd,Mutukula Rd,2083,Human,Kyotera,Central Regional Office - Masaka
ACHIDOR BLESSED INVESTMENTS LTD,NDA/PRE/RTP/7053,Retail Pharmacy,1045795389,"KIZA LYDIA'S BUILDING, KYANJA, Kitetika Rd",Kitetika Rd,656,Human,Wakiso,Kampala Extra - Akamwesi
CHIEF PHARMACEUTICALS LIMITED,NDA/PRE/RTP/7490,Retail Pharmacy,1018206128,"JOYNA MALL , GGABA ROAD, KABALAGALA, MAKINDYE DIVISION",Makindye,2108,Human,Kampala,Kampala Extra - Akamwesi
Marvcare Pharmacy,NDA/PRE/RTP/8112,Retail Pharmacy,1026404447,"KAWEMPE TULA, Kilokole Zone",Kilokole Zone,2086,Human,Kampala,Kampala Extra - Akamwesi
Luka Pharmacy Limited,NDA/PRE/RTP/8121,Retail Pharmacy,1015731437,"WABIGALO T/C, MITYANA MUNICIPAL COUNCIL",KAMPALA ROAD,1969,Human,Mityana,Western Region - Hoima
Peachem Pharmaceuticals Ltd,NDA/PRE/RTP/8233,Retail Pharmacy,1026994770,Kijungu Road,Kijungu Road,2125,Human,Mbarara,South Western Region - Mbarara
Blue Orchid Pharma &Consults Limited,NDA/PRE/RTP/8670,Retail Pharmacy,1027395242,"AT ROYCE TOWER, MPERERWE, Kiteezi Rd",Kiteezi Rd,812,Veretinary,Kampala,Kampala Extra - Akamwesi
Kpm Pharmacy Ltd,NDA/PRE/RTP/9239,Retail Pharmacy,\N,Near Semuto Hciv,Near Semuto Hciv,1629,Human,Nakaseke,Kampala Extra - Akamwesi
Sd Rosoz Investments Ltd,NDA/PRE/RTP/9983,Retail Pharmacy,\N,Church Rd,Church Rd,2129,Human,Kayunga,South Eastern Region - Jinja
CICACARE MEDICAL GROUP LTD,NDA/PRE/SIA/10255,Surgical Instruments and Appliances Outlet,1019951396,"PLOT 28, CK PLAZA RM 244, KIBULI, MBOGO RD",MBOGO RD,\N,Human,Kampala,Kampala Extra - Akamwesi
ZREASH BIOTECH LIMITED,NDA/PRE/SIA/10359,Surgical Instruments and Appliances Outlet,1013863514,"NATAL CENTRE BUILDING, Bahai - Kisaasi Road",Bahai - Kisaasi Road,\N,Human,Kampala,Kampala Extra - Akamwesi
ADEY-ABABA TRADING CO. LIMITED,NDA/PRE/SIA/10550,Surgical Instruments and Appliances Outlet,1039734812,"THE MALL BUILDING, SECOND FLOOR , WILSON ROAD",Wilson Road,\N,Human,Kampala,Kampala Extra - Akamwesi
Molecular Bioscientific Supplies (U) Ltd,NDA/PRE/SIA/10582,Surgical Instruments and Appliances Outlet,\N,William Street,William Street,\N,Human,Kampala,Kampala Extra - Akamwesi
Genexpert (U) Ltd,NDA/PRE/SIA/10586,Surgical Instruments and Appliances Outlet,1027907619,Nyondo Close,Nyondo Close,\N,Human,Kampala,Kampala Extra - Akamwesi
Glorre International Ltd,NDA/PRE/SIA/10622,Surgical Instruments and Appliances Outlet,\N,"5th Street, Industrial Area","5th Street, Industrial Area",\N,Human,Kampala,Kampala Extra - Akamwesi
Proxy Investment Limited,NDA/PRE/SIA/10686,Surgical Instruments and Appliances Outlet,\N,Unbs Road,Unbs Road,\N,Human,Wakiso,Kampala Extra - Akamwesi
Jackreb Investments Limited,NDA/PRE/SIA/10781,Surgical Instruments and Appliances Outlet,\N,William Street,William Street,\N,Human,Kampala,Kampala Extra - Akamwesi
Baseline Suppliers Limited,NDA/PRE/SIA/10835,Surgical Instruments and Appliances Outlet,\N,Bahai Road,Bahai Road,\N,Human,Kampala,Kampala Extra - Akamwesi
Rontgen Enterprises Limited,NDA/PRE/SIA/10897,Surgical Instruments and Appliances Outlet,\N,Opp Post Office,Opp Post Office,\N,Human,Mbarara,South Western Region - Mbarara
Bright Dental Solutions Ltd,NDA/PRE/SIA/10958,Surgical Instruments and Appliances Outlet,\N,Cape Road,Cape Road,\N,Human,Kampala,Kampala Extra - Akamwesi
Atlas Ortho Implants Co Ltd,NDA/PRE/SIA/11001,Surgical Instruments and Appliances Outlet,\N,,,\N,Human,Wakiso,Kampala Extra - Akamwesi
Pusha Online Limited,NDA/PRE/SIA/11007,Surgical Instruments and Appliances Outlet,\N,Enterprise Road,Enterprise Road,\N,Human,Kampala,Kampala Extra - Akamwesi
Medipharm Enterprises Limited,NDA/PRE/SIA/11156,Surgical Instruments and Appliances Outlet,\N,Port Bell Road,Port Bell Road,\N,Human,Kampala,Kampala Extra - Akamwesi
Ostocare (U) Ltd,NDA/PRE/SIA/11233,Surgical Instruments and Appliances Outlet,1015586548,Gayaza Road,Gayaza Road,\N,Human,Wakiso,Kampala Extra - Akamwesi
Karu Medical Supplies Ltd,NDA/PRE/SIA/11238,Surgical Instruments and Appliances Outlet,\N,Wilson Rd,Wilson Rd,\N,Human,Kampala,Kampala Extra - Akamwesi
Optica Ltd,NDA/PRE/SIA/9663,Surgical Instruments and Appliances Outlet,\N,Cooper Road,Cooper Road,\N,Human,Kampala,Kampala Extra - Akamwesi
Kaglon Medical Supplies Ltd,NDA/PRE/WHP/0246,Wholesale Pharmacy,\N,Luzira Industrial Park,Luzira Industrial Park,1050,Human,Kampala,Kampala Extra - Akamwesi
Iqra Pharmaceuticals Ltd,NDA/PRE/WHP/0958,Wholesale Pharmacy,\N,Kawempe Town,Kawempe Town,684,Human,Kampala,Kampala Extra - Akamwesi
Ebeen Pharmacy Ltd,NDA/PRE/WHP/10364,Wholesale Pharmacy,\N,Kasodo Road,Kasodo Road,2031,Human,Pallisa,Eastern Region - Tororo
Iryapharm Company Limited,NDA/PRE/WHP/10579,Wholesale Pharmacy,1039699112,Kamuli-Namwendwa Road,Kamuli-Namwendwa Road,2209,Human,Kamuli,South Eastern Region - Jinja
Farmer'S Partner Company Limited,NDA/PRE/WHP/10619,Wholesale Pharmacy,\N,Nxt To St Gonzaga Centenary Catholic Church,Nxt To St Gonzaga Centenary Catholic Church,2078,Veretinary,Ssembabule,Central Regional Office - Masaka
Savers Pharmaceuticals Ltd,NDA/PRE/WHP/10653,Wholesale Pharmacy,\N,Gulu Highway,Gulu Highway,652,Human,Luweero,Kampala Extra - Akamwesi
Totez Pharmacy Ltd,NDA/PRE/WHP/10721,Wholesale Pharmacy,\N,,,2060,Human,Mukono,South Eastern Region - Jinja
St Danny Pharmacy Limited,NDA/PRE/WHP/10724,Wholesale Pharmacy,\N,Kyarusozi Road,Kyarusozi Road,1896,Human,Kyenjojo,Western Region - Hoima
VVSAOL INVESTMENT LIMITED,NDA/PRE/WHP/10725,Wholesale Pharmacy,1000279641,"RUBICON WAREHOUSE 6, KIREKA, NAMUGONGO RD",NAMUGONGO RD,2206,Human,Wakiso,Kampala Extra - Akamwesi
Kayabwe Pharmaceuticals Limited,NDA/PRE/WHP/10734,Wholesale Pharmacy,\N,Kiganda Road,Kiganda Road,1923,Human,Gomba,Central Regional Office - Masaka
Mahantji Pharma Ltd,NDA/PRE/WHP/10758,Wholesale Pharmacy,\N,"Kagadi Rd, Kyenjojo T.C","Kagadi Rd, Kyenjojo T.C",1763,Human,Kyenjojo,Western Region - Hoima
Kabale Swizzin Ltd,NDA/PRE/WHP/10760,Wholesale Pharmacy,\N,,,1095,Human,Kampala,Kampala Extra - Akamwesi
White Star Pharma (U) Limited,NDA/PRE/WHP/10794,Wholesale Pharmacy,1008124352,"ALONG MUSITA ROAD, MAYUGE TOWN COUNCIL","Along Kigobere Rd, Mayuge Town Council",1687,Human,Mayuge,South Eastern Region - Jinja
Mekcross Outreach Ministries Limited,NDA/PRE/WHP/10800,Wholesale Pharmacy,\N,Edward Street,Edward Street,2093,Human,Kiryandongo,Western Region - Hoima
Oz Pharmacy Limited,NDA/PRE/WHP/10803,Wholesale Pharmacy,\N,Mityana Road,Mityana Road,1572,Human,Mpigi,Central Regional Office - Masaka
Humanwell Pharma Uganda Company Limited,NDA/PRE/WHP/10831,Wholesale Pharmacy,1041857807,Plot 1-5 Mbuya 1 Road Opposite Nakawa Court,Plot 1-5 Mbuya 1 Road Opposite Nakawa Court,747,Human,Kampala,Kampala Extra - Akamwesi
Vista Health Care Ltd,NDA/PRE/WHP/10848,Wholesale Pharmacy,\N,Muyenga Rd,Muyenga Rd,2001,Human,Kampala,Kampala Extra - Akamwesi
Harvimed Pharma Limited,NDA/PRE/WHP/10908,Wholesale Pharmacy,1037250055,"PLOT 14, TWESE PLAZA SHOP G2, Wilson Road",Wilson Road,377,Human,Kampala,Kampala Extra - Akamwesi
Salvation Pharmacy,NDA/PRE/WHP/10914,Wholesale Pharmacy,\N,Ijala Road,Ijala Road,1252,Human,Kakumiro,North Eastern Region - Soroti
Towncare Pharmacy Limited,NDA/PRE/WHP/10946,Wholesale Pharmacy,1009476815,"RETABLO HOUSE, 1ST FLOOR WILLIAM STREET",WILLIAM STREET,818,Human,Kampala,Kampala Extra - Akamwesi
Daherz Pharmaceuticals Ltd,NDA/PRE/WHP/10953,Wholesale Pharmacy,\N,Najjankumbi,Najjankumbi,2084,Human,Kampala,Kampala Extra - Akamwesi
MATUGGA INDUSTRIES AND LOGISTICS HUB LTD,NDA/PRE/WHP/10968,Wholesale Pharmacy,1032890033,KIBUYE MOBUTU ROAD KAMPALA - MAKINDYE,Mobutu Road,1224,Veretinary,Kampala,Kampala Extra - Akamwesi
KONDI MEDICAL CO. LTD,NDA/PRE/WHP/11026,Wholesale Pharmacy,1042326103,"PLOT 5A, MINISTER'S VILLAGE, NTINDA, SSUNA ROAD",SSUNA ROAD,1130,Human,Kampala,Kampala Extra - Akamwesi
Aspin Drug Stores,NDA/PRE/WHP/11036,Wholesale Pharmacy,1040097523,"PLOT 637, 638, 639 KYANJA, Kumbuzi Road",Kumbuzi Road,888,Human,Kampala,Kampala Extra - Akamwesi
Theitungo Pharmacy Co. Ltd,NDA/PRE/WHP/11097,Wholesale Pharmacy,\N,Along Ishaka - Kagamba Road,Along Ishaka - Kagamba Road,2088,Human,Bushenyi,South Western Region - Mbarara
Pubungu Investments Limited,NDA/PRE/WHP/11108,Wholesale Pharmacy,1008185096,"KIWATULE, Majwala Road",Majwala Road,1940,Human,Kampala,Kampala Extra - Akamwesi
Engo Pharmaceuticals Limited,NDA/PRE/WHP/11121,Wholesale Pharmacy,\N,Baraka Street,Baraka Street,2115,Human,Bukedea,North Eastern Region - Soroti
Ngora Life Pharmacy Limited,NDA/PRE/WHP/11129,Wholesale Pharmacy,1044113192,Market Street,Market Street,2126,Human,Ngora,North Eastern Region - Soroti
Applemends Pharmaceuticals Company Limited,NDA/PRE/WHP/11147,Wholesale Pharmacy,\N,"Block 269, Plot No. 2831","Block 269, Plot No. 2831",2064,Human,Wakiso,Kampala Extra - Akamwesi
TULSI PHARMACEUTICALS LTD,NDA/PRE/WHP/11152,Wholesale Pharmacy,1042559476,"PLOT 3, BARKATI HOUSE, KAKAMA ROAD, NTINDA INDUSTRIAL AREA","PLOT 3, BARKATI HOUSE, KAKAMA ROAD, NTINDA INDUSTRIAL AREA",2002,Human,Kampala,Kampala Extra - Akamwesi
Lasskar Pharmacy Limited,NDA/PRE/WHP/11176,Wholesale Pharmacy,\N,Philip Morris Victory Road,Philip Morris Victory Road,1861,Human,Kampala,Kampala Extra - Akamwesi
Zeus Pharmacy Ltd,NDA/PRE/WHP/11182,Wholesale Pharmacy,\N,,,2113,Human,Kampala,Kampala Extra - Akamwesi
Mugerwas &Lule Family Pharmacy Ltd,NDA/PRE/WHP/11216,Wholesale Pharmacy,\N,,,1601,Human,Luweero,Kampala Extra - Akamwesi
Rena Pharmacy,NDA/PRE/WHP/1134,Wholesale Pharmacy,1130320764,Jinja-Kampala Highway,Jinja-Kampala Highway,551,Human,Mukono,South Eastern Region - Jinja
General Top Care Pharmacy Limited,NDA/PRE/WHP/1652,Wholesale Pharmacy,\N,Masaka Rd,Masaka Rd,226,Human,Wakiso,Kampala Extra - Akamwesi
Pramukh Health Mart Ltd,NDA/PRE/WHP/1769,Wholesale Pharmacy,\N,Road,Road,597,Human,Mityana,Western Region - Hoima
Surgipharm (U) Ltd,NDA/PRE/WHP/5158,Wholesale Pharmacy,\N,Wilson Rd,Wilson Rd,429,Human,Kampala,Kampala Extra - Akamwesi
Zee Pharmaceuticals Limited,NDA/PRE/WHP/5373,Wholesale Pharmacy,\N,Main Street,Main Street,1476,Human,Iganga,South Eastern Region - Jinja
General Top Care Pharmacy Limited,NDA/PRE/WHP/5863,Wholesale Pharmacy,\N,"Kinoni, Mbarara Rd","Kinoni, Mbarara Rd",2097,Human,Lwengo,Central Regional Office - Masaka
J. Rophi Company Limited,NDA/PRE/WHP/6406,Wholesale Pharmacy,\N,"Ntenga Rd, Central Division","Ntenga Rd, Central Division",1904,Human,Buikwe,South Eastern Region - Jinja
Dawasana Pharmaceuticals Limited,NDA/PRE/WHP/7363,Wholesale Pharmacy,1017661447,"BUWAVA TRADING CENTRE, KITUKUTWE",Kijabijjo Rd,1903,Human,Wakiso,Kampala Extra - Akamwesi
Neogen Chemicals (U) Ltd,NDA/PRE/WHP/7664,Wholesale Pharmacy,1021422082,"Plot 1887,Block 190, Nasuti Estate, Kayunga Road-Kubiiri",Kayunga Road-Kubiiri,2012,Veretinary,Mukono,South Eastern Region - Jinja
PEAKCARE LTD,NDA/PRE/WHP/8180,Wholesale Pharmacy,1026484360,"NAMATA JANE BUILDING , BWAISE-TTULA ROAD",TTULA ROAD,1917,Human,Kampala,Kampala Extra - Akamwesi
VOLT PHARMA CO. LTD,NDA/PRE/WHP/8489,Wholesale Pharmacy,1039318316,"Kelezia Zone, Namasole Road, Makindye",Namasole Road,1995,Human,Kampala,Kampala Extra - Akamwesi
Elister Pharmaceuticals-Smc Ltd,NDA/PRE/WHP/8911,Wholesale Pharmacy,\N,High Street,High Street,2125,Veretinary,Mbarara,South Western Region - Mbarara
Medminder Pharmaceutical Company-Smc Limited,NDA/PRE/WHP/9353,Wholesale Pharmacy,\N,Acholi Road,Acholi Road,1911,Human,Gulu,Northern Region - Lira
TEREKA PHARMACEUTICAL &MEDICAL SUPPLIES LTD,NDA/PRE/WHP/9357,Wholesale Pharmacy,1000054563,RUBAGA - AT BUTIKIRO BLD'G,Butikiro Rd,1832,Human,Kampala,Kampala Extra - Akamwesi
Dominion Pharmaceuticals Ltd,NDA/PRE/WHP/9377,Wholesale Pharmacy,1016121581,Lungujja Kitunzi Town,Lungujja Kitunzi Town,660,Human,Kampala,Kampala Extra - Akamwesi
Africure Pharmaceuticals U Limited,NDA/PRE/WHP/9514,Wholesale Pharmacy,1019504941,"WAREHOUSE 129, TIRUPATI BUSINESS PARK",Kyebando,1447,Human,Kampala,Kampala Extra - Akamwesi
Patel Pharmacy (U) Ltd,NDA/PRE/WHP/9874,Wholesale Pharmacy,1035945854,YESU AMALA NEAR TEXAS ENERGY PETROL STATION,Hoima Road,1797,Human,Wakiso,Kampala Extra - Akamwesi
Aafiya (A) Limited,NDA/PRE/WHP/0164,Wholesale Pharmacy,\N,Awere Rd,Awere Rd,879,Human,Gulu,Northern Region - Lira
AAFIYA (A) LIMITED,NDA/PRE/WHP/1994,Wholesale Pharmacy,1002954566,"PLOT 22/23, Main Street, Hoima",MAIN STREET,1307,Human,Hoima,Western Region - Hoima
AAFIYA (A) LIMITED,NDA/PRE/WHP/4886,Wholesale Pharmacy,\N,WADRIFF ROAD,WADRIFF ROAD,264,Human,Nebbi,West Nile Region - Arua
AAFIYA (A) LIMITED,NDA/PRE/WHP/1605,Wholesale Pharmacy,1002954566,"MAKENZIE PLAZA, NAMIREMBE ROAD",NAMIREMBE ROAD,899,Human,Kampala,Kampala Extra - Akamwesi
AAFIYA (A) LIMITED,NDA/PRE/WHP/1277,Wholesale Pharmacy,\N,"BABIIHA RD,","BABIIHA RD,",877,Human,Fort Portal,Western Region - Hoima
AAFIYA (A) LIMITED,NDA/PRE/RTP/1602,Retail Pharmacy,\N,NAMIREMBE RD,NAMIREMBE RD,762,Human,Kampala,Kampala Extra - Akamwesi
AAFIYA (A) LIMITED,NDA/PRE/WHP/1321,Wholesale Pharmacy,\N,Transport Rd,Transport Rd,839,Human,Koboko,West Nile Region - Arua
AAFIYA (A) LIMITED,NDA/PRE/WHP/8774,Wholesale Pharmacy,1002954566,PLOT 14 NAMIREMBE ROAD,NAMIREMBE ROAD,695,Veretinary,Kampala,Kampala Extra - Akamwesi
AAFIYA (A) LIMITED,NDA/PRE/WHP/3989,Wholesale Pharmacy,\N,HOSPITAL ROAD,HOSPITAL ROAD,1210,Human,Kasese,South Western Region - Mbarara
Aafiya (A) Limited,NDA/PRE/WHP/2342,Wholesale Pharmacy,\N,Obote Avenue,Obote Avenue,695,Human,Lira,Northern Region - Lira
AARON PHARMACEUTICALS LIMITED,NDA/PRE/WHP/0453,Wholesale Pharmacy,\N,William Street,William Street,1842,Human,Kampala,Kampala Extra - Akamwesi
ABACUS PARENTERAL DRUGS LIMITED,NDA/PRE/WHP/2311,Wholesale Pharmacy,1000025839,"GWAWAMYA, KINGA","GWAWAMYA, KINGA",794,Human,Mukono,South Eastern Region - Jinja
ABACUS PHARMA (A) LIMITED,NDA/PRE/WHP/0975,Wholesale Pharmacy,\N,JOHNSTONE STREET,JOHNSTONE STREET,796,Human,Kampala,Kampala Extra - Akamwesi
ABACUS PHARMA (A) LTD,NDA/PRE/WHP/0899,Wholesale Pharmacy,\N,Bwamba Road,Bwamba Road,877,Human,Kabarole,Western Region - Hoima
ABACUS PHARMA (A) LTD,NDA/PRE/WHP/1540,Wholesale Pharmacy,\N,Jinja - Kampala Highway,Jinja - Kampala Highway,887,Human,Mukono,South Eastern Region - Jinja
ABACUS PHARMA (A) LTD,NDA/PRE/WHP/1201,Wholesale Pharmacy,\N,Nizam Rd,Nizam Rd,526,Human,Jinja,South Eastern Region - Jinja
ABACUS PHARMA (AFRICA) LIMITED,NDA/PRE/WHP/0150,Wholesale Pharmacy,\N,Republic Street,Republic Street,363,Human,Mbale,Eastern Region - Tororo
ABACUS PHARMA (AFRICA) LIMITED,NDA/PRE/WHP/4717,Wholesale Pharmacy,1000025715,"PLOT 4, OPP. NEW TAXI PARK, MACKAY RD",MACKAY RD,813,Human,Kampala,Kampala Extra - Akamwesi
ABACUS PHARMA (AFRICA) LIMITED,NDA/PRE/WHP/1323,Wholesale Pharmacy,\N,Adumi Rd,Adumi Rd,600,Human,Arua,West Nile Region - Arua
ABACUS PHARMA (AFRICA) LIMITED,NDA/PRE/WHP/0238,Wholesale Pharmacy,1000025715,"PLOT 14, TWESSE PLAZA, WILSON RD",WILSON RD,813,Human,Kampala,Kampala Extra - Akamwesi
ABACUS PHARMA (AFRICA) LIMITED,NDA/PRE/WHP/0086,Wholesale Pharmacy,1000025715,"LUGOGO, CORONATION AVENUE","LUGOGO, CORONATION AVENUE",294,Human,Kampala,Kampala Extra - Akamwesi
ABACUS PHARMA (AFRICA) LIMITED,NDA/PRE/WHP/4290,Wholesale Pharmacy,\N,"HOIMA RD,","HOIMA RD,",1300,Human,Wakiso,Kampala Extra - Akamwesi
ABACUS PHARMA (AFRICA) LIMITED,NDA/PRE/WHP/4161,Wholesale Pharmacy,\N,Go Down Street,Go Down Street,1305,Human,Arua,West Nile Region - Arua
ABACUS PHARMA (AFRICA) LIMITED,NDA/PRE/RTP/1322,Retail Pharmacy,\N,Adumi Rd,Adumi Rd,600,Human,Arua,West Nile Region - Arua
ABACUS PHARMA (AFRICA) LIMITED,NDA/PRE/WHP/0167,Wholesale Pharmacy,\N,Queens Avenue,Queens Avenue,510,Human,Gulu,Northern Region - Lira
ABACUS PHARMA (AFRICA) LIMITED,NDA/PRE/WHP/5645,Wholesale Pharmacy,\N,MASAKA RD,MASAKA RD,1300,Human,Kampala,Kampala Extra - Akamwesi
ABACUS PHARMA (AFRICA) LIMITED,NDA/PRE/WHP/2009,Wholesale Pharmacy,1000025715,"PLOT 10, PURSE RD",PURSE RD,1208,Human,Hoima,Western Region - Hoima
ABACUS PHARMA (AFRICA) LIMITED,NDA/PRE/WHP/0616,Wholesale Pharmacy,\N,Alexander Street,Alexander Street,1407,Human,Kasese,South Western Region - Mbarara
ABACUS PHARMA (AFRICA) LIMITED,NDA/PRE/WHP/6203,Wholesale Pharmacy,\N,TORORO ROAD,TORORO ROAD,1656,Human,Busia,Eastern Region - Tororo
ABACUS PHARMA (AFRICA) LIMITED,NDA/PRE/RTP/0900,Retail Pharmacy,\N,BWAMBA RD,BWAMBA RD,1208,Human,Kabarole,Western Region - Hoima
ABACUS PHARMA (AFRICA) LIMITED,NDA/PRE/WHP/0297,Wholesale Pharmacy,\N,Ben Kiwanuka Street,Ben Kiwanuka Street,497,Human,Kampala,Kampala Extra - Akamwesi
ABACUS PHARMA (AFRICA) LIMITED,NDA/PRE/WHP/0434,Wholesale Pharmacy,\N,William Street,William Street,579,Human,Kampala,Kampala Extra - Akamwesi
ABACUS PHARMA (AFRICA) LIMITED,NDA/PRE/WHP/0545,Wholesale Pharmacy,\N,Ben Kiwanuka Street,Ben Kiwanuka Street,713,Human,Kampala,Kampala Extra - Akamwesi
ABACUS PHARMA (AFRICA) LIMITED,NDA/PRE/WHP/8636,Wholesale Pharmacy,1000025715,"COMMERCIAL BLD'G, ABAITA ABABIRI",KATABI,1349,Human,Wakiso,Kampala Extra - Akamwesi
ABACUS PHARMA (AFRICA) LIMITED,NDA/PRE/WHP/0542,Wholesale Pharmacy,1000025715,Namirembe Rd,Namirembe Rd,334,Human,Kampala,Kampala Extra - Akamwesi
Abacus Pharma (Africa) Limited,NDA/PRE/WHP/1948,Wholesale Pharmacy,\N,Bala Rd,Bala Rd,1046,Human,Lira,Northern Region - Lira
ABACUS PHARMA (AFRICA) LIMITED,NDA/PRE/WHP/9833,Wholesale Pharmacy,\N,KAMPALA - MUBENDE HIGHWAY,KAMPALA - MUBENDE HIGHWAY,591,Human,Mityana,Western Region - Hoima
ABACUS PHARMA (AFRICA) LIMITED,NDA/PRE/WHP/1942,Wholesale Pharmacy,\N,Bala Rd,Bala Rd,216,Human,Lira,Northern Region - Lira
ABACUS PHARMA (AFRICA) LIMITED,NDA/PRE/WHP/1885,Wholesale Pharmacy,1000025715,"HAJJ M LUKWAGO PLAZA, GARAGE STREET",GARAGE STREET,627,Human,Mbarara,South Western Region - Mbarara
ABACUS PHARMA (AFRICA) LIMITED,NDA/PRE/WHP/9641,Wholesale Pharmacy,1012995395,"TUSKYS BUILDING, BWAISE, Bombo Road",Bombo Road,1510,Human,Kampala,Kampala Extra - Akamwesi
ABACUS PHARMA (AFRICA) LIMITED,NDA/PRE/WHP/2321,Wholesale Pharmacy,1000025715,"PLOT 2, MAGUMBA ROAD, IGANGA",MAGUMBA ROAD,1710,Human,Iganga,South Eastern Region - Jinja
ABACUS PHARMA (AFRICA) LIMITED,NDA/PRE/WHP/2328,Wholesale Pharmacy,\N,Wilson Road,Wilson Road,557,Human,Kampala,Kampala Extra - Akamwesi
ABACUS PHARMA (AFRICA) LIMITED,NDA/PRE/WHP/3071,Wholesale Pharmacy,1000025715,"IVORY PLAZA, RM B22, WILLIAM STREET","RM B22, WILLIAM STREET",1639,Human,Kampala,Kampala Extra - Akamwesi
ABACUS PHARMA (AFRICA) LIMITED,NDA/PRE/WHP/1508,Wholesale Pharmacy,1000025715,"Koboko, Transport Rd",Transport Rd,1305,Human,Koboko,West Nile Region - Arua
ABACUS PHARMA (AFRICA) LIMITED,NDA/PRE/WHP/3888,Wholesale Pharmacy,\N,KAKUMIRO ROAD,KAKUMIRO ROAD,591,Human,Mubende,Western Region - Hoima
ABACUS PHARMA (AFRICA) LIMITED,NDA/PRE/WHP/0072,Wholesale Pharmacy,\N,Wilson Street,Wilson Street,579,Human,Kampala,Kampala Extra - Akamwesi
ABACUS PHARMA (AFRICA) LIMITED,NDA/PRE/WHP/1082,Wholesale Pharmacy,\N,GWERI RD,GWERI RD,1520,Human,Soroti,North Eastern Region - Soroti
ABACUS PHARMA (AFRICA) LIMITED,NDA/PRE/RTP/1943,Retail Pharmacy,\N,Bala Rd,Bala Rd,216,Human,Lira,Northern Region - Lira
ABACUS PHARMA (AFRICA) LIMITED,NDA/PRE/WHP/4019,Wholesale Pharmacy,\N,Oyite Ojok Lane,Oyite Ojok Lane,1112,Human,Lira,Northern Region - Lira
ABACUS PHARMA (AFRICA) LIMITED,NDA/PRE/RTP/1949,Retail Pharmacy,\N,Bala Rd,Bala Rd,1500,Human,Lira,Northern Region - Lira
ABACUS PHARMA (AFRICA) LIMITED,NDA/PRE/RTP/2164,Retail Pharmacy,\N,Opposite Old Taxi Park,Opposite Old Taxi Park,713,Human,Kampala,Kampala Extra - Akamwesi
ABACUS PHARMA (AFRICA) LIMITED,NDA/PRE/WHP/6199,Wholesale Pharmacy,\N,OGUTI ROAD,OGUTI ROAD,1656,Human,Tororo,Eastern Region - Tororo
ABACUS PHARMA(A) LTD-MBARARA,NDA/PRE/WHP/0576,Wholesale Pharmacy,\N,High Street,High Street,533,Human,Mbarara,South Western Region - Mbarara
ACHELIS UGANDA LIMITED,NDA/PRE/SIA/9033,Surgical Instruments and Appliances Outlet,1000144766,"AKILI HOUSE, PLOT 988 KYAGGWE NAMANVE.",Roofings Road,\N,Human,Mukono,South Eastern Region - Jinja
ADVATECH BIOPHARM LIMITED,NDA/PRE/RTP/8458,Retail Pharmacy,1027226044,"AT B.A.T, PAJULU",PAJULU,1837,Human,Arua,West Nile Region - Arua
AFAAN PHARMA LIMITED,NDA/PRE/WHP/9564,Wholesale Pharmacy,\N,BOMBO RD,BOMBO RD,1242,Human,Kampala,Kampala Extra - Akamwesi
AFAAN PHARMA LIMITED,NDA/PRE/WHP/4364,Wholesale Pharmacy,1001350224,"NANSANA, NTATE HOUSE, NEAR JJ MEDICAL CENTRE",NEAR JJ MEDICAL CENTRE,448,Human,Wakiso,Kampala Extra - Akamwesi
AFIYA PHARMA &MEDICAL EQUIPMENT LIMITED,NDA/PRE/WHP/8006,Wholesale Pharmacy,1022309052,"PLOT 29D, LOWER KOLOLO TERRACE, DANDUS RD",DANDUS RD,1470,Human,Kampala,Kampala Extra - Akamwesi
AGROSERVE UGANDA LIMITED,NDA/PRE/RTP/1019,Retail Pharmacy,\N,Kayunga Rd,Kayunga Rd,1239,Veretinary,Mukono,South Eastern Region - Jinja
AIM PHARMACEUTICALS LTD,NDA/PRE/WHP/5054,Wholesale Pharmacy,1026409984,"PLOT 89A, MAIN STREET",MAIN STREET,1495,Human,Iganga,South Eastern Region - Jinja
AIVEEN (U) LIMITED,NDA/PRE/WHP/2385,Wholesale Pharmacy,\N,Wilson Rd,Wilson Rd,2020,Human,Kampala,Kampala Extra - Akamwesi
AIVEEN (U) LIMITED,NDA/PRE/WHP/1920,Wholesale Pharmacy,\N,Wilson Rd,Wilson Rd,532,Human,Kampala,Kampala Extra - Akamwesi
Aiveen (U) Ltd,NDA/PRE/WHP/1864,Wholesale Pharmacy,\N,Wilson Rd,Wilson Rd,270,Human,Kampala,Kampala Extra - Akamwesi
Aiveen (U) Ltd,NDA/PRE/WHP/0395,Wholesale Pharmacy,\N,WILSON RD,WILSON RD,407,Human,Kampala,Kampala Extra - Akamwesi
AL BAARI PHARMACY (U) LIMITED,NDA/PRE/WHP/0412,Wholesale Pharmacy,1016906670,"Rene Plaza , William Street",William Street,1436,Human,Kampala,Kampala Extra - Akamwesi
AL-KABEER PHARMA LIMITED,NDA/PRE/WHP/2068,Wholesale Pharmacy,\N,Kampala Rd,Kampala Rd,673,Human,Kayunga,South Eastern Region - Jinja
ALFASAN UGANDA LIMITED,NDA/PRE/PMC/10196,Surgical Instruments and Appliances Outlet,\N,BUSINESS PARK OFF LINK RD,BUSINESS PARK OFF LINK RD,1061,Veretinary,Mukono,South Eastern Region - Jinja
ALLANZ PHARMACEUTICALS LTD,NDA/PRE/WHP/8702,Wholesale Pharmacy,1016776845,"PLOT8 / 8A, OLD TOORO RD",OLD TOORO RD,1421,Human,Hoima,Western Region - Hoima
ALLANZ PHARMACEUTICALS LTD,NDA/PRE/RTP/7764,Retail Pharmacy,1016776845,DUHANGURA RD,DUHANGURA RD,1344,Veretinary,Hoima,Western Region - Hoima
ALLANZ PHARMACEUTICALS LTD,NDA/PRE/RTP/8582,Retail Pharmacy,1016776845,"PLOT 8/8A, OLD TOORO ROAD",OLD TOORO ROAD,1421,Human,Hoima,Western Region - Hoima
ALLIED SUPER INVESTMENTS LTD,NDA/PRE/WHP/1180,Wholesale Pharmacy,\N,Margherita Street,Margherita Street,1288,Human,Kasese,South Western Region - Mbarara
Alpharma Care Ltd,NDA/PRE/WHP/0158,Wholesale Pharmacy,1008881045,Ekwang Rd,Ekwang Rd,922,Human,Lira,Northern Region - Lira
ALTRAN UGANDA LIMITED,NDA/PRE/RTP/5759,Retail Pharmacy,\N,Along Municipal Rd,Along Municipal Rd,1129,Human,Wakiso,Kampala Extra - Akamwesi
ANKOLE PHARMACEUTICALS LTD,NDA/PRE/RTP/1794,Retail Pharmacy,\N,Masaka Rd,Masaka Rd,1008,Human,Mbarara,South Western Region - Mbarara
AQUA PHARMACY,NDA/PRE/RTP/1072,Retail Pharmacy,\N,Kiwanga,Kiwanga,682,Human,Mukono,South Eastern Region - Jinja
ASTER INVESTMENT (U) LIMITED,NDA/PRE/RTP/1188,Retail Pharmacy,1012018025,NEXT TO HASS PETROL STATION,NAKULABYE ROAD,1098,Human,Kampala,Kampala Extra - Akamwesi
ASTHA HEALTH CARE LIMITED,NDA/PRE/WHP/3670,Wholesale Pharmacy,1013732719,"MAGANJO, BOMBO RD",BOMBO RD,988,Human,Wakiso,Kampala Extra - Akamwesi
ASTRA PHARMA (U) LIMITED,NDA/PRE/WHP/6446,Wholesale Pharmacy,\N,OFF ENETBBE RD,OFF ENETBBE RD,1535,Human,Wakiso,Kampala Extra - Akamwesi
ASTRA PHARMA (U) LIMITED,NDA/PRE/WHP/2443,Wholesale Pharmacy,\N,Wilson Rd,Wilson Rd,468,Human,Kampala,Kampala Extra - Akamwesi
ATOM PHARMACY LIMITED,NDA/PRE/RTP/5035,Retail Pharmacy,\N,Bombo Road,Bombo Road,976,Human,Wakiso,Kampala Extra - Akamwesi
VITALINA PHARMA (U) LTD,NDA/PRE/WHP/8320,Wholesale Pharmacy,1045072950,ASHI CITY MALL KASUBI TRAFFIC LIGHTS-ALONG KAWAALA ROAD-Kampala,Kasubi Market,1214,Human,Kampala,Kampala Extra - Akamwesi
AVENTIS PHARMACY LIMITED,NDA/PRE/RTP/1856,Retail Pharmacy,1007744440,"ELGIN STREET, ZONE B, BATA VILLAGE, MASAKA CITY","ELGIN STREET, ZONE B, BATA VILLAGE, MASAKA CITY",646,Human,Masaka,Central Regional Office - Masaka
AVENTIS PHARMACY LIMITED,NDA/PRE/RTP/3994,Retail Pharmacy,\N,MASAKA ROAD,MASAKA ROAD,646,Human,Kyotera,Central Regional Office - Masaka
AVENTIS PHARMACY LIMITED,NDA/PRE/RTP/2153,Retail Pharmacy,\N,Kyagwe Road,Kyagwe Road,648,Human,Mukono,South Eastern Region - Jinja
AYUPA - DESIRE ENTERPRISES LIMITED,NDA/PRE/RTP/4999,Retail Pharmacy,\N,SOROTI RD,SOROTI RD,1216,Human,Ngora,North Eastern Region - Soroti
BAIN PHARMACEUTICALS LTD,NDA/PRE/RTP/6126,Retail Pharmacy,\N,NET TO KANAABA TAXI PARK,NET TO KANAABA TAXI PARK,1463,Human,Wakiso,Kampala Extra - Akamwesi
BAMKES PHARMACEUTICALS LIMITED,NDA/PRE/RTP/3225,Retail Pharmacy,\N,MAIN STREET,MAIN STREET,1180,Human,Ibanda,South Western Region - Mbarara
BARON INTERNATIONAL LTD,NDA/PRE/RTP/0994,Retail Pharmacy,\N,KISALOSALO TAXI STAGE,KISALOSALO TAXI STAGE,1348,Human,Kampala,Kampala Extra - Akamwesi
BAYLOR PHARMA-SMC LTD,NDA/PRE/RTP/0432,Retail Pharmacy,\N,ALONG LUWUM STREET,ALONG LUWUM STREET,1550,Human,Kampala,Kampala Extra - Akamwesi
BEPA PHARMACEUTICALS LIMITED,NDA/PRE/RTP/4670,Retail Pharmacy,\N,(NEAR THE FUEL PUMP),(NEAR THE FUEL PUMP),1299,Human,Mpigi,Central Regional Office - Masaka
BETTER HEALTH PHARMACY,NDA/PRE/RTP/5944,Retail Pharmacy,\N,GAYAZA T/C,GAYAZA T/C,1620,Human,Wakiso,Kampala Extra - Akamwesi
BETTER LIFE PHARMACEUTICALS LTD,NDA/PRE/WHP/5721,Wholesale Pharmacy,\N,LUGAZI TC,LUGAZI TC,1354,Human,Buikwe,South Eastern Region - Jinja
BETTER LIFE PHARMACEUTICALS LTD,NDA/PRE/WHP/4363,Wholesale Pharmacy,1012974697,"KITOOKE HOTEL, MAIN STREET, IBANDA","KITOOKE HOTEL, MAIN STREET, IBANDA",1428,Human,Ibanda,South Western Region - Mbarara
BETTER LIFE PHARMACEUTICALS LTD,NDA/PRE/WHP/1901,Wholesale Pharmacy,1012974697,"PLOT 14 SHOP 5, NAMIREMBE RD","PLOT 14 SHOP 5, NAMIREMBE RD",808,Human,Kampala,Kampala Extra - Akamwesi
BEYOND LOGISTICS LTD,NDA/PRE/WHP/2352,Wholesale Pharmacy,\N,Link Rd,Link Rd,403,Human,Wakiso,Kampala Extra - Akamwesi
BIOGEN PHARMA LIMITED,NDA/PRE/WHP/5201,Wholesale Pharmacy,1007328786,Nizam Road,Nizam Road,2090,Human,Jinja,South Eastern Region - Jinja
BIOGEN PHARMA LIMITED,NDA/PRE/WHP/5418,Wholesale Pharmacy,\N,WILSON RD,WILSON RD,1408,Veretinary,Kampala,Kampala Extra - Akamwesi
BIOGEN PHARMA LIMITED,NDA/PRE/WHP/9154,Wholesale Pharmacy,1007328786,"PLOT 21 REPUBLIC STREET, MBALE",REPUBLIC STREET,\N,Veretinary,Mbale,Eastern Region - Tororo
BIOGEN PHARMA LIMITED,NDA/PRE/WHP/6279,Wholesale Pharmacy,1007328786,ZX-56 &ZX-67 NYUMBA KUBWA BUILDING,ARUA PARK,429,Veretinary,Kampala,Kampala Extra - Akamwesi
BIOGEN PHARMA LIMITED,NDA/PRE/WHP/2090,Wholesale Pharmacy,\N,Main Street,Main Street,673,Human,Jinja,South Eastern Region - Jinja
BIOGEN PHARMA LIMITED,NDA/PRE/WHP/9093,Wholesale Pharmacy,\N,MAIN STREET,MAIN STREET,707,Human,Iganga,South Eastern Region - Jinja
BIOGEN PHARMA LIMITED,NDA/PRE/WHP/5180,Wholesale Pharmacy,1007328786,WILLIAM STREET,"AT KISAKYAMARIA SHOP, 102B AND 809B, WILLIAM STREET",977,Veretinary,Kampala,Kampala Extra - Akamwesi
BIOGEN PHARMA LTD,NDA/PRE/WHP/9981,Wholesale Pharmacy,1007328786,"KOOKI TOWERS BUGANDA ROAD, KAMPALA - CENTRAL DIVISION",BUGANDA RD,1690,Human,Kampala,Kampala Extra - Akamwesi
BIOGEN PHARMA LTD,NDA/PRE/WHP/0796,Wholesale Pharmacy,\N,JOHNSTONE STREET,JOHNSTONE STREET,1723,Human,Kampala,Kampala Extra - Akamwesi
BOXAZ ENTERPRISES LTD,NDA/PRE/RTP/7605,Retail Pharmacy,1017168169,"AT THE JUNCTION, KISIGULA - MUTUNDWE, BUNAMWAYA",BUNAMWAYA,1631,Human,Wakiso,Kampala Extra - Akamwesi
BUSIA PHARMACY UGANDA LIMITED,NDA/PRE/WHP/0143,Wholesale Pharmacy,\N,JINJA ROAD,JINJA ROAD,1544,Human,Busia,Eastern Region - Tororo
BUSINGE PHARMACY LIMITED,NDA/PRE/WHP/1899,Wholesale Pharmacy,\N,KAMPALA RD,KAMPALA RD,665,Human,Kyenjojo,Western Region - Hoima
BYAKUWAWO WHOLESALE PHARMACY,NDA/PRE/WHP/2267,Wholesale Pharmacy,\N,Saza Road,Saza Road,775,Human,Iganga,South Eastern Region - Jinja
BYANSI SERVICES LIMITED,NDA/PRE/WHP/0778,Wholesale Pharmacy,\N,Highway Rd,Highway Rd,578,Human,Lyantonde,South Western Region - Mbarara
BYANSI SERVICES LIMITED,NDA/PRE/RTP/0682,Retail Pharmacy,\N,MUTUKULA RD,MUTUKULA RD,811,Human,Rakai,Central Regional Office - Masaka
BYANSI SERVICES LIMITED,NDA/PRE/WHP/0359,Wholesale Pharmacy,\N,Kampala Rd,Kampala Rd,811,Human,Masaka,Central Regional Office - Masaka
C &A PHARMACEUTICALS LTD,NDA/PRE/RTP/0047,Retail Pharmacy,\N,Kabalagala,Kabalagala,1653,Human,Kampala,Kampala Extra - Akamwesi
C &A PHARMACEUTICALS LTD,NDA/PRE/RTP/0738,Retail Pharmacy,1000034431,"PLOT 6 KOLOLO, ACACIA PLACE",ACACIA PLACE,317,Human,Kampala,Kampala Extra - Akamwesi
C &A PHARMACEUTICALS LTD,NDA/PRE/RTP/0073,Retail Pharmacy,1000034431,"PLOT 69/71, BUGOLOBI, SPRING ROAD",SPRING ROAD,797,Human,Kampala,Kampala Extra - Akamwesi
C &A PHARMACEUTICALS LTD,NDA/PRE/RTP/1386,Retail Pharmacy,\N,VILLAGE MALL BUGOLOBI,VILLAGE MALL BUGOLOBI,317,Human,Kampala,Kampala Extra - Akamwesi
CARE FORT DRUG STORE,NDA/PRE/RTP/10561,Retail Pharmacy,\N,SEETA - BUKERERE ROAD,SEETA - BUKERERE ROAD,1537,Human,Mukono,South Eastern Region - Jinja
CEED PHARMACY LTD,NDA/PRE/RTP/5949,Retail Pharmacy,\N,OPP. GOMBE HOSPITAL,OPP. GOMBE HOSPITAL,1767,Human,Butambala,Central Regional Office - Masaka
CHRISTEN PHARMACY,NDA/PRE/WHP/1221,Wholesale Pharmacy,\N,Gulu Highway,Gulu Highway,938,Human,Luweero,Kampala Extra - Akamwesi
"CHRISTINE,JENIS PHARMACY LIMITED",NDA/PRE/WHP/5805,Wholesale Pharmacy,1007044179,Kamuli Road,Kamuli Road,687,Human,Wakiso,Kampala Extra - Akamwesi
QUALITY CHEMICAL INDUSTRIES LIMITED,NDA/PRE/WHP/1551,Wholesale Pharmacy,1000094333,"Plot 1-7,Luzira Industrial Park, Ist Ring Rd",Ist Ring Rd,1934,Human,Kampala,Kampala Extra - Akamwesi
CIPLA QUALITY CHEMICAL INDUSTRIES LIMITED,NDA/PRE/PMC/1847,Surgical Instruments and Appliances Outlet,1000094333,1st Ring Road,1st Ring Road,517,Human,Kampala,Kampala Extra - Akamwesi
CIPLA Quality Chemical Industries Ltd,NDA/PRE/EXT/3855,External/Annex Store,\N,"1,3,5 Second Ring Rd Luzira","1,3,5 Second Ring Rd Luzira",1934,Human,Kampala,Kampala Extra - Akamwesi
CIRCULAR SUPPLY (U) LIMITED,NDA/PRE/MDV/7677,Surgical Instruments and Appliances Outlet,\N,BOMBO ROAD,BOMBO ROAD,\N,Human,Kampala,Kampala Extra - Akamwesi
CITRONET CONSULTANTS LIMITED,NDA/PRE/WHP/0281,Wholesale Pharmacy,\N,T/C,T/C,488,Human,Wakiso,Kampala Extra - Akamwesi
CITRUS PHARMACY LIMITED,NDA/PRE/RTP/3914,Retail Pharmacy,100851327,"KAZO WARD NEAR ""KASAWE, KAZO CENTRAL 1",KAZO CENTRAL 1,2107,Human,Wakiso,Kampala Extra - Akamwesi
CLAP HOLDINGS LTD,NDA/PRE/MDV/4782,Surgical Instruments and Appliances Outlet,\N,WILLIAM STREET,WILLIAM STREET,MDV 2341,Human,Kampala,Kampala Extra - Akamwesi
CLICKS PHARMACY LIMITED,NDA/PRE/WHP/5309,Wholesale Pharmacy,\N,Republic Road,Republic Road,1501,Human,Rukungiri,South Western Region - Mbarara
CLOUDCARE LIMITED,NDA/PRE/WHP/6021,Wholesale Pharmacy,1018945216,MBIRIZI-LWENGO RD,MBIRIZI-LWENGO RD,1238,Human,Lwengo,Central Regional Office - Masaka
Comfort Community Pharmacy,NDA/PRE/RTP/0499,Retail Pharmacy,\N,Nabweru Rd,Nabweru Rd,1482,Human,Kampala,Kampala Extra - Akamwesi
COZZAR PHARMACY LTD,NDA/PRE/RTP/2121,Retail Pharmacy,\N,WILLIAM STRT,WILLIAM STRT,742,Human,Kampala,Kampala Extra - Akamwesi
DAAF WORLD SERVICES LIMITED,NDA/PRE/WHP/9472,Wholesale Pharmacy,\N,Nsooba road,Nsooba road,1751,Human,Kampala,Kampala Extra - Akamwesi
DAN &DAV (U) LIMITED,NDA/PRE/RTP/5268,Retail Pharmacy,1009502981,"KYANJA , AT KYANJA RING RD",AT KYANJA RING RD,651,Human,Kampala,Kampala Extra - Akamwesi
DANNEL PLUS PHARMACEUTICAL COMPANY LIMITED,NDA/PRE/RTP/4987,Retail Pharmacy,\N,MASAKA-MBARARA RD,MASAKA-MBARARA RD,1505,Human,Lwengo,Central Regional Office - Masaka
DAWA COMMUNITIES (U) LTD,NDA/PRE/WHP/7912,Wholesale Pharmacy,1013577388,"KAMPALA-IGANGA HIGHWAY, JINJA",KAMPALA-IGANGA HIGHWAY,1139,Human,Jinja,South Eastern Region - Jinja
DELISHA PHARMACY LIMITED,NDA/PRE/RTP/1631,Retail Pharmacy,\N,Gayaza Rd,Gayaza Rd,1518,Human,Wakiso,Kampala Extra - Akamwesi
DELLY PHARMACEUTICALS LIMITED,NDA/PRE/RTP/9948,Retail Pharmacy,\N,NTAWO ROAD,NTAWO ROAD,1855,Human,Mukono,South Eastern Region - Jinja
DELMAW ENTERPRISES LIMITED,NDA/PRE/EXT/10167,External/Annex Store,\N,5TH STREET,5TH STREET,1619,Human,Kampala,Kampala Extra - Akamwesi
DELMAW ENTERPRISES LIMITED,NDA/PRE/WHP/0564,Wholesale Pharmacy,\N,BUGANDA RD,BUGANDA RD,1619,Human,Kampala,Kampala Extra - Akamwesi
DEVINE LIFE PHARMACEUTICALS (A) LTD,NDA/PRE/RTP/4261,Retail Pharmacy,\N,KAGOMA TOWN,KAGOMA TOWN,996,Human,Wakiso,Kampala Extra - Akamwesi
DEVINE LIFE PHARMACEUTICALS (A) LTD,NDA/PRE/RTP/1923,Retail Pharmacy,\N,Bombo Rd,Bombo Rd,959,Human,Kampala,Kampala Extra - Akamwesi
DEVYNE PHARMACY LTD,NDA/PRE/RTP/2761,Retail Pharmacy,\N,T/C,T/C,1872,Human,Wakiso,Kampala Extra - Akamwesi
DIGIREX PHARMACY (U) LTD,NDA/PRE/WHP/8531,Wholesale Pharmacy,1018668321,"ZONE 11, MBUYA KAMPALA - NAKAWA DIVISION",MBUYA,1426,Human,Kampala,Kampala Extra - Akamwesi
DIPLOMATT PHARMACY,NDA/PRE/RTP/5216,Retail Pharmacy,\N,KIMBEJA ROAD,KIMBEJA ROAD,821,Human,Wakiso,Kampala Extra - Akamwesi
DOWNHILL ALLIED PHARMACEUTICALS LIMITED,NDA/PRE/WHP/1150,Wholesale Pharmacy,\N,STATION RD,STATION RD,1782,Human,Mityana,Western Region - Hoima
E - DIAGNOSTIC CENTRE LIMITED,NDA/PRE/RTP/8414,Retail Pharmacy,1011399448,BALINTUMA ROAD,BALINTUMA ROAD,1820,Human,Kampala,Kampala Extra - Akamwesi
EAGLEVET UGANDA LIMITED,NDA/PRE/WHP/0888,Wholesale Pharmacy,1004982163,Mukono Industrial Park,Mukono Industrial Park,696,Veretinary,Mukono,South Eastern Region - Jinja
EAGLEVET UGANDA LIMITED,NDA/PRE/WHP/6478,Wholesale Pharmacy,\N,Bishop Wasike Road,Bishop Wasike Road,1573,Veretinary,Mbale,Eastern Region - Tororo
ECOPHARM LIMITED,NDA/PRE/RTP/2561,Retail Pharmacy,\N,Naalya Namugango Rd,Naalya Namugango Rd,690,Human,Wakiso,Kampala Extra - Akamwesi
ECOPHARM LIMITED,NDA/PRE/RTP/6042,Retail Pharmacy,\N,JINJA RD,JINJA RD,807,Human,Mukono,South Eastern Region - Jinja
ECOPHARM LIMITED,NDA/PRE/RTP/1854,Retail Pharmacy,1000115490,"NEXT AIRTEL SERVICE CENTRE, NANSANA T/C","NEXT AIRTEL SERVICE CENTRE, NANSANA T/C",2194,Human,Wakiso,Kampala Extra - Akamwesi
ECOPHARM LIMITED,NDA/PRE/RTP/1855,Retail Pharmacy,\N,Makindye Rd,Makindye Rd,396,Human,Kampala,Kampala Extra - Akamwesi
ECOPHARM LIMITED,NDA/PRE/RTP/0469,Retail Pharmacy,\N,NTINDA,NTINDA,1175,Human,Kampala,Kampala Extra - Akamwesi
ECOPHARM LIMITED,NDA/PRE/RTP/0988,Retail Pharmacy,\N,Ggaba Rd,Ggaba Rd,1334,Human,Kampala,Kampala Extra - Akamwesi
ECOPHARM LIMITED,NDA/PRE/RTP/0657,Retail Pharmacy,\N,NTINDA TRADING CENTRE,NTINDA TRADING CENTRE,1366,Human,Kampala,Kampala Extra - Akamwesi
ECOPHARM LIMITED,NDA/PRE/RTP/0772,Retail Pharmacy,1000115490,"City House, Luwum Street",Luwum Street,392,Human,Kampala,Kampala Extra - Akamwesi
Ecopharm Ltd,NDA/PRE/RTP/2201,Retail Pharmacy,\N,"OPP. HOTEL EQUITORIAL, KYAGWE RD","OPP. HOTEL EQUITORIAL, KYAGWE RD",396,Human,Kampala,Kampala Extra - Akamwesi
ELIVIA PHARMACEUTICALS LTD,NDA/PRE/WHP/9187,Wholesale Pharmacy,\N,,,1204,Human,Wakiso,Kampala Extra - Akamwesi
ELLA PHARMACY LTD,NDA/PRE/RTP/8652,Retail Pharmacy,1009109720,"MARANTHA TRADING CENTER, GAYAZA - KAYUNGA ROAD",GAYAZA - KAYUNGA ROAD,924,Human,Wakiso,Kampala Extra - Akamwesi
Equus Enterprises Limited,NDA/PRE/WHP/0559,Wholesale Pharmacy,\N,Masaka Rd,Masaka Rd,894,Human,Masaka,Central Regional Office - Masaka
EQUUS ENTERPRISES LIMITED,NDA/PRE/RTP/2134,Retail Pharmacy,\N,Masaka Rd,Masaka Rd,619,Human,Masaka,Central Regional Office - Masaka
ERAM (U) LTD,NDA/PRE/WHP/0587,Wholesale Pharmacy,\N,High Street,High Street,749,Veretinary,Mbarara,South Western Region - Mbarara
ERAM UGANDA LIMITED,NDA/PRE/PMA/3253,Surgical Instruments and Appliances Outlet,\N,JINJA ROAD,JINJA ROAD,887,Veretinary,Buikwe,South Eastern Region - Jinja
ERAM UGANDA LIMITED,NDA/PRE/WHP/8838,Wholesale Pharmacy,\N,HOIMA ROAD,HOIMA ROAD,1699,Veretinary,Kampala,Kampala Extra - Akamwesi
ERAM UGANDA LIMITED,NDA/PRE/WHP/0321,Wholesale Pharmacy,1000026602,Nakivubo Place,Nakivubo Place,357,Veretinary,Kampala,Kampala Extra - Akamwesi
ESS LIFE PHARMACY LIMITED,NDA/PRE/RTP/9346,Retail Pharmacy,\N,BUSABALA ROAD,BUSABALA ROAD,806,Human,Kampala,Kampala Extra - Akamwesi
ESTEEM PHARMACY LTD,NDA/PRE/RTP/2063,Retail Pharmacy,\N,Kabalagala Rd,Kabalagala Rd,916,Human,Kampala,Kampala Extra - Akamwesi
EUROPA HEALTHCARE (U) LTD,NDA/PRE/WHP/0908,Wholesale Pharmacy,1007434972,KANJOKYA STREET,KANJOKYA STREET,893,Human,Kampala,Kampala Extra - Akamwesi
EVANA PHARMACY LTD,NDA/PRE/RTP/5698,Retail Pharmacy,\N,TRADING CENTRE,TRADING CENTRE,1810,Human,Luweero,Kampala Extra - Akamwesi
EVERVICTORY LIMITED,NDA/PRE/WHP/8815,Wholesale Pharmacy,\N,HOIMA ROAD,HOIMA ROAD,1699,Veretinary,Kampala,Kampala Extra - Akamwesi
EVERVICTORY LIMITED,NDA/PRE/WHP/9125,Wholesale Pharmacy,\N,HIGH STREET,HIGH STREET,502,Veretinary,Mbarara,South Western Region - Mbarara
EVETHA PHARMACY,NDA/PRE/RTP/0966,Retail Pharmacy,\N,Kiwatule Rd,Kiwatule Rd,651,Human,Kampala,Kampala Extra - Akamwesi
EXTRA CARE PHARMACEUTICALS GAYAZA LIMITED,NDA/PRE/RTP/5017,Retail Pharmacy,\N,"ALONG MANYANGWA RD, OPP. MARTYRS ARCADE","ALONG MANYANGWA RD, OPP. MARTYRS ARCADE",780,Human,Wakiso,Kampala Extra - Akamwesi
FABIAN PHARMACY LIMITED,NDA/PRE/RTP/8543,Retail Pharmacy,1016976085,"BUTENGA HEALTH CENTRE IV, BUKOMANSIMBI","BUTENGA HEALTH CENTRE IV, BUKOMANSIMBI",1846,Human,Bukomansimbi,Central Regional Office - Masaka
FAME PHARMACY LIMITED,NDA/PRE/RTP/0379,Retail Pharmacy,\N,NALYA RD,NALYA RD,1262,Human,Wakiso,Kampala Extra - Akamwesi
FAME PHARMACY LIMITED,NDA/PRE/RTP/1620,Retail Pharmacy,\N,"KABALAGALA, GABA ROAD","KABALAGALA, GABA ROAD",934,Human,Kampala,Kampala Extra - Akamwesi
FARAK COMPANY LIMITED,NDA/PRE/RTP/0812,Retail Pharmacy,1016747041,"PLOT 150, MAWANDA RD",Mawanda Rd,1318,Human,Kampala,Kampala Extra - Akamwesi
FARAK COMPANY LIMITED,NDA/PRE/RTP/1194,Retail Pharmacy,1016747041,"SHOP NO. 07B, DAJOY HOUSE, KOMAMBOGA, WALIGGO ROAD",WALIGGO ROAD,721,Human,Kampala,Kampala Extra - Akamwesi
FASTHEALTH PHARMACY LIMITED,NDA/PRE/WHP/9215,Wholesale Pharmacy,\N,MOBUTU RD,MOBUTU RD,788,Human,Kampala,Kampala Extra - Akamwesi
FEBROS PHARMACEUTICALS LIMITED,NDA/PRE/RTP/1471,Retail Pharmacy,\N,Bombo Road,Bombo Road,1848,Human,Kampala,Kampala Extra - Akamwesi
FELIESTA PHARMACY LTD,NDA/PRE/WHP/0254,Wholesale Pharmacy,\N,Obote Avenue,Obote Avenue,545,Human,Lira,Northern Region - Lira
FELLOWSHIP MODERN PHARMACY (U) LTD,NDA/PRE/WHP/5899,Wholesale Pharmacy,\N,BUGIRI HIGHWAY,BUGIRI HIGHWAY,1450,Human,Iganga,South Eastern Region - Jinja
FELLOWSHIP MODERN PHARMACY (U) LTD,NDA/PRE/WHP/0877,Wholesale Pharmacy,\N,Busana Road,Busana Road,1450,Human,Kayunga,South Eastern Region - Jinja
FELLOWSHIP MODERN PHARMACY (U) LTD,NDA/PRE/WHP/2115,Wholesale Pharmacy,\N,Adams Road,Adams Road,913,Human,Kamuli,South Eastern Region - Jinja
FINE CARE PHARMACEUTICALS &MEDICAL SERVICES,NDA/PRE/RTP/4120,Retail Pharmacy,\N,MARKET PLACE,MARKET PLACE,1118,Human,Wakiso,Kampala Extra - Akamwesi
FINE CARE PHARMACEUTICALS &MEDICAL SERVICES,NDA/PRE/RTP/5480,Retail Pharmacy,\N,OFF ENTEBBE RD,OFF ENTEBBE RD,1251,Human,Wakiso,Kampala Extra - Akamwesi
FINE MEDICINES &HEALTH SUPPLIES LTD,NDA/PRE/RTP/8741,Retail Pharmacy,1015093650,"MPUGA, OFF KIRUMIRA RD WAKISO TOWN",WAKISO TOWN,1030,Human,Wakiso,Kampala Extra - Akamwesi
FINE MEDICINES &HEALTH SUPPLIES LTD,NDA/PRE/RTP/8806,Retail Pharmacy,\N,SENTEMA ROAD,SENTEMA ROAD,1059,Human,Wakiso,Kampala Extra - Akamwesi
FIRST PHARMACY UGANDA LIMITED,NDA/PRE/RTP/2271,Retail Pharmacy,\N,Wandegeya,Wandegeya,1420,Human,Kampala,Kampala Extra - Akamwesi
FIRST PHARMACY UGANDA LIMITED,NDA/PRE/WHP/1426,Wholesale Pharmacy,1000269454,"MULAGO HILL, OFF BOMBO RD, KAMPALA",OFF BOMBO RD,1229,Human,Kampala,Kampala Extra - Akamwesi
FIRST PHARMACY UGANDA LIMITED,NDA/PRE/RTP/1425,Retail Pharmacy,\N,,,1416,Human,Kampala,Kampala Extra - Akamwesi
FLEXI HEALTHCARE LTD,NDA/PRE/MDV/4667,Surgical Instruments and Appliances Outlet,1000162813,Entebbe Road,Entebbe Road,\N,Human,Wakiso,Kampala Extra - Akamwesi
FORT PHARMACEUTICALS LTD,NDA/PRE/WHP/1074,Wholesale Pharmacy,\N,LUGARD ROAD,LUGARD ROAD,408,Human,Fort Portal,Western Region - Hoima
FRIECCA PHARMACY LIMITED,NDA/PRE/RTP/9626,Retail Pharmacy,\N,AT TOTAL HIGHWAY,AT TOTAL HIGHWAY,625,Human,Jinja,South Eastern Region - Jinja
Galen Holdings Ltd,NDA/PRE/RTP/0531,Retail Pharmacy,\N,Old Mulago Rd,Old Mulago Rd,601,Human,Kampala,Kampala Extra - Akamwesi
GLORIOUS PHARMACY UGANDA-SMC LIMITED,NDA/PRE/RTP/1937,Retail Pharmacy,1052159359,OPPOSITE LACOR HOSPITAL,JUBA ROAD,1005,Human,Gulu,Northern Region - Lira
J &PK PHARMACEUTICALS LIMITED,NDA/PRE/RTP/7738,Retail Pharmacy,1052700053,"Seeta, Bukerere zone, Kampala-Jinja highway",Kampala-Jinja highway,1819,Human,Mukono,South Eastern Region - Jinja
GETWELL PHARMACY SMC LTD,NDA/PRE/RTP/0987,Retail Pharmacy,1017578783,"Mussy Hotel building, Wandegeya",Wandegeya,1257,Human,Kampala,Kampala Extra - Akamwesi
GIANT SHALOM ENTERPRISES (U) LTD,NDA/PRE/RTP/4123,Retail Pharmacy,\N,Congo Rd,Congo Rd,393,Human,Bundibugyo,Western Region - Hoima
GIFT PHARMACY CO LTD,NDA/PRE/RTP/2118,Retail Pharmacy,\N,Namugongo Rd,Namugongo Rd,1687,Human,Mukono,South Eastern Region - Jinja
GILAM VENTURES (U) LTD,NDA/PRE/WHP/2906,Wholesale Pharmacy,\N,MASINDI RD,MASINDI RD,1347,Human,Kiryandongo,Western Region - Hoima
GIVEN PHARMACY LIMITED,NDA/PRE/RTP/1123,Retail Pharmacy,1033473652,"PLOT 82, MAIN STREET - JINJA CITY",MAIN STREET -,1746,Human,Mukono,South Eastern Region - Jinja
GIVEN PHARMCY LTD,NDA/PRE/RTP/1071,Retail Pharmacy,1000042381,"PLOT 11, BAXI RD, JINJA CITY",Gokhale Road,2132,Human,Jinja,South Eastern Region - Jinja
GIVEN PHARMACY LIMITED,NDA/PRE/RTP/1383,Retail Pharmacy,1033473652,"Kabalagala,Muyenga road",Muyenga Rd,1576,Human,Kampala,Kampala Extra - Akamwesi
GILEAD PHARMACY,NDA/PRE/RTP/1115,Retail Pharmacy,1000042381,"NIZAM ROAD, JINJA CITY",Nizam Rd,2252,Human,Jinja,South Eastern Region - Jinja
AIM PHARMACEUTICALS LTD,NDA/PRE/WHP/1389,Wholesale Pharmacy,1026409984,"PLOT 16, EZZI STORE BUILDING, WILSON ROAD",WILSON ROAD,343,Human,Kampala,Kampala Extra - Akamwesi
GITTOES PHARMACEUTICALS LIMITED,NDA/PRE/WHP/0468,Wholesale Pharmacy,1000079234,"PLOT 9, NYONDO CLOSE, BUGOLOBI OLD PORT BELL RD KAMPALA",OLD PORT BELL RD,255,Human,Kampala,Kampala Extra - Akamwesi
GITTOES PHARMACEUTICALS LIMITED,NDA/PRE/WHP/1045,Wholesale Pharmacy,1000079234,"Plot 68B, Main Street",Main Street,745,Human,Jinja,South Eastern Region - Jinja
GITTOES PHARMACEUTICALS LIMITED,NDA/PRE/RTP/1232,Retail Pharmacy,1000079234,PLOT 5B - PALLISA RD,PLOT 5B - PALLISA RD,1203,Human,Mbale,Eastern Region - Tororo
Gittoes Pharmaceuticals Ltd,NDA/PRE/WHP/0265,Wholesale Pharmacy,1000079234,"Plot 8, Olwol Rd",Olwol Rd,839,Human,Lira,Northern Region - Lira
GITTOES PHARMACEUTICALS LTD,NDA/PRE/WHP/1267,Wholesale Pharmacy,1000079234,PLOT 5B - PALLISA RD,PLOT 5B - PALLISA RD,674,Human,Mbale,Eastern Region - Tororo
GITTOES PHARMACEUTICALS LTD,NDA/PRE/WHP/0419,Wholesale Pharmacy,\N,Wilson Road,Wilson Road,343,Human,Kampala,Kampala Extra - Akamwesi
GITTOES PHARMACEUTICALS LTD,NDA/PRE/WHP/0747,Wholesale Pharmacy,1000079234,Plot 40/42 Star Shopping Arcade,High Strt,1596,Human,Mbarara,South Western Region - Mbarara
GITTOES PHARMACEUTICALS LIMITED,NDA/PRE/WHP/0451,Wholesale Pharmacy,1000079234,"Plot 11, William Street",William Street,871,Human,Kampala,Kampala Extra - Akamwesi
GITTOES PHARMACEUTICALS LTD,NDA/PRE/RTP/1308,Retail Pharmacy,1000079234,"Plot 4 Main Street, Avenue Road",Avenue Road,1209,Human,Arua,West Nile Region - Arua
GITTOES PHARMACEUTICALS LIMITED,NDA/PRE/WHP/1309,Wholesale Pharmacy,1000079234,"Plot 4 Main Street, Avenue Road",Avenue Road,1253,Human,Arua,West Nile Region - Arua
GIZLAN PHARMACEUTICALS,NDA/PRE/RTP/9200,Retail Pharmacy,\N,JINJA ROAD,JINJA ROAD,1014,Human,Wakiso,Kampala Extra - Akamwesi
GLOBAL VET (U) LTD,NDA/PRE/RTP/1906,Retail Pharmacy,\N,HIGH STREET,HIGH STREET,1170,Veretinary,Mbarara,South Western Region - Mbarara
Global Vet (U) Ltd,NDA/PRE/RTP/1458,Retail Pharmacy,\N,Nakivubo Place,Nakivubo Place,1293,Veretinary,Kampala,Kampala Extra - Akamwesi
GOAL MAN ENTERPRISES LIMITED,NDA/PRE/RTP/2048,Retail Pharmacy,\N,GWERI RD,GWERI RD,703,Human,Soroti,North Eastern Region - Soroti
GOD'S CARE ROYAL PHARMACY LIMITED,NDA/PRE/WHP/9571,Wholesale Pharmacy,\N,COUNCIL,COUNCIL,1181,Human,Amuru,Northern Region - Lira
GOODLIFE HEALTH MANAGEMENT,NDA/PRE/RTP/0753,Retail Pharmacy,1008658273,"Acacia Mall, Shop GT.07 , Acacia Avenue",Acacia Avenue,783,Human,Kampala,Kampala Extra - Akamwesi
GOODLIFE HEALTH MANAGEMENT,NDA/PRE/RTP/0770,Retail Pharmacy,1008658273,"Plot 3A2 &3A4, Forest Mall Kampala",Spring Rd,1607,Human,Kampala,Kampala Extra - Akamwesi
MEDIWORLD PHARMA AFRICA LTD,NDA/PRE/RTP/2370,Retail Pharmacy,1015292210,"BHATIA BUILDING PLOT 8, WILSON ROAD KAMPALA, CENTRAL DIVISION",WILSON ROAD,1471,Human,Kampala,Kampala Extra - Akamwesi
GOODLIFE HEALTH MANAGEMENT,NDA/PRE/RTP/1666,Retail Pharmacy,\N,Lugogo Mall,Lugogo Mall,1614,Human,Kampala,Kampala Extra - Akamwesi
GOODMAN INTERNATIONAL LTD,NDA/PRE/WHP/1771,Wholesale Pharmacy,1000030893,NAKASERO RD,NAKASERO RD,1686,Veretinary,Kampala,Kampala Extra - Akamwesi
GOODMAN INTERNATIONAL LTD,NDA/PRE/WHP/1457,Wholesale Pharmacy,1000030893,Nakasero Rd,Nakasero Rd,294,Human,Kampala,Kampala Extra - Akamwesi
GREEN PLUS PHARMACEUTICALS LIMITED,NDA/PRE/WHP/0176,Wholesale Pharmacy,\N,Queens Avenue,Queens Avenue,1491,Human,Gulu,Northern Region - Lira
GREENLEAF PHARMACY LTD,NDA/PRE/RTP/9363,Retail Pharmacy,1020912276,"OPP ST.PETER'S CATHOLIC PARISH, KANYAYA RD",KANYAYA RD,1823,Human,Kampala,Kampala Extra - Akamwesi
MMABATHO PHARMACY LIMITED,NDA/PRE/WHP/6832,Wholesale Pharmacy,1052003358,near Stanbic Bank ATM on Mobuto Road,MOBUTU ROAD,1070,Human,Kampala,Kampala Extra - Akamwesi
GROOTS HEALTHCARE LIMITED,NDA/PRE/RTP/2643,Retail Pharmacy,1011363382,BUWATE-KIIRA,BUWATE-KIIRA,1890,Human,Wakiso,Kampala Extra - Akamwesi
GUARDIAN HEALTH LIMITED,NDA/PRE/RTP/6531,Retail Pharmacy,\N,"NALUFENYA ROAD, JINJA CITY","NALUFENYA ROAD, JINJA CITY",1574,Human,Jinja,South Eastern Region - Jinja
GUARDIAN HEALTH LIMITED,NDA/PRE/RTP/0855,Retail Pharmacy,\N,Ggaba Rd,Ggaba Rd,572,Human,Kampala,Kampala Extra - Akamwesi
GUARDIAN HEALTH LIMITED,NDA/PRE/WHP/2428,Wholesale Pharmacy,1003583706,"PLOT 106, LUTHULI AVENUE",LUTHULI AVENUE,1395,Human,Kampala,Kampala Extra - Akamwesi
GUARDIAN HEALTH LIMITED,NDA/PRE/RTP/1447,Retail Pharmacy,1003583706,"PLOT 14 - 16, JINJA ROAD","PLOT 14 - 16, JINJA ROAD",1630,Human,Mukono,South Eastern Region - Jinja
GUARDIAN HEALTH LIMITED,NDA/PRE/RTP/0794,Retail Pharmacy,\N,"Muyenga Road,","Muyenga Road,",572,Human,Kampala,Kampala Extra - Akamwesi
GUARDIAN HEALTH LIMITED,NDA/PRE/RTP/2445,Retail Pharmacy,1003583706,CITY CENTRE COMPLEX - BISHOP WASIKYE RD,CITY CENTRE COMPLEX - BISHOP WASIKYE RD,1488,Human,Mbale,Eastern Region - Tororo
GUARDIAN HEALTH LIMITED,NDA/PRE/RTP/2486,Retail Pharmacy,\N,Ntinda,Ntinda,1488,Human,Kampala,Kampala Extra - Akamwesi
GUARDIAN HEALTH LIMITED,NDA/PRE/RTP/8772,Retail Pharmacy,1003583706,"CORONATION ROAD, HOIMA CITY",CORONATION ROAD,1617,Veretinary,Hoima,Western Region - Hoima
GUARDIAN HEALTH LIMITED,NDA/PRE/RTP/1333,Retail Pharmacy,\N,COOPER RD,COOPER RD,1395,Human,Kampala,Kampala Extra - Akamwesi
GUARDIAN HEALTH LIMITED,NDA/PRE/RTP/3630,Retail Pharmacy,\N,ALONG MUNYONYO RD,ALONG MUNYONYO RD,1198,Human,Kampala,Kampala Extra - Akamwesi
GUARDIAN HEALTH LIMITED,NDA/PRE/RTP/1431,Retail Pharmacy,1003583706,"NEXT TO STANDARD CHARTERED BANK, BURTON STREET",BURTON STREET,1649,Human,Kampala,Kampala Extra - Akamwesi
GUARDIAN HEALTH LIMITED,NDA/PRE/RTP/2686,Retail Pharmacy,\N,"Nsambu Rd Junction, Salaama Rd","Nsambu Rd Junction, Salaama Rd",1358,Human,Kampala,Kampala Extra - Akamwesi
GUARDIAN HEALTH LIMITED,NDA/PRE/RTP/2591,Retail Pharmacy,\N,MAIN STREET,MAIN STREET,1693,Human,Jinja,South Eastern Region - Jinja
GULU PHARMACY (U) LTD,NDA/PRE/WHP/0166,Wholesale Pharmacy,1000316021,Plot No. 12 Olya Rd,Olya Rd,817,Human,Gulu,Northern Region - Lira
HAWA PHARMACEUTICALS LIMITED,NDA/PRE/RTP/1138,Retail Pharmacy,\N,Babiiha Rd,Babiiha Rd,308,Human,Kabarole,Western Region - Hoima
HAWA PHARMACEUTICALS LIMITED,NDA/PRE/RTP/1848,Retail Pharmacy,\N,Entebbe Rd,Entebbe Rd,370,Human,Wakiso,Kampala Extra - Akamwesi
HEALTH CURE PHARMACEUTICALS (U) LIMITED,NDA/PRE/WHP/6426,Wholesale Pharmacy,\N,"OPP. WITNESS PLAZA, BOMBO RD","OPP. WITNESS PLAZA, BOMBO RD",1163,Human,Wakiso,Kampala Extra - Akamwesi
HEALTH LINK PHARMACY LIMITED,NDA/PRE/WHP/0714,Wholesale Pharmacy,1000297170,"GBK Plaza, Ntare Road, High Street",High Street,433,Human,Mbarara,South Western Region - Mbarara
HEALTH OKAY ESTABLISHMENTS LTD,NDA/PRE/RTP/10277,Retail Pharmacy,\N,,,1962,Human,Wakiso,Kampala Extra - Akamwesi
HEALTHCARE LTD,NDA/PRE/WHP/1129,Wholesale Pharmacy,\N,SCINDIA RD,SCINDIA RD,620,Human,Jinja,South Eastern Region - Jinja
REVITAL HEALTHCARE LTD,NDA/PRE/RTP/1961,Retail Pharmacy,1016545150,Plot 14 Labwor Road Gulu,Labwor Rd,1249,Human,Gulu,Northern Region - Lira
Revital Health Care Ltd,NDA/PRE/RTP/2042,Retail Pharmacy,1016545150,"PLOT 9, NABOA RD, MBALE CITY",Naboa Rd,1203,Human,Mbale,Eastern Region - Tororo
HEALTHCARE LTD,NDA/PRE/RTP/2097,Retail Pharmacy,\N,SCINDIA RD,SCINDIA RD,620,Human,Jinja,South Eastern Region - Jinja
REVITAL HEALTHCARE LTD,NDA/PRE/WHP/1960,Wholesale Pharmacy,1016545150,"Plot 14, Labwor Rd",Labwor Rd,1249,Human,Gulu,Northern Region - Lira
HEALTHCARE LTD,NDA/PRE/WHP/1304,Wholesale Pharmacy,\N,Adumi Rd,Adumi Rd,512,Human,Arua,West Nile Region - Arua
HEALTHCARE LTD,NDA/PRE/WHP/0262,Wholesale Pharmacy,\N,Ekwang Rd,Ekwang Rd,672,Human,Lira,Northern Region - Lira
HEALTHCARE LTD,NDA/PRE/RTP/0261,Retail Pharmacy,\N,Ekwang Rd,Ekwang Rd,672,Human,Lira,Northern Region - Lira
HEALTHCARE LTD,NDA/PRE/RTP/1305,Retail Pharmacy,\N,ADUMI RD,ADUMI RD,810,Human,Arua,West Nile Region - Arua
SUI GENERIS INTERNATIONAL LTD,NDA/PRE/WHP/2581,Wholesale Pharmacy,1049150374,"BULENGA, SEGUYA STAGE",MITYANA ROAD,1341,Human,Wakiso,Kampala Extra - Akamwesi
Horizon Pharmaceuticals (U) Ltd,NDA/PRE/WHP/1968,Wholesale Pharmacy,\N,Piadha Town Council,Piadha Town Council,853,Human,Arua,West Nile Region - Arua
HORIZON PHARMACEUTICALS (U) LTD,NDA/PRE/WHP/1320,Wholesale Pharmacy,\N,Transport Rd,Transport Rd,767,Human,Koboko,West Nile Region - Arua
HUMNET PHARMA (U) LIMITED,NDA/PRE/RTP/2051,Retail Pharmacy,\N,JINJA RD,JINJA RD,1284,Human,Busia,Eastern Region - Tororo
ARZAAN PHARMACY (U) LIMITED,NDA/PRE/WHP/1269,Wholesale Pharmacy,1049294880,Plot No; 10 Mbale RD Tororo,MBALE RD,1544,Human,Tororo,Eastern Region - Tororo
PAJA PHARMACY LIMITED,NDA/PRE/WHP/1525,Wholesale Pharmacy,1016979803,"PLOT 91 GRANT STREET, TORORO HIGHWAY",TORORO HIGHWAY,718,Human,Bugiri,South Eastern Region - Jinja
RAZ PHARMACEUTICALS LTD,NDA/PRE/WHP/3680,Wholesale Pharmacy,1008926987,"SALTEK HOUSE, MASINDI MUNICIPALITY, HOIMA HIGHWAY",HOIMA HIGHWAY,1486,Human,Masindi,Western Region - Hoima
IMAGINE PHARMACEUTICALS LIMITED,NDA/PRE/RTP/1697,Retail Pharmacy,\N,Kinawataka Rd,Kinawataka Rd,800,Human,Wakiso,Kampala Extra - Akamwesi
IMAGINE PHARMACEUTICALS LIMITED,NDA/PRE/WHP/0310,Wholesale Pharmacy,\N,Kinawataka Rd,Kinawataka Rd,800,Human,Wakiso,Kampala Extra - Akamwesi
IMAGINE PHARMACEUTICALS LIMITED,NDA/PRE/WHP/5616,Wholesale Pharmacy,1016598303,"Plot 9B Richard House, Opp. City Oil Petrol Station, Martin Rd",Martin Rd,977,Human,Kampala,Kampala Extra - Akamwesi
IMAGINE PHARMACEUTICALS LIMITED,NDA/PRE/WHP/0196,Wholesale Pharmacy,\N,GWERI RD,GWERI RD,963,Human,Soroti,North Eastern Region - Soroti
IMAGINE PHARMACEUTICALS LIMITED,NDA/PRE/WHP/1257,Wholesale Pharmacy,\N,BAZAAR STREET,BAZAAR STREET,636,Human,Tororo,Eastern Region - Tororo
IMAGINE PHARMACEUTICALS LIMITED,NDA/PRE/WHP/3064,Wholesale Pharmacy,\N,PLOT 104 MAIN STREET,PLOT 104 MAIN STREET,585,Human,Iganga,South Eastern Region - Jinja
INFECTIOUS DISEASES RESEARCH COLLABORATION LIMITED,NDA/PRE/RTP/4232,Retail Pharmacy,1000049844,"WITHIN IDRC PREMISES, PLOT 2C NAKASERO HILL RD",PLOT 2C NAKASERO HILL RD,557,Human,Kampala,Kampala Extra - Akamwesi
J.C. NOBLES LIMITED,NDA/PRE/WHP/10565,Wholesale Pharmacy,\N,,,871,Human,Kampala,Kampala Extra - Akamwesi
JABMED SUPPLIES LIMITED,NDA/PRE/MDV/6089,Surgical Instruments and Appliances Outlet,1014496803,"SK BUILDING ROOM B13, KIREKA NAMUGONGO ROAD",KIREKA NAMUGONGO ROAD,\N,Human,Wakiso,Kampala Extra - Akamwesi
JALARAM PHARMA LIMITED,NDA/PRE/EXT/2464,External/Annex Store,\N,SCINDIA ROAD,SCINDIA ROAD,960,Human,Jinja,South Eastern Region - Jinja
JALARAM PHARMA LTD,NDA/PRE/WHP/2155,Wholesale Pharmacy,1008505165,Aldina Road,Aldina Road,960,Human,Jinja,South Eastern Region - Jinja
JALARAM PHARMA LTD,NDA/PRE/WHP/1054,Wholesale Pharmacy,\N,NTENGA ROAD,NTENGA ROAD,668,Human,Buikwe,South Eastern Region - Jinja
VED INVESTMENT AFRICA LTD,NDA/PRE/WHP/1413,Wholesale Pharmacy,1043601522,"PLOT 100 LUGAZI, KAMPALA-JINJA HIGHWAY","PLOT 100 LUGAZI, KAMPALA-JINJA HIGHWAY",808,Human,Mukono,South Eastern Region - Jinja
JALARAM PHARMA LTD,NDA/PRE/WHP/4607,Wholesale Pharmacy,\N,LIA STREET,LIA STREET,1365,Human,Moroto,North Eastern Region - Soroti
JASMITHA PHARMACY LTD,NDA/PRE/WHP/1316,Wholesale Pharmacy,\N,Amuni Rd,Amuni Rd,1651,Human,Arua,West Nile Region - Arua
JAYVIHAN INVESTMENTS (U) LTD,NDA/PRE/WHP/5541,Wholesale Pharmacy,\N,Entebbe road,Entebbe road,1103,Human,Wakiso,Kampala Extra - Akamwesi
JB PHARMACEUTICALS LTD,NDA/PRE/RTP/3074,Retail Pharmacy,\N,K036/K190 KAFUMBE MUKASA RD,K036/K190 KAFUMBE MUKASA RD,337,Human,Kampala,Kampala Extra - Akamwesi
JOCINA PHARMACEUTICALS LIMITED,NDA/PRE/RTP/0774,Retail Pharmacy,\N,Kalerwe T/C,Kalerwe T/C,605,Human,Kampala,Kampala Extra - Akamwesi
JOET STANDARD PHARMACY LTD,NDA/PRE/RTP/5557,Retail Pharmacy,\N,GAYAZA ROAD,GAYAZA ROAD,2045,Human,Kampala,Kampala Extra - Akamwesi
Joint Medical Store,NDA/PRE/EXT/2392,External/Annex Store,\N,Old Gabba Rd,Old Gabba Rd,865,Human,Kampala,Kampala Extra - Akamwesi
JOINT MEDICAL STORE,NDA/PRE/WHP/1880,Wholesale Pharmacy,\N,Arua-Pakwach Rd,Arua-Pakwach Rd,956,Human,Arua,West Nile Region - Arua
JOINT MEDICAL STORE (UPMB - UCMB),NDA/PRE/WHP/0046,Wholesale Pharmacy,1000028849,"Plot 1828 Nsambya, Gogonya Rd",Gogonya Rd,865,Human,Kampala,Kampala Extra - Akamwesi
JOPEEM PHARMACY AND HEALTH CARE CENTER LIMITED,NDA/PRE/RTP/1207,Retail Pharmacy,\N,Nalumunye Rd,Nalumunye Rd,525,Human,Wakiso,Kampala Extra - Akamwesi
JORITAH SERVICES LIMITED,NDA/PRE/RTP/7022,Retail Pharmacy,\N,SEMUTO RD,SEMUTO RD,1922,Human,Wakiso,Kampala Extra - Akamwesi
JORUM PHARMACEUTICALS LTD,NDA/PRE/RTP/2901,Retail Pharmacy,\N,"12 Miles, Bombo Road","12 Miles, Bombo Road",530,Human,Wakiso,Kampala Extra - Akamwesi
JOS JONS' HEALTH CARE LTD,NDA/PRE/RTP/9865,Retail Pharmacy,1034635218,"LWEZA B, OLD ENTEBBE ROAD","LWEZA B, OLD ENTEBBE ROAD",1387,Human,Wakiso,Kampala Extra - Akamwesi
Josh Concepts (U) Ltd,NDA/PRE/WHP/1393,Wholesale Pharmacy,\N,Bombo Rd,Bombo Rd,994,Human,Kampala,Kampala Extra - Akamwesi
JOSLAN HUMOVET PHARMACY LIMITED,NDA/PRE/RTP/4730,Retail Pharmacy,\N,ONGINO RD,ONGINO RD,757,Human,Kakumiro,North Eastern Region - Soroti
JUBAILI AGROTEC LIMITED,NDA/PRE/WHP/5906,Wholesale Pharmacy,\N,KUMI ROAD,KUMI ROAD,1457,Veretinary,Mbale,Eastern Region - Tororo
JUBAILI AGROTEC LIMITED,NDA/PRE/WHP/4669,Wholesale Pharmacy,\N,NAKIVUBO MEWS,NAKIVUBO MEWS,1179,Veretinary,Kampala,Kampala Extra - Akamwesi
K.S. VET PHARMACY LIMITED,NDA/PRE/WHP/9289,Wholesale Pharmacy,1007287069,"MAGANJO, NAMBASA BUILDING, BOMBO ROAD",BOMBO ROAD,725,Veretinary,Wakiso,Kampala Extra - Akamwesi
Kabwohe Pharmacy,NDA/PRE/WHP/9615,Wholesale Pharmacy,\N,Mbarara - Ishaka Road,Mbarara - Ishaka Road,523,Human,Sheema,South Western Region - Mbarara
KAKANYERO ENTERPRISES PHARMACEUTICALS LIMITED,NDA/PRE/WHP/0263,Wholesale Pharmacy,\N,Bank Lane,Bank Lane,462,Human,Gulu,Northern Region - Lira
KAKANYERO ENTERPRISES PHARMACEUTICALS LIMITED,NDA/PRE/RTP/0264,Retail Pharmacy,\N,Bank Lane,Bank Lane,462,Human,Gulu,Northern Region - Lira
KALAX PHARMACY LTD,NDA/PRE/WHP/1066,Wholesale Pharmacy,1008459309,PLOT 3/5 KATARO ROAD,PLOT 3/5 KATARO ROAD,1862,Human,Kamuli,South Eastern Region - Jinja
KARIBU PHARMACY LIMITED,NDA/PRE/RTP/7266,Retail Pharmacy,\N,CHURCH ROAD,CHURCH ROAD,1324,Human,Tororo,Eastern Region - Tororo
KARIBU PHARMACY LIMITED,NDA/PRE/RTP/4746,Retail Pharmacy,\N,BAZAAR STREET,BAZAAR STREET,270,Human,Tororo,Eastern Region - Tororo
KAYABWE PHARMACEUTICALS LIMITED,NDA/PRE/WHP/3445,Wholesale Pharmacy,\N,TOWN COUNCIL,TOWN COUNCIL,1043,Human,Gomba,Central Regional Office - Masaka
KHAAZ PHARMACY UGANDA LTD,NDA/PRE/RTP/8034,Retail Pharmacy,1018611757,"SHOP 68, NEW TAXI PARK EXIT, MACKAY RD","SHOP 68, NEW TAXI PARK EXIT, MACKAY RD",709,Human,Kampala,Kampala Extra - Akamwesi
KIBOWA PHARMACEUTICALS,NDA/PRE/RTP/5178,Retail Pharmacy,\N,KAMPALA-MITYANA ROAD,KAMPALA-MITYANA ROAD,1279,Human,Mityana,Western Region - Hoima
KRYPTON PHARMACY LIMITED,NDA/PRE/WHP/8605,Wholesale Pharmacy,1019253148,KULEKAANA STAGE,SALAAMA RD,1149,Human,Kampala,Kampala Extra - Akamwesi
KWEWAYO (U) VET PHARMACY LIMITED,NDA/PRE/WHP/0582,Wholesale Pharmacy,\N,HIGH STREET,HIGH STREET,361,Veretinary,Mbarara,South Western Region - Mbarara
RIYAN PHARMACEUTICALS LIMITED,NDA/PRE/WHP/3823,Wholesale Pharmacy,1013973612,"PLOT 54, ZIBONDO ROAD, KALIRO TOWN",Road,1359,Human,Kaliro,South Eastern Region - Jinja
ROYAL PHARMA 2011 LIMITED,NDA/PRE/WHP/1298,Wholesale Pharmacy,1001002018,PLOT 39/41 JASCO PLAZA NEXT TO FORMER KCB BANK,ADUMI ROAD,1065,Human,Arua,West Nile Region - Arua
LANDAN PHARMACY LTD,NDA/PRE/RTP/8832,Retail Pharmacy,\N,HOSPITAL STREET,HOSPITAL STREET,1831,Human,Sheema,South Western Region - Mbarara
LASAN PHARMACY LIMITED,NDA/PRE/RTP/2437,Retail Pharmacy,\N,Trading Centre,Trading Centre,886,Human,Wakiso,Kampala Extra - Akamwesi
Lasan Pharmacy Limited,NDA/PRE/RTP/0689,Retail Pharmacy,\N,District Rd,District Rd,357,Human,Wakiso,Kampala Extra - Akamwesi
LASSKAR PHARMACY LIMITED,NDA/PRE/WHP/9073,Wholesale Pharmacy,\N,KALIITI PARISH,KALIITI PARISH,670,Human,Wakiso,Kampala Extra - Akamwesi
LEE HEALTH LIMITED,NDA/PRE/RTP/8342,Retail Pharmacy,1018420536,KIKUBAMPANGA TRADING CENTRE,KIKUBAMPANGA TRADING CENTRE,1327,Human,Wakiso,Kampala Extra - Akamwesi
Leo Pharmacy (u) Ltd,NDA/PRE/WHP/1733,Wholesale Pharmacy,\N,Bombo Rd,Bombo Rd,700,Human,Kampala,Kampala Extra - Akamwesi
LIFE AND TIME KWAGALA LIMITED,NDA/PRE/WHP/7101,Wholesale Pharmacy,1014638002,"PLOT NO. 22,MBALE RD, Busolwe Town council, Butaleja.",MBALE RD,2052,Human,Butaleja,Eastern Region - Tororo
LIFE MEDICURE PHARMA-SMC LIMITED,NDA/PRE/WHP/3137,Wholesale Pharmacy,\N,MAINSTREET,MAINSTREET,1023,Human,Iganga,South Eastern Region - Jinja
Life Pharma (A) Ltd,NDA/PRE/RTP/0439,Retail Pharmacy,\N,Wilson Rd,Wilson Rd,733,Human,Kampala,Kampala Extra - Akamwesi
LIFECHEK PHARMA LIMITED,NDA/PRE/RTP/5230,Retail Pharmacy,\N,ALONG TTULA RD,ALONG TTULA RD,1744,Human,Kampala,Kampala Extra - Akamwesi
LifeWay Pharmaceuticals Ltd,NDA/PRE/WHP/1038,Wholesale Pharmacy,\N,Wilson Rd,Wilson Rd,998,Human,Kampala,Kampala Extra - Akamwesi
LINISHA PHARMACY LIMITED,NDA/PRE/RTP/4134,Retail Pharmacy,\N,NDEJJE ROAD,NDEJJE ROAD,669,Human,Wakiso,Kampala Extra - Akamwesi
LISA PHARMACEUTICALS LIMITED,NDA/PRE/RTP/4371,Retail Pharmacy,\N,BULINDO ROAD,BULINDO ROAD,515,Human,Wakiso,Kampala Extra - Akamwesi
LISA PHARMACEUTICALS LIMITED,NDA/PRE/RTP/0688,Retail Pharmacy,\N,Old Kira Rd,Old Kira Rd,1380,Human,Kampala,Kampala Extra - Akamwesi
LISA PHARMACEUTICALS LIMITED,NDA/PRE/RTP/0642,Retail Pharmacy,\N,kiwatule road,kiwatule road,1883,Human,Kampala,Kampala Extra - Akamwesi
LISA PHARMACEUTICALS LIMITED,NDA/PRE/RTP/0213,Retail Pharmacy,1009544266,SHOP NO. MA15 SUPERMAX BUILDING,Burton street,610,Human,Kampala,Kampala Extra - Akamwesi
LIVITON INVESTMENTS LTD,NDA/PRE/SIA/8076,Surgical Instruments and Appliances Outlet,1031910457,"BUWATE, HIGHBURY CLOSE",HIGHBURY CLOSE,\N,Human,Wakiso,Kampala Extra - Akamwesi
LLOYDS PHARMACY UGANDA LIMITED,NDA/PRE/RTP/4354,Retail Pharmacy,\N,NAKASEKE ROAD,NAKASEKE ROAD,1588,Human,Nakaseke,Kampala Extra - Akamwesi
VALSAMO PHARMACEUTICALS LIMITED,NDA/PRE/RTP/5251,Retail Pharmacy,1047549094,MBARARA-KABALE RD,MBARARA-KABALE RD,1822,Human,Mbarara,South Western Region - Mbarara
LOURILET PHARMACY,NDA/PRE/RTP/2673,Retail Pharmacy,1008425480,"ENTEBBE ROAD, KITALA",ENTEBBE ROAD,1099,Human,Wakiso,Kampala Extra - Akamwesi
LUGAZI PHARMACEUTICALS LTD,NDA/PRE/WHP/1397,Wholesale Pharmacy,\N,LUGAZI TOWN,LUGAZI TOWN,1244,Human,Buikwe,South Eastern Region - Jinja
LUGAZI PHARMACEUTICALS LTD,NDA/PRE/WHP/2309,Wholesale Pharmacy,\N,Kyebando,Kyebando,1811,Human,Mukono,South Eastern Region - Jinja
LUNAR PHARMACEUTICALS LTD,NDA/PRE/RTP/0922,Retail Pharmacy,\N,SEMBULE VILLAGE,SEMBULE VILLAGE,1446,Human,Kampala,Kampala Extra - Akamwesi
LWAMATA PHARMACY LIMITED,NDA/PRE/WHP/5382,Wholesale Pharmacy,1010110387,KAPEKA NAKASEKE,TOWN,683,Human,Nakaseke,Kampala Extra - Akamwesi
M-MEDIUS PHARMA (U) LTD,NDA/PRE/RTP/4098,Retail Pharmacy,\N,KATWE BYPASS RD,KATWE BYPASS RD,624,Human,Masaka,Central Regional Office - Masaka
MACKIE PHARMA LTD,NDA/PRE/WHP/8717,Wholesale Pharmacy,1019184033,"AT FORMER KISEKENDE LODGE, MAIN STREET",MAIN STREET,443,Human,Mubende,Western Region - Hoima
MACKIE PHARMA LTD,NDA/PRE/RTP/8348,Retail Pharmacy,1019184033,KAKWAKI BUILDING OPPOSITE HIGHWAY MARKET,KAMPALA - FORT PORTAL HIGHWAY,1833,Human,Mubende,Western Region - Hoima
MACKIE PHARMA LTD,NDA/PRE/WHP/7759,Wholesale Pharmacy,1019184033,BUKUYA TOWN COUNCIL,TOWN COUNCIL,2173,Human,Kasanda,Western Region - Hoima
MAGAN COMPANY LIMITED,NDA/PRE/WHP/9286,Wholesale Pharmacy,\N,Kabanyoro,Kabanyoro,1326,Human,Kamuli,South Eastern Region - Jinja
MAGAN COMPANY LIMITED,NDA/PRE/WHP/6611,Wholesale Pharmacy,\N,Kaliro road,Kaliro road,1439,Human,Kayunga,South Eastern Region - Jinja
MAGYEPHARM PHARMACEUTICALS LTD,NDA/PRE/RTP/2025,Retail Pharmacy,\N,Namugongo Rd,Namugongo Rd,1265,Human,Wakiso,Kampala Extra - Akamwesi
MAGYEPHARM PHARMACEUTICALS LTD,NDA/PRE/RTP/4059,Retail Pharmacy,\N,TRADING CENTRE,TRADING CENTRE,1265,Human,Wakiso,Kampala Extra - Akamwesi
MAKERERE BIOTECH LABORATORIES LIMITED,NDA/PRE/MDV/4830,Surgical Instruments and Appliances Outlet,\N,KABALEGA CLOSE,KABALEGA CLOSE,MDV 14361,Human,Kampala,Kampala Extra - Akamwesi
MAKULA HEALTH CARE COMPANY LIMITED,NDA/PRE/WHP/10413,Wholesale Pharmacy,\N,"KIGEZI ROAD, MADDU TOWN COUNCIL","KIGEZI ROAD, MADDU TOWN COUNCIL",1955,Human,Gomba,Central Regional Office - Masaka
MALCOM PHARMA-CEUTICAL KAKUMIRO LIMITED,NDA/PRE/WHP/4039,Wholesale Pharmacy,\N,Eryeza Street,Eryeza Street,1270,Human,Kakumiro,Western Region - Hoima
MALCOM PHARMACEUTICALS LIMITED,NDA/PRE/RTP/2436,Retail Pharmacy,\N,TRADING CENTRE,TRADING CENTRE,500,Human,Kampala,Kampala Extra - Akamwesi
MALIX PHARMA (U) LIMITED,NDA/PRE/WHP/2101,Wholesale Pharmacy,\N,MAIN STREET,MAIN STREET,1068,Human,Iganga,South Eastern Region - Jinja
JOSHAWB PHARMACY - SMC LIMITED,NDA/PRE/WHP/8536,Wholesale Pharmacy,1044706162,SSumbwe Rd,SSumbwe Rd,1677,Human,Wakiso,Kampala Extra - Akamwesi
Marco Pharmaceuticals Ltd,NDA/PRE/WHP/0394,Wholesale Pharmacy,\N,Ben Kiwanuka Street,Ben Kiwanuka Street,300,Human,Kampala,Kampala Extra - Akamwesi
Marco Pharmaceuticals Ltd,NDA/PRE/RTP/0393,Retail Pharmacy,\N,Ben Kiwanuka Street,Ben Kiwanuka Street,464,Human,Kampala,Kampala Extra - Akamwesi
MARFREY'S FIRST PHARMACY - SMC LIMITED,NDA/PRE/WHP/5782,Wholesale Pharmacy,\N,Kikuube Town Council,Kikuube Town Council,1142,Human,Kikuube,Western Region - Hoima
MARTIN HEALTH CARE (U) LIMITED,NDA/PRE/RTP/0653,Retail Pharmacy,\N,KAMPALA RD,KAMPALA RD,247,Human,Kampala,Kampala Extra - Akamwesi
MARVIN PHARMA LIMITED,NDA/PRE/WHP/2440,Wholesale Pharmacy,1014100577,BWEYOGERERE T/C NEXT TO URBAN FURNITURE,Next to Urban Furniture,1434,Human,Wakiso,Kampala Extra - Akamwesi
MARVIN PHARMA LIMITED,NDA/PRE/WHP/1223,Wholesale Pharmacy,\N,NATEETE,NATEETE,923,Human,Kampala,Kampala Extra - Akamwesi
MARVIN PHARMA LIMITED,NDA/PRE/WHP/9567,Wholesale Pharmacy,\N,MANYANGWA ROAD,MANYANGWA ROAD,923,Human,Wakiso,Kampala Extra - Akamwesi
MASAKA VET PHARMACY LIMITED,NDA/PRE/WHP/1443,Wholesale Pharmacy,\N,Buddu Street,Buddu Street,548,Veretinary,Masaka,Central Regional Office - Masaka
MATIBABU LIFE PHARMACY LIMITED,NDA/PRE/WHP/4573,Wholesale Pharmacy,\N,TOWN COUNCIL,TOWN COUNCIL,1220,Human,Kanungu,South Western Region - Mbarara
MATRIX (U) LTD,NDA/PRE/WHP/8770,Wholesale Pharmacy,1000031994,"PLOT 26, TATA BUILDING WAREHOUSE, DEWINTON ROAD",DEWINTON ROAD,416,Human,Kampala,Kampala Extra - Akamwesi
MAVID PHARMACEUTICALS LIMITED,NDA/PRE/WHP/1467,Wholesale Pharmacy,\N,MACKAY RD,MACKAY RD,1597,Human,Kampala,Kampala Extra - Akamwesi
MAWOGOLA PHARMACY LTD,NDA/PRE/WHP/8117,Wholesale Pharmacy,1025670575,OPP SEMBABULE HEALTH CENTRE IV,CHURCH RD,1359,Human,Ssembabule,Central Regional Office - Masaka
SUNWAYS BIO-SCIENCE UGANDA LTD,NDA/PRE/WHP/9369,Wholesale Pharmacy,1042517894,ZAMUMBA COMPLEX OPP REGNOL PETROL STATION,ZAMUMBA COMPLEX OPP REGNOL PETROL STATION,878,Human,Wakiso,Kampala Extra - Akamwesi
MAYO PHARMACY,NDA/PRE/RTP/6717,Retail Pharmacy,1015747026,"VIRGO HOUSE, KAJJANSI TOWN COUNCIL",TOWN COUNCIL,789,Human,Wakiso,Kampala Extra - Akamwesi
MCLAWN PHARMA (U) LTD,NDA/PRE/WHP/9054,Wholesale Pharmacy,\N,MASAKA CITY,MASAKA CITY,2059,Human,Masaka,Central Regional Office - Masaka
MED BIIN PHARMACEUTICALS LIMITED,NDA/PRE/WHP/1959,Wholesale Pharmacy,\N,JOMO KENYATTA RD,JOMO KENYATTA RD,1032,Human,Gulu,Northern Region - Lira
MED BIIN PHARMACEUTICALS LIMITED,NDA/PRE/WHP/9463,Wholesale Pharmacy,1012436026,Block 210 Block 2211 land at Kyebando,Kyebando kanyanya road,753,Human,Kampala,Kampala Extra - Akamwesi
MED BIIN PHARMACEUTICALS LIMITED,NDA/PRE/RTP/3735,Retail Pharmacy,\N,Jomo Kenyatta Road,Jomo Kenyatta Road,1281,Human,Gulu,Northern Region - Lira
MEDECINS SANS FRONTIERES,NDA/PRE/EXT/3602,External/Annex Store,\N,Mbaguta street,Mbaguta street,1104,Human,Mbarara,South Western Region - Mbarara
MEDECINS SANS FRONTIERES,NDA/PRE/EXT/2766,External/Annex Store,\N,GGABA ROAD,GGABA ROAD,1104,Human,Kampala,Kampala Extra - Akamwesi
MEDECINS SANS FRONTIERES,NDA/PRE/EXT/9467,External/Annex Store,\N,OBAA RD,OBAA RD,1104,Human,Arua,West Nile Region - Arua
MEDECINS SANS FRONTIERES,NDA/PRE/EXT/2272,External/Annex Store,\N,Hanlon Rd,Hanlon Rd,1104,Human,Kampala,Kampala Extra - Akamwesi
MEDET HOLDINGS LIMITED,NDA/PRE/WHP/9061,Wholesale Pharmacy,\N,NAJJERA - KIRA ROAD,NAJJERA - KIRA ROAD,1502,Human,Wakiso,Kampala Extra - Akamwesi
MEDI-LINK INVESTMENTS LTD,NDA/PRE/WHP/2156,Wholesale Pharmacy,\N,SEBWATO RD,SEBWATO RD,1110,Human,Mukono,South Eastern Region - Jinja
MEDICOTT INDUSTRIES (UG) LIMITED,NDA/PRE/PMA/5621,Surgical Instruments and Appliances Outlet,\N,Kyadondo Block 230,Kyadondo Block 230,865,Human,Wakiso,Kampala Extra - Akamwesi
MEDIKWICK PHARMA U LTD,NDA/PRE/WHP/9026,Wholesale Pharmacy,1025667599,"PRIME COMPLEX B-31, B-23, B-24, WILLIAM STREET",WILLIAM STREET,438,Human,Kampala,Kampala Extra - Akamwesi
MEDISUITE PHARMACY LTD,NDA/PRE/RTP/9778,Retail Pharmacy,\N,GGABA - KANSANGA ROAD,GGABA - KANSANGA ROAD,1747,Human,Kampala,Kampala Extra - Akamwesi
MEDIWORLD PHARMA AFRICA LTD,NDA/PRE/EXT/7034,External/Annex Store,\N,"HENLEY BUSINESS PARK, NTINDA","HENLEY BUSINESS PARK, NTINDA",1190,Human,Kampala,Kampala Extra - Akamwesi
MEDIWORLD PHARMA AFRICA LTD,NDA/PRE/WHP/1226,Wholesale Pharmacy,1015292210,"PLOT 8, BHATIA BUILDING, WILSON ROAD",WILSON ROAD,1190,Human,Kampala,Kampala Extra - Akamwesi
MEDIWORLD PHARMA AFRICA LTD,NDA/PRE/WHP/0956,Wholesale Pharmacy,1015292210,"SHOP NO. B1, THE MALL BUILDING, WILSON LANE",WILSON ROAD,1190,Human,Kampala,Kampala Extra - Akamwesi
MEDREICH (U) LTD,NDA/PRE/WHP/1156,Wholesale Pharmacy,1000322055,"PLOT 60, KAMPALA ROAD, MITYANA",KAMPALA ROAD,1055,Human,Mityana,Western Region - Hoima
MEDREICH (U) LTD,NDA/PRE/WHP/1433,Wholesale Pharmacy,\N,Jinja Highway,Jinja Highway,776,Human,Mukono,South Eastern Region - Jinja
ZANGE PHARMACY CO. LTD,NDA/PRE/RTP/7747,Retail Pharmacy,1013726064,KITEBI - SERUNJOJI'S APARTMENTS,"SHOP 3,GROUND FLOOR",793,Human,Kampala,Kampala Extra - Akamwesi
MEDSAFE PHARMACEUTICALS LIMITED,NDA/PRE/RTP/4485,Retail Pharmacy,\N,TRADING CENTRE,TRADING CENTRE,1335,Human,Kampala,Kampala Extra - Akamwesi
MEDSAFE PHARMACEUTICALS LIMITED,NDA/PRE/RTP/7092,Retail Pharmacy,1009482283,"KOSOVO TRADING CENTRE, LUNGUJJA RD",Lungujja Rd,1822,Human,Kampala,Kampala Extra - Akamwesi
MEDSANCARE PHARMACEUTICALS LIMITED,NDA/PRE/RTP/6047,Retail Pharmacy,\N,MARKET LANE- MASAKA ROAD,MARKET LANE- MASAKA ROAD,1624,Human,Wakiso,Kampala Extra - Akamwesi
MEDVILLE HEALTHCARE LIMITED,NDA/PRE/WHP/9607,Wholesale Pharmacy,1018693106,"HARMONY MALL, KIRA KASANGATI ROAD",KIRA KASANGATI ROAD,1306,Human,Wakiso,Kampala Extra - Akamwesi
MEDVIN PHARMA LIMITED,NDA/PRE/WHP/2095,Wholesale Pharmacy,\N,Main Street,Main Street,718,Human,Iganga,South Eastern Region - Jinja
MEDVIN PHARMA LIMITED,NDA/PRE/WHP/1044,Wholesale Pharmacy,\N,Main Street,Main Street,864,Human,Jinja,South Eastern Region - Jinja
MEDVIN PHARMA LIMITED,NDA/PRE/EXT/5504,External/Annex Store,\N,MAIN STREET,MAIN STREET,718,Human,Iganga,South Eastern Region - Jinja
MEDVIN PHARMA LIMITED,NDA/PRE/EXT/10522,External/Annex Store,\N,NAMIREMBE RD,NAMIREMBE RD,633,Human,Kampala,Kampala Extra - Akamwesi
ATLANTIS LIFE SCIENCE LTD,NDA/PRE/WHP/11890,Wholesale Pharmacy,1047698581,"KITENDE, QUALITY SUPERMARKET, ROOM QK26",ENTEBBE ROAD,463,Veretinary,Wakiso,Kampala Extra - Akamwesi
MEDVIN PHARMA LIMITED,NDA/PRE/WHP/0307,Wholesale Pharmacy,\N,Nehru Rd,Nehru Rd,618,Human,Gulu,Northern Region - Lira
MEDVIN PHARMA LIMITED,NDA/PRE/RTP/2094,Retail Pharmacy,\N,Main Street,Main Street,1244,Human,Iganga,South Eastern Region - Jinja
MEDVIN PHARMA LIMITED,NDA/PRE/RTP/0844,Retail Pharmacy,\N,Mbaguta Street,Mbaguta Street,1297,Human,Mbarara,South Western Region - Mbarara
MEDVIN PHARMA LTD,NDA/PRE/WHP/2479,Wholesale Pharmacy,\N,MBAGUTA STREET,MBAGUTA STREET,995,Human,Mbarara,South Western Region - Mbarara
Medvin Pharma Ltd,NDA/PRE/RTP/2317,Retail Pharmacy,\N,Wilson Road,Wilson Road,1188,Human,Kampala,Kampala Extra - Akamwesi
MEDVIN PHARMA LTD,NDA/PRE/WHP/1797,Wholesale Pharmacy,\N,Cemetery Rd,Cemetery Rd,598,Human,Soroti,North Eastern Region - Soroti
MELAIN PHARMACY LIMITED,NDA/PRE/RTP/1211,Retail Pharmacy,1008154218,"Park Enkadde Mall, Ben Kiwanuka Strt",Ben Kiwanuka Strt,943,Human,Kampala,Kampala Extra - Akamwesi
Menzies Pharmaceuticals Limited,NDA/PRE/WHP/1630,Wholesale Pharmacy,\N,BOMBO RD,BOMBO RD,802,Human,Kampala,Kampala Extra - Akamwesi
MERUKA PHARMACY (U) LTD,NDA/PRE/RTP/9989,Retail Pharmacy,\N,KIREKA ROAD,KIREKA ROAD,1951,Human,Kampala,Kampala Extra - Akamwesi
MIDAS CARE (U) LIMITED,NDA/PRE/WHP/0339,Wholesale Pharmacy,\N,Wilson Lane,Wilson Lane,501,Human,Kampala,Kampala Extra - Akamwesi
Midas Care (U) Ltd,NDA/PRE/RTP/0340,Retail Pharmacy,\N,Wilson Lane,Wilson Lane,501,Human,Kampala,Kampala Extra - Akamwesi
MIRE COMPANY LIMITED,NDA/PRE/WHP/3631,Wholesale Pharmacy,\N,Kaliro Road,Kaliro Road,1495,Human,Iganga,South Eastern Region - Jinja
MIRE COMPANY LIMITED,NDA/PRE/RTP/5787,Retail Pharmacy,\N,KISENYI,KISENYI,1769,Human,Kampala,Kampala Extra - Akamwesi
MIRE COMPANY LIMITED,NDA/PRE/RTP/6197,Retail Pharmacy,\N,MAIN STREET,MAIN STREET,1769,Human,Jinja,South Eastern Region - Jinja
MIRE COMPANY LIMITED,NDA/PRE/RTP/2551,Retail Pharmacy,\N,OPP. DELTA FUEL STATION,OPP. DELTA FUEL STATION,1078,Human,Kampala,Kampala Extra - Akamwesi
MM &TRUST PHARMACEUTICALS LIMITED,NDA/PRE/RTP/3993,Retail Pharmacy,\N,KAGAMBA ROAD,KAGAMBA ROAD,1220,Human,Bushenyi,South Western Region - Mbarara
MM PARTNERS LOGISTICS LIMITED,NDA/PRE/WHP/0697,Wholesale Pharmacy,\N,KANJOKYA STREET- KAMWOKYA,KANJOKYA STREET- KAMWOKYA,696,Human,Kampala,Kampala Extra - Akamwesi
MOLU PHARMACEUTICALS LTD,NDA/PRE/WHP/6959,Wholesale Pharmacy,1010164980,"KADAMA TOWN, TIRINYI HIGHWAY",TRINYI HIGHWAY,1295,Human,Kibuku,Eastern Region - Tororo
Moon Pharmaceuticals Ltd,NDA/PRE/WHP/0879,Wholesale Pharmacy,\N,TRADING CENTRE,TRADING CENTRE,896,Human,Mukono,South Eastern Region - Jinja
MORELLI'S SERVICES AND LOGISTICS LIMITED,NDA/PRE/RTP/5203,Retail Pharmacy,\N,MASAKA RD,MASAKA RD,1859,Human,Ssembabule,Central Regional Office - Masaka
MORELLI'S SERVICES AND LOGISTICS LIMITED,NDA/PRE/WHP/9488,Wholesale Pharmacy,\N,,,1554,Human,Ssembabule,Central Regional Office - Masaka
MORELLI'S SERVICES AND LOGISTICS LIMITED,NDA/PRE/RTP/5522,Retail Pharmacy,\N,NEAR SOUTH BUGANDA TEACHERS SACCO,NEAR SOUTH BUGANDA TEACHERS SACCO,1426,Human,Ssembabule,Central Regional Office - Masaka
MOTI PHARMA (UGANDA) LIMITED,NDA/PRE/WHP/0398,Wholesale Pharmacy,1000064967,"PLOT 3/5, EMKA HOUSE, BOMBO RD",Bombo Road,799,Human,Kampala,Kampala Extra - Akamwesi
MUKWANO PHARMACEUTICALS LIMITED,NDA/PRE/WHP/1049,Wholesale Pharmacy,\N,KAYUNGA RD,KAYUNGA RD,962,Human,Mukono,South Eastern Region - Jinja
MUKWANO PHARMACEUTICALS LIMITED,NDA/PRE/WHP/7371,Wholesale Pharmacy,1000760326,"BBALE ROAD, KAYUNGA TOWN COUNCIL","BBALE ROAD, KAYUNGA TOWN COUNCIL",761,Human,Kayunga,South Eastern Region - Jinja
MULTIPHAR UGANDA LIMITED,NDA/PRE/WHP/5738,Wholesale Pharmacy,\N,BOMBO ROAD,BOMBO ROAD,626,Veretinary,Kampala,Kampala Extra - Akamwesi
MULTIPLE SUPER INVESTMENTS LIMITED,NDA/PRE/WHP/0798,Wholesale Pharmacy,1000789412,"KISAKYAMARIA BUILDING, WILLIAM STREET",WILLIAM STREET,2257,Human,Kampala,Kampala Extra - Akamwesi
MULTIPLE SUPER INVESTMENTS LIMITED,NDA/PRE/WHP/0624,Wholesale Pharmacy,\N,Kabale Rd,Kabale Rd,1064,Human,Kabale,South Western Region - Mbarara
MULTIPLE SUPER INVESTMENTS LTD,NDA/PRE/WHP/0854,Wholesale Pharmacy,1000789412,PLOT 6 BUREMBA RD,BUREMBA RD,726,Human,Mbarara,South Western Region - Mbarara
MUNIR &SONS INVESTMENTS LTD,NDA/PRE/WHP/5245,Wholesale Pharmacy,\N,Kisasi Road,Kisasi Road,1884,Human,Kampala,Kampala Extra - Akamwesi
MUNIR &SONS INVESTMENTS LTD,NDA/PRE/WHP/3369,Wholesale Pharmacy,\N,ALONG ENTEBBE ROAD,ALONG ENTEBBE ROAD,555,Human,Wakiso,Kampala Extra - Akamwesi
MUNIR &SONS INVESTMENTS LTD,NDA/PRE/WHP/1219,Wholesale Pharmacy,1007450333,"PLOT 984, BLOCK 438, ABAYITA-ABABIRI","PLOT 984, BLOCK 438, ABAYITA-ABABIRI",751,Human,Wakiso,Kampala Extra - Akamwesi
MUSAJJAWAZA PHARMACY LIMITED,NDA/PRE/RTP/5143,Retail Pharmacy,\N,GAYAZA ROAD,GAYAZA ROAD,698,Veretinary,Wakiso,Kampala Extra - Akamwesi
MUZURI PHARMACY LTD,NDA/PRE/RTP/4246,Retail Pharmacy,\N,KASANGATI,KASANGATI,470,Human,Wakiso,Kampala Extra - Akamwesi
NABAW PHARMACY LIMITED,NDA/PRE/WHP/5324,Wholesale Pharmacy,\N,Mukono-Kayunga Road,Mukono-Kayunga Road,1012,Human,Mukono,South Eastern Region - Jinja
NAMAYIRIRA PHARMACY LIMITED,NDA/PRE/RTP/8097,Retail Pharmacy,1012773403,"KITARA KIBABI TOWN COUNCIL, AROUND ENTEBBE EXPRESS","KITARA KIBABI TOWN COUNCIL, AROUND ENTEBBE EXPRESS",1859,Human,Wakiso,Kampala Extra - Akamwesi
NATIONAL MEDICAL STORES,NDA/PRE/EXT/10200,External/Annex Store,\N,ENTEBBE TOWN,ENTEBBE TOWN,487,Human,Wakiso,Kampala Extra - Akamwesi
NATIONAL MEDICAL STORES,NDA/PRE/WHP/0345,Wholesale Pharmacy,1000028725,KAJJANSI,KAJJANSI,487,Human,Wakiso,Kampala Extra - Akamwesi
NATIONAL MEDICAL STORES,NDA/PRE/EXT/5003,External/Annex Store,\N,"Sebugwawo Drive,Entebbe","Sebugwawo Drive,Entebbe",487,Human,Wakiso,Kampala Extra - Akamwesi
NATIONAL MEDICAL STORES,NDA/PRE/EXT/5002,External/Annex Store,\N,Entebbe,Entebbe,487,Human,Wakiso,Kampala Extra - Akamwesi
NATIONAL MEDICAL STORES,NDA/PRE/EXT/5001,External/Annex Store,\N,"Kibira road lane, Entebbe","Kibira road lane, Entebbe",487,Human,Wakiso,Kampala Extra - Akamwesi
NAZ PHARMACEUTICALS LTD,NDA/PRE/WHP/6584,Wholesale Pharmacy,\N,KISENYI- BWAMBA RD,KISENYI- BWAMBA RD,1976,Human,Fort Portal,Western Region - Hoima
MA.MEDICINA PHARMACY LTD,NDA/PRE/RTP/7219,Retail Pharmacy,1009454160,"TMT SUPERMARKET, BUKOTO",NTINDA RD,2020,Human,Kampala,Kampala Extra - Akamwesi
NEW LIFE PHARMACY LIMITED,NDA/PRE/WHP/5042,Wholesale Pharmacy,\N,NAGONGERA RD,NAGONGERA RD,1440,Human,Tororo,Eastern Region - Tororo
NEXT GENERATION PHARMACY SERVICES LIMITED,NDA/PRE/WHP/7756,Wholesale Pharmacy,1013613230,"Kabalagala T/C Opp Kabalagala Market,Ggaba rd",Ggaba rd,1883,Human,Kampala,Kampala Extra - Akamwesi
NEXT GENERATION PHARMACY SERVICES LIMITED,NDA/PRE/RTP/8435,Retail Pharmacy,1013613230,"BUYONDO, NSAMBYA AVEMARIA",MAKINDYE,1815,Human,Kampala,Kampala Extra - Akamwesi
NEXT GENERATION PHARMACY SERVICES LIMITED,NDA/PRE/WHP/9355,Wholesale Pharmacy,\N,MBOGO RD,MBOGO RD,531,Human,Kampala,Kampala Extra - Akamwesi
NIAM LIMITED,NDA/PRE/RTP/5860,Retail Pharmacy,1016388921,"Nakulabye, Next to Tuskey's Supermarket",Next to Tuskey's Supermarket,2195,Human,Kampala,Kampala Extra - Akamwesi
NICKEL PHARMACY (U) LIMITED,NDA/PRE/RTP/2476,Retail Pharmacy,\N,Ggaba Rd,Ggaba Rd,536,Human,Kampala,Kampala Extra - Akamwesi
NILE SERVICES LTD,NDA/PRE/WHP/0121,Wholesale Pharmacy,1000032184,"Plot 11, Nakivubo Mews",Nakivubo Mews,803,Veretinary,Kampala,Kampala Extra - Akamwesi
NILE SERVICES LTD,NDA/PRE/RTP/1376,Retail Pharmacy,\N,Nakivubo Mews,Nakivubo Mews,941,Veretinary,Kampala,Kampala Extra - Akamwesi
NILE SERVICES LTD,NDA/PRE/RTP/0156,Retail Pharmacy,\N,High Street,High Street,361,Veretinary,Mbarara,South Western Region - Mbarara
NILKANTH PHARMACY LIMITED,NDA/PRE/WHP/5144,Wholesale Pharmacy,1001656026,"MUKWANO MALL- UG HALL 1B/1E, RASHID KHAMIS RD",RASHID KHAMIS RD,1671,Human,Kampala,Kampala Extra - Akamwesi
NILKANTH PHARMACY LIMITED,NDA/PRE/WHP/1903,Wholesale Pharmacy,\N,UPPER SAZA RD,UPPER SAZA RD,1088,Human,Kiboga,Western Region - Hoima
NILKANTH PHARMACY LIMITED,NDA/PRE/WHP/2012,Wholesale Pharmacy,\N,BWEYALE,BWEYALE,729,Human,Kiryandongo,Western Region - Hoima
NILKANTH PHARMACY LIMITED,NDA/PRE/WHP/2954,Wholesale Pharmacy,\N,LUWANGA RD,LUWANGA RD,1145,Human,Mubende,Western Region - Hoima
NILKANTH PHARMACY LIMITED,NDA/PRE/WHP/0912,Wholesale Pharmacy,\N,OLD TOORO RD,OLD TOORO RD,729,Human,Hoima,Western Region - Hoima
NILKANTH PHARMACY LTD,NDA/PRE/WHP/0623,Wholesale Pharmacy,\N,Mbaguta Street,Mbaguta Street,1255,Human,Mbarara,South Western Region - Mbarara
NILKANTH PHARMACY LTD,NDA/PRE/WHP/5519,Wholesale Pharmacy,\N,MARKET STREET,MARKET STREET,1055,Human,Masindi,Western Region - Hoima
NKORE CHEMISTS (U) LIMITED,NDA/PRE/WHP/6504,Wholesale Pharmacy,1009034792,KAGUTA STREET,KAGUTA STREET,1667,Human,Kiruhura,South Western Region - Mbarara
NORVIK ENTERPRISES LIMITED,NDA/PRE/WHP/1729,Wholesale Pharmacy,1000032477,Plot 78/3-4 Bombo Rd,Bombo Rd,342,Human,Kampala,Kampala Extra - Akamwesi
Norvik Enterprises Ltd,NDA/PRE/EXT/2951,External/Annex Store,\N,Bombo road,Bombo road,342,Human,Kampala,Kampala Extra - Akamwesi
Norvik Enterprises Ltd,NDA/PRE/RTP/2217,Retail Pharmacy,\N,Bombo Road,Bombo Road,342,Human,Kampala,Kampala Extra - Akamwesi
OLIVE PHARMACEUTICALS LIMITED,NDA/PRE/RTP/3070,Retail Pharmacy,\N,"BUILDING, THE SQAURE","BUILDING, THE SQAURE",1906,Human,Kampala,Kampala Extra - Akamwesi
OLIVE PHARMACEUTICALS LIMITED,NDA/PRE/RTP/0715,Retail Pharmacy,\N,Bishop Willis Strt,Bishop Willis Strt,779,Human,Mbarara,South Western Region - Mbarara
OMAB UGANDA LIMITED,NDA/PRE/WHP/2550,Wholesale Pharmacy,1010016953,"Plot 436/437, 2nd Floor Corner House",Mawanda Road,1654,Human,Kampala,Kampala Extra - Akamwesi
OMNI CARE PHARMA LIMITED,NDA/PRE/RTP/0436,Retail Pharmacy,\N,WILLIAM STREET,WILLIAM STREET,319,Human,Kampala,Kampala Extra - Akamwesi
ONCOPHARM (U) LTD,NDA/PRE/WHP/8346,Wholesale Pharmacy,1008428825,"REEV HOUSE WANDEGEYA, BOMBO ROAD",BOMBO ROAD,835,Human,Kampala,Kampala Extra - Akamwesi
OPTIME PHARMACY LIMITED,NDA/PRE/RTP/3794,Retail Pharmacy,\N,BUSABALA ROAD,BUSABALA ROAD,677,Human,Wakiso,Kampala Extra - Akamwesi
ORION PHARMA (U) LIMITED,NDA/PRE/WHP/5455,Wholesale Pharmacy,1006887954,"BLOCK 214, KISAASI, MUGAMBAGYE RD, OFF MULUYA ABBASI RD",OFF MULUYA ABBASI RD,492,Human,Kampala,Kampala Extra - Akamwesi
OZ PHARMACY LIMITED,NDA/PRE/RTP/7515,Retail Pharmacy,1018484946,"KALAMBA T/C, KIGANDA T.C",FORT PORTAL HIGHWAY,1775,Human,Kasanda,Western Region - Hoima
PACE PHARMACY &COSMETICS LTD,NDA/PRE/RTP/6452,Retail Pharmacy,\N,PORTBELL RD,PORTBELL RD,1430,Human,Kampala,Kampala Extra - Akamwesi
PALIN CORPORATION,NDA/PRE/SIA/8086,Surgical Instruments and Appliances Outlet,1000052402,"PLOT 2631 KIRA, NAMUGONGO-KIRA RD",NAMUGONGO-KIRA RD,\N,Human,Wakiso,Kampala Extra - Akamwesi
PAPA PHARMACEUTICALS LIMITED,NDA/PRE/RTP/1141,Retail Pharmacy,\N,KIFUFU RD,KIFUFU RD,1355,Human,Mubende,Western Region - Hoima
PARAM PHARMACEUTICALS LTD,NDA/PRE/RTP/2496,Retail Pharmacy,\N,Bugolobi Market,Bugolobi Market,558,Human,Kampala,Kampala Extra - Akamwesi
Param Pharmaceuticals Ltd,NDA/PRE/WHP/0186,Wholesale Pharmacy,\N,PRINCE BADRU KAKUNGULU ROAD,PRINCE BADRU KAKUNGULU ROAD,491,Human,Kampala,Kampala Extra - Akamwesi
PATEL PHARMACY (U) LTD,NDA/PRE/WHP/1596,Wholesale Pharmacy,\N,,,1987,Human,Kampala,Kampala Extra - Akamwesi
PAUL MODERN HEALTH LIMITED,NDA/PRE/MDV/5767,Surgical Instruments and Appliances Outlet,1007581801,"E-TOWER ROOM D05, KAMPALA ROAD",KAMPALA ROAD,\N,Human,Kampala,Kampala Extra - Akamwesi
PEARLGREEN HEALTH LTD,NDA/PRE/RTP/1762,Retail Pharmacy,\N,Yusuf Lule Rd,Yusuf Lule Rd,1919,Human,Kampala,Kampala Extra - Akamwesi
PHARMA MART LIMITED,NDA/PRE/WHP/9956,Wholesale Pharmacy,1036488985,FACTORY RD,FACTORY RD,1060,Human,Kampala,Kampala Extra - Akamwesi
PHARMA VILLE LIMITED,NDA/PRE/WHP/7169,Wholesale Pharmacy,\N,NABOA ROAD,NABOA ROAD,1836,Human,Mbale,Eastern Region - Tororo
PHARMA VILLE LIMITED,NDA/PRE/WHP/0193,Wholesale Pharmacy,1010310832,"Titanic Plaza TB42, Wilson Street",Wilson Street,457,Human,Kampala,Kampala Extra - Akamwesi
PHARMA VILLE LIMITED,NDA/PRE/WHP/6864,Wholesale Pharmacy,\N,ADJACENT TO REINA HOTEL,ADJACENT TO REINA HOTEL,1523,Human,Fort Portal,Western Region - Hoima
PHARMAGEN UGANDA LIMITED,NDA/PRE/WHP/1404,Wholesale Pharmacy,1001876958,"MUTUNDWE RD, NEXT TO NATHAN MATOVU KADUYU HOUSE","MUTUNDWE RD,",541,Human,Kampala,Kampala Extra - Akamwesi
PHARMAGEN UGANDA LIMITED,NDA/PRE/WHP/7799,Wholesale Pharmacy,1001876958,NDEEBA MASAKA ROAD,MASAKA RD,279,Human,Kampala,Kampala Extra - Akamwesi
PHARMAGEN UGANDA LIMITED,NDA/PRE/WHP/0909,Wholesale Pharmacy,1001876958,NATEETE OPP GOD WITH US PLAZA,Masaka Rd,903,Human,Kampala,Kampala Extra - Akamwesi
PHARMAGEN UGANDA LIMITED,NDA/PRE/WHP/4941,Wholesale Pharmacy,1001876958,"Busega, Opp. Sahana Petrol Station",Opp. Sahana Petrol Station,727,Human,Kampala,Kampala Extra - Akamwesi
VITACARE LIMITED,NDA/PRE/WHP/5461,Wholesale Pharmacy,1008320872,IGANGA-TORORO HIGHWAY-NAKAVULE- IGANGA,Saza Road,814,Human,Iganga,South Eastern Region - Jinja
VITACARE LIMITED,NDA/PRE/WHP/4529,Wholesale Pharmacy,1008320872,"Fortportal City, Kabarole district",Municipality,1709,Human,Kabarole,Western Region - Hoima
PHARMALIFT LTD,NDA/PRE/WHP/5389,Wholesale Pharmacy,\N,Wamala road,Wamala road,1513,Human,Wakiso,Kampala Extra - Akamwesi
PHARMALIFT LTD,NDA/PRE/WHP/5542,Wholesale Pharmacy,\N,GAYAZA RD,GAYAZA RD,583,Human,Kampala,Kampala Extra - Akamwesi
PHOTIZO INVESTMENTS LIMITED,NDA/PRE/RTP/9524,Retail Pharmacy,1010626489,"PLOT 1717, PIGEON SHOPS, BUKASA - MUYENGA ROAD",BUKASA - MUYENGA ROAD,1303,Human,Kampala,Kampala Extra - Akamwesi
PLANET CARE COMPANY LIMITED,NDA/PRE/RTP/7793,Retail Pharmacy,1018508133,"NEAR KYANJA MALL, KYANJA T/C, KISAASI-KYANJA RD",KISAASI-KYANJA RD,1351,Human,Kampala,Kampala Extra - Akamwesi
PLANET PHARMACEUTICALS UGANDA LTD,NDA/PRE/WHP/1417,Wholesale Pharmacy,1001598699,Wilson Rd,Wilson Rd,398,Human,Kampala,Kampala Extra - Akamwesi
PLANET PHARMACEUTICALS UGANDA LTD,NDA/PRE/WHP/0118,Wholesale Pharmacy,1001598699,"Plot 24 Galiraya Plaza, William Street",William Street,671,Human,Kampala,Kampala Extra - Akamwesi
PLANET PHARMACEUTICALS UGANDA LTD,NDA/PRE/EXT/9859,External/Annex Store,\N,BOMBO RD,BOMBO RD,398,Human,Kampala,Kampala Extra - Akamwesi
PLATINUM PLUS UGANDA LIMITED,NDA/PRE/WHP/1682,Wholesale Pharmacy,1007805764,"YUMUSCO COUNTRY INN BLD'G, KUBIRI ROUND ABOUT- WANDEGEYA",KUBIRI ROUND ABOUT- WANDEGEYA,669,Human,Kampala,Kampala Extra - Akamwesi
PRAMUKH PHARMA LIMITED,NDA/PRE/WHP/7088,Wholesale Pharmacy,\N,ILA RD,ILA RD,667,Human,Adjumani,West Nile Region - Arua
PRAMUKH PHARMA LIMITED,NDA/PRE/WHP/1539,Wholesale Pharmacy,\N,KIBAALE RD,KIBAALE RD,1026,Human,Kagadi,Western Region - Hoima
GOWARDHAN PHARMACY LTD,NDA/PRE/WHP/8451,Wholesale Pharmacy,1050303076,"NANSANA, OPP. WORSHIP HARVEST HOUSE","NANSANA, OPP. WORSHIP HARVEST HOUSE",1671,Human,Wakiso,Kampala Extra - Akamwesi
PREMIOUS INVESTMENT LIMITED,NDA/PRE/RTP/3140,Retail Pharmacy,\N,OPP. SACRED HEART SEMINARY-MUBENDE,OPP. SACRED HEART SEMINARY-MUBENDE,895,Human,Mubende,Western Region - Hoima
PRIME PHARMACY LIMITED,NDA/PRE/RTP/2214,Retail Pharmacy,\N,Entebbe - Kitooro,Entebbe - Kitooro,631,Human,Wakiso,Kampala Extra - Akamwesi
PUBUNGU INVESTMENTS LIMITED,NDA/PRE/RTP/9735,Retail Pharmacy,1008185096,KYEBANDO RING RD,KYEBANDO RING RD,2273,Veretinary,Kampala,Kampala Extra - Akamwesi
PUBUNGU INVESTMENTS LIMITED,NDA/PRE/RTP/2885,Retail Pharmacy,\N,,,915,Human,Mukono,South Eastern Region - Jinja
PUBUNGU INVESTMENTS LIMITED,NDA/PRE/RTP/6409,Retail Pharmacy,\N,ROAD,ROAD,1037,Veretinary,Kampala,Kampala Extra - Akamwesi
PUBUNGU INVESTMENTS LIMITED,NDA/PRE/WHP/9218,Wholesale Pharmacy,1008185096,"PAKWACH - ARUA ROAD, NEBBI TOWN",NEBBI TOWN,984,Human,Nebbi,West Nile Region - Arua
PUBUNGU INVESTMENTS LIMITED,NDA/PRE/RTP/4589,Retail Pharmacy,\N,KAYUNGA ROAD,KAYUNGA ROAD,915,Human,Mukono,South Eastern Region - Jinja
QURE TECH PHARMACY LIMITED,NDA/PRE/WHP/0727,Wholesale Pharmacy,\N,Masaka Rd,Masaka Rd,1593,Human,Masaka,Central Regional Office - Masaka
RAD PHARMACY LIMITED,NDA/PRE/RTP/7709,Retail Pharmacy,1015755511,"MULANGIRA KITYO KATEREGA BUILDING, BWEYOGERERE",KITYO RD/ KYOBE ROAD,1392,Human,Wakiso,Kampala Extra - Akamwesi
RAD PHARMACY LIMITED,NDA/PRE/RTP/9599,Retail Pharmacy,\N,KAZINGA,KAZINGA,1165,Human,Wakiso,Kampala Extra - Akamwesi
RAD PHARMACY LIMITED,NDA/PRE/RTP/7911,Retail Pharmacy,1015755511,"Seeta, Bukerere Road, Baggala Zone","Bukerere Road, Baggala Zone",483,Human,Mukono,South Eastern Region - Jinja
RAGHAV PHARMACY -SMC LTD,NDA/PRE/WHP/5560,Wholesale Pharmacy,1016757079,"BUKERERE ROAD, SONDE, GOMA.",BUKERERE ROAD,1529,Human,Mukono,South Eastern Region - Jinja
Shree Laxmi Pharma Limited,NDA/PRE/WHP/7369,Wholesale Pharmacy,1054846946,"MAAMA NAMBI COMPLEX,NANSANA RD",HOIMA RD,524,Human,Wakiso,Kampala Extra - Akamwesi
RAGHAV PHARMACY-SMC LTD,NDA/PRE/WHP/9690,Wholesale Pharmacy,\N,100M AFTER TOSHA,100M AFTER TOSHA,524,Human,Wakiso,Kampala Extra - Akamwesi
RANANA ENTERPRISES LIMITED,NDA/PRE/WHP/0009,Wholesale Pharmacy,\N,Elgin street,Elgin street,1061,Human,Masaka,Central Regional Office - Masaka
RATISH PHARMACEUTICALS LIMITED,NDA/PRE/RTP/5338,Retail Pharmacy,\N,MASAKA RD,MASAKA RD,1530,Human,Mpigi,Central Regional Office - Masaka
RAZ PHARMACEUTICALS LTD,NDA/PRE/RTP/1776,Retail Pharmacy,\N,Kyebambe Rd,Kyebambe Rd,1489,Human,Kabarole,Western Region - Hoima
RAZ PHARMACEUTICALS LTD,NDA/PRE/WHP/1775,Wholesale Pharmacy,1008926987,"Kyebambe Road, Fortportal City, Kabarole",KYEBAMBE RD,1489,Human,Kabarole,Western Region - Hoima
RAZ PHARMACEUTICALS LTD,NDA/PRE/WHP/6553,Wholesale Pharmacy,\N,Hospital road,Hospital road,1936,Human,Arua,West Nile Region - Arua
REDDYS PHARMA LIMITED,NDA/PRE/PMA/7130,Surgical Instruments and Appliances Outlet,\N,Bombo Road,Bombo Road,1402,Human,Kampala,Kampala Extra - Akamwesi
REDDYS PHARMA LIMITED,NDA/PRE/WHP/0237,Wholesale Pharmacy,1000042153,"Plot 114/5, Kawempe, Bombo Rd",Bombo Rd,640,Human,Kampala,Kampala Extra - Akamwesi
REGAL PHARMA U LIMITED,NDA/PRE/WHP/0540,Wholesale Pharmacy,\N,Madhvani Foundation Building,Madhvani Foundation Building,1431,Human,Kampala,Kampala Extra - Akamwesi
REVITAL HEALTH CARE LTD,NDA/PRE/WHP/7410,Wholesale Pharmacy,1016545150,"KIGANDA, BUTIABA ROAD",BUTIABA ROAD,1897,Human,Hoima,Western Region - Hoima
REVITAL HEALTH CARE LTD,NDA/PRE/WHP/2306,Wholesale Pharmacy,\N,MAIN STREET,MAIN STREET,820,Human,Mukono,South Eastern Region - Jinja
REVITAL HEALTH CARE LTD,NDA/PRE/WHP/5712,Wholesale Pharmacy,1016545150,"BLOCK 230, NANSANA-KYADONDO",NANSANA MUNICIPALITY,867,Human,Wakiso,Kampala Extra - Akamwesi
RINAL PHARMA LTD,NDA/PRE/WHP/1178,Wholesale Pharmacy,\N,STATION RD,STATION RD,712,Human,Mityana,Western Region - Hoima
RIST PHARMACEUTICAL LIMITED,NDA/PRE/RTP/4875,Retail Pharmacy,\N,INSIDE CHEAPEST SUPERMARKET,INSIDE CHEAPEST SUPERMARKET,862,Human,Wakiso,Kampala Extra - Akamwesi
Rock Pharmacy,NDA/PRE/RTP/0991,Retail Pharmacy,\N,Ggaba Rd,Ggaba Rd,1809,Human,Kampala,Kampala Extra - Akamwesi
ROCK PHARMACY,NDA/PRE/RTP/0139,Retail Pharmacy,\N,Lukuli Rd,Lukuli Rd,691,Human,Kampala,Kampala Extra - Akamwesi
ROYAL PHARMA (U) LIMITED,NDA/PRE/WHP/1137,Wholesale Pharmacy,\N,OPP. BARCLAYS BANK,OPP. BARCLAYS BANK,1315,Human,Kabarole,Western Region - Hoima
ROYAL PHARMA 2011 LIMITED,NDA/PRE/WHP/4948,Wholesale Pharmacy,\N,WISLON ROAD,WISLON ROAD,1057,Human,Kampala,Kampala Extra - Akamwesi
ROYAL PHARMA 2011 LIMITED,NDA/PRE/WHP/2280,Wholesale Pharmacy,\N,WILLIAM STREET,WILLIAM STREET,1481,Human,Kampala,Kampala Extra - Akamwesi
ROYAL PHARMA 2011 LIMITED,NDA/PRE/WHP/10118,Wholesale Pharmacy,\N,BATA ROAD,BATA ROAD,1730,Human,Lira,Northern Region - Lira
ROYAL PHARMA 2011 LIMITED,NDA/PRE/WHP/1004,Wholesale Pharmacy,\N,William Street,William Street,926,Human,Kampala,Kampala Extra - Akamwesi
ROYAL PHARMA 2011 LIMITED,NDA/PRE/WHP/0918,Wholesale Pharmacy,1001002018,"Opp Kireka Market, Jinja Rd",Jinja Rd,1563,Human,Wakiso,Kampala Extra - Akamwesi
ROYAL PHARMA 2011 LIMITED,NDA/PRE/WHP/2400,Wholesale Pharmacy,\N,Entebbe Road,Entebbe Road,740,Human,Wakiso,Kampala Extra - Akamwesi
ROYAL PHARMA 2011 LIMITED,NDA/PRE/WHP/1070,Wholesale Pharmacy,1001002018,"HIGHWAY,KASANA CELL,WEST DIVISION ,MUBENDE MUNICIPALITY-MUBENDE DISTRICT",Street,1764,Human,Mubende,Western Region - Hoima
ROYAL PHARMA 2011 LIMITED,NDA/PRE/EXT/9287,External/Annex Store,\N,High Street,High Street,\N,Human,Mbarara,South Western Region - Mbarara
ROYAL PHARMA 2011 LIMITED,NDA/PRE/WHP/2576,Wholesale Pharmacy,1001002018,"PLOT 13 OPP GALLIRAYA PLAZA, WILSON LANE","PLOT 13 OPP GALLIRAYA PLAZA, WILSON LANE",1131,Human,Kampala,Kampala Extra - Akamwesi
ROYAL PHARMA 2011 LIMITED,NDA/PRE/WHP/1147,Wholesale Pharmacy,\N,MUGABI ROAD,MUGABI ROAD,958,Human,Hoima,Western Region - Hoima
ROYAL PHARMA 2011 LIMITED,NDA/PRE/RTP/0489,Retail Pharmacy,1001002018,"PLOT NO. 19A, GWERI RD",GWERI RD,1274,Human,Soroti,North Eastern Region - Soroti
ROYAL PHARMA 2011 LIMITED,NDA/PRE/WHP/7258,Wholesale Pharmacy,\N,GABULA ROAD,GABULA ROAD,1125,Human,Kamuli,South Eastern Region - Jinja
ROYAL PHARMA 2011 LIMITED,NDA/PRE/WHP/0407,Wholesale Pharmacy,1001002018,"JESICO PLAZA SHOP NO.3, PLOT 13, WILSON STREET",WILSON STREET,590,Human,Kampala,Kampala Extra - Akamwesi
NUGEN PHARMACEUTICALS UGANDA LIMITED,NDA/PRE/WHP/5784,Wholesale Pharmacy,1018238245,"Plot 26, Opp. Equity Bank, William Street",William Street,1592,Human,Kampala,Kampala Extra - Akamwesi
ROYAL PHARMA 2011 LIMITED,NDA/PRE/RTP/1560,Retail Pharmacy,\N,William Street,William Street,1143,Human,Kampala,Kampala Extra - Akamwesi
ROYAL PHARMA 2011 LIMITED,NDA/PRE/WHP/4175,Wholesale Pharmacy,\N,OPP. THE TRAFFIC LIGHTS,OPP. THE TRAFFIC LIGHTS,1278,Veretinary,Kampala,Kampala Extra - Akamwesi
ROYAL PHARMA 2011 LIMITED,NDA/PRE/RTP/9824,Retail Pharmacy,1001002018,"NAKAVULE OPP IGANGA HOSP, IGANGA - TORORO RD",IGANGA - TORORO RD,1113,Human,Iganga,South Eastern Region - Jinja
ROYAL PHARMA 2011 LIMITED,NDA/PRE/RTP/1146,Retail Pharmacy,\N,Fortportal Rd,Fortportal Rd,1315,Human,Hoima,Western Region - Hoima
ROYAL PHARMA 2011 LIMITED,NDA/PRE/WHP/6865,Wholesale Pharmacy,1001002018,"Plot 11, S.P PLAZA, William Street",William Street,1057,Human,Kampala,Kampala Extra - Akamwesi
ROYAL PHARMA 2011 LIMITED,NDA/PRE/WHP/1370,Wholesale Pharmacy,\N,Johnston Street,Johnston Street,321,Human,Kampala,Kampala Extra - Akamwesi
ROYAL PHARMA 2011 LIMITED,NDA/PRE/WHP/1945,Wholesale Pharmacy,\N,Bala-Oyam Rd,Bala-Oyam Rd,1730,Human,Lira,Northern Region - Lira
ROYAL PHARMA 2011 LIMITED,NDA/PRE/WHP/6491,Wholesale Pharmacy,\N,GWERI ROAD,GWERI ROAD,1492,Human,Soroti,North Eastern Region - Soroti
ROYAL PHARMA 2011 LIMITED,NDA/PRE/WHP/1314,Wholesale Pharmacy,1001002018,"Avenue Rd, Arua Municipality","Avenue Rd, Arua Municipality",1093,Human,Arua,West Nile Region - Arua
ROYAL PHARMA 2011 LIMITED,NDA/PRE/WHP/6676,Wholesale Pharmacy,\N,IGANGA -TORORO ROAD,IGANGA -TORORO ROAD,1404,Human,Iganga,South Eastern Region - Jinja
ROYAL PHARMA 2011 LIMITED,NDA/PRE/WHP/1259,Wholesale Pharmacy,\N,REPUBLIC STREET,REPUBLIC STREET,277,Human,Mbale,Eastern Region - Tororo
ROYAL PHARMA 2011 LTD,NDA/PRE/RTP/1033,Retail Pharmacy,\N,NIZAM ROAD,NIZAM ROAD,632,Human,Jinja,South Eastern Region - Jinja
ROYAL PHARMA 2011 LTD,NDA/PRE/WHP/1036,Wholesale Pharmacy,\N,NIZAM ROAD,NIZAM ROAD,632,Human,Jinja,South Eastern Region - Jinja
ROYAL PHARMA 2011 LTD,NDA/PRE/RTP/0408,Retail Pharmacy,1001002018,Wilson Road,Wilson Road,1113,Human,Kampala,Kampala Extra - Akamwesi
ROYAL PHARMA 2011 LTD,NDA/PRE/EXT/9182,External/Annex Store,\N,JINJA ROAD,JINJA ROAD,590,Human,Mukono,South Eastern Region - Jinja
ROYAL PHARMA 2011 LTD,NDA/PRE/RTP/1313,Retail Pharmacy,\N,"Avenue Rd,","Avenue Rd,",984,Human,Arua,West Nile Region - Arua
ROYAL PHARMA 2011 LTD,NDA/PRE/WHP/5177,Wholesale Pharmacy,\N,KUMI ROAD,KUMI ROAD,1284,Human,Mbale,Eastern Region - Tororo
ROYAL PHARMA 2011 LTD,NDA/PRE/EXT/3132,External/Annex Store,\N,WILSON ROAD,WILSON ROAD,590,Human,Kampala,Kampala Extra - Akamwesi
ROYAL PHARMA 2011 LTD,NDA/PRE/WHP/2270,Wholesale Pharmacy,1001002018,WILLIAM STREET,"KISA KYA MARIA PLAZA, WILLIAM STREET",590,Human,Kampala,Kampala Extra - Akamwesi
ROYAL PHARMA 2011 LTD,NDA/PRE/WHP/1042,Wholesale Pharmacy,\N,Main Street,Main Street,544,Human,Iganga,South Eastern Region - Jinja
ROYAL PHARMA 2011 LTD,NDA/PRE/WHP/1561,Wholesale Pharmacy,\N,William Street,William Street,1143,Human,Kampala,Kampala Extra - Akamwesi
ROYAL PHARMA 2011 LIMITED,NDA/PRE/WHP/0598,Wholesale Pharmacy,1000941916,"Plot 44 High Street, Mbarara",High Street,1087,Human,Mbarara,South Western Region - Mbarara
Royal Pharma 2011 Ltd,NDA/PRE/RTP/6134,Retail Pharmacy,\N,Main street Iganga,Main street Iganga,544,Human,Iganga,South Eastern Region - Jinja
Royal Pharma 2011 Ltd,NDA/PRE/WHP/2088,Wholesale Pharmacy,\N,NATEETE T/C,NATEETE T/C,547,Human,Kampala,Kampala Extra - Akamwesi
RUBANGANGEYO PHARMACY,NDA/PRE/RTP/7588,Retail Pharmacy,1014394242,"KAL CENTRAL A OPPOSITE ONEX FUEL STATION, PALABEK T/COUNCIL, LAMWO",PALABEK ROAD,1758,Human,Lamwo,Northern Region - Lira
Rwotomio Pharmacy,NDA/PRE/WHP/3939,Wholesale Pharmacy,\N,Hospital Road,Hospital Road,1039,Human,Apac,Northern Region - Lira
S &V PHARMA (u) SMC LTD,NDA/PRE/WHP/9168,Wholesale Pharmacy,1017668206,"NIZAM ROAD EAST, JINJA CITY, NIZAM ROAD",NIZAM ROAD,1739,Human,Jinja,South Eastern Region - Jinja
SAFELINK PHARMA LIMITED,NDA/PRE/RTP/2545,Retail Pharmacy,\N,Luweero,Luweero,652,Human,Luweero,Kampala Extra - Akamwesi
SAFELINK PHARMA LIMITED,NDA/PRE/WHP/10077,Wholesale Pharmacy,\N,,,2059,Human,Luweero,Kampala Extra - Akamwesi
SALUD PHARMACY LTD,NDA/PRE/WHP/0637,Wholesale Pharmacy,1019964072,"PRIME COMPLEX, SHOP 16, 17, 18 &19, PLOT 6, WILSON ROAD",WILSON ROAD,1431,Human,Kampala,Kampala Extra - Akamwesi
SAMJOV GENERAL SUPPLIES LTD,NDA/PRE/RTP/9266,Retail Pharmacy,\N,SOFIE HOSTEL BLD'G,SOFIE HOSTEL BLD'G,1361,Human,Luweero,Kampala Extra - Akamwesi
SEETA SONS (U) LTD,NDA/PRE/WHP/6786,Wholesale Pharmacy,\N,NAJJERA II,NAJJERA II,1551,Human,Wakiso,Kampala Extra - Akamwesi
SEETA SONS (U) LTD,NDA/PRE/WHP/5658,Wholesale Pharmacy,1015365012,"SKYLON BUILDING, GAYAZA TOWN, KASANGATI-GAYAZA RD",KASANGATI-GAYAZA RD,1083,Human,Wakiso,Kampala Extra - Akamwesi
SEMARK MEDICAL SUPPLIERS LIMITED,NDA/PRE/MDV/6459,Surgical Instruments and Appliances Outlet,1015089563,"ROOM G23, TWESE PLAZA , WILSON ROAD",WILSON ROAD,\N,Human,Kampala,Kampala Extra - Akamwesi
SENABU ENTERPRISES LIMITED,NDA/PRE/WHP/7965,Wholesale Pharmacy,1018531972,KABUUSU ROAD,KABUUSU ROAD,2014,Human,Kampala,Kampala Extra - Akamwesi
Sev Pharmaceuticals Ltd,NDA/PRE/RTP/0426,Retail Pharmacy,\N,NATEETE,NATEETE,337,Human,Kampala,Kampala Extra - Akamwesi
Sherry Pharmacy,NDA/PRE/RTP/1344,Retail Pharmacy,\N,Entebe Rd,Entebe Rd,490,Human,Wakiso,Kampala Extra - Akamwesi
SHIFA CHEMISTS LTD,NDA/PRE/WHP/0755,Wholesale Pharmacy,1000121617,"Plot 47, Mbarara, High Street",HIGH STREET,1277,Human,Mbarara,South Western Region - Mbarara
Shifa Chemists Ltd,NDA/PRE/WHP/0901,Wholesale Pharmacy,1000121617,"Ivory Plaza, William Street",William Street,848,Human,Kampala,Kampala Extra - Akamwesi
SHIFA CHEMISTS LTD,NDA/PRE/WHP/0748,Wholesale Pharmacy,\N,Kamwenge Road,Kamwenge Road,749,Veretinary,Ibanda,South Western Region - Mbarara
SHIFA SUPER PHARMA (U) LIMITED,NDA/PRE/WHP/1448,Wholesale Pharmacy,\N,MAIN STREET,MAIN STREET,222,Human,Jinja,South Eastern Region - Jinja
Shifa Super Pharma (U) Ltd,NDA/PRE/WHP/0866,Wholesale Pharmacy,\N,Saza Road,Saza Road,586,Human,Iganga,South Eastern Region - Jinja
SHILOH PHARMACY LIMITED,NDA/PRE/RTP/2195,Retail Pharmacy,\N,Nangabo Rd,Nangabo Rd,459,Human,Wakiso,Kampala Extra - Akamwesi
SHIVAAY AFRICA LIMITED,NDA/PRE/WHP/7775,Wholesale Pharmacy,1017202461,"BULAGA T/C ,MUSITWA BUILDING",MITYANA RD,1622,Human,Wakiso,Kampala Extra - Akamwesi
SHREEJI HEALTH MART LTD,NDA/PRE/WHP/1997,Wholesale Pharmacy,\N,KAMPALA RD,KAMPALA RD,1465,Human,Kyenjojo,Western Region - Hoima
SHREEJI HEALTH MART LTD,NDA/PRE/WHP/2138,Wholesale Pharmacy,\N,MARGHERITA STREET,MARGHERITA STREET,970,Human,Kasese,South Western Region - Mbarara
SHREEJI HEALTH MART LTD,NDA/PRE/WHP/7564,Wholesale Pharmacy,1019032330,"Plot 39, Azinduka House, Tongue Street",Tongue Street,1682,Human,Masindi,Western Region - Hoima
SHREEJI HEALTH MART LTD,NDA/PRE/WHP/7701,Wholesale Pharmacy,1019032330,PLOT 03 - TORORO ROAD,TORORO ROAD,1232,Human,Busia,Eastern Region - Tororo
SHREEJI HEALTH MART LTD,NDA/PRE/WHP/7663,Wholesale Pharmacy,1019032330,"Plot 4, Raymond Okidi House, Lakidi Road, Kitgum municipality",CENTRAL WARD STREET,1736,Human,Kitgum,Northern Region - Lira
SHREEJI HEALTH MART LTD,NDA/PRE/WHP/4336,Wholesale Pharmacy,1019032330,"PLOT 13, BUJUMBURA RD",BUJUMBURA RD,1682,Human,Hoima,Western Region - Hoima
SHREEJI HEALTH MART LTD,NDA/PRE/WHP/1154,Wholesale Pharmacy,\N,KAMPALA RD,KAMPALA RD,704,Human,Mityana,Western Region - Hoima
SHREEJI HEALTH MART LTD,NDA/PRE/WHP/1101,Wholesale Pharmacy,\N,KUMI ROAD,KUMI ROAD,1041,Human,Mbale,Eastern Region - Tororo
SHREEJI HEALTH MART LTD,NDA/PRE/WHP/1168,Wholesale Pharmacy,\N,KAMPALA RD,KAMPALA RD,954,Human,Mubende,Western Region - Hoima
SHREEJI HEALTH MART LTD,NDA/PRE/WHP/3418,Wholesale Pharmacy,1019032330,"UGANDA EMPOWERS BULDG, NEXT TO FINANCE TRUST BANK, MBIRIZI, KAMPALA - MBARARA HIGHWAY",KAMPALA - MBARARA HIGHWAY,1097,Human,Lwengo,Central Regional Office - Masaka
SHURIK LTD,NDA/PRE/EXT/2290,External/Annex Store,\N,Dewinton Road,Dewinton Road,236,Human,Kampala,Kampala Extra - Akamwesi
SHURIK LTD,NDA/PRE/WHP/1359,Wholesale Pharmacy,1000032149,PLOT 51/2 KAMPALA RD,Kampala Rd,236,Human,Kampala,Kampala Extra - Akamwesi
SHURIK LTD,NDA/PRE/RTP/1360,Retail Pharmacy,\N,KAMPALA RD,KAMPALA RD,236,Human,Kampala,Kampala Extra - Akamwesi
SPRING PHARMACY LIMITED,NDA/PRE/WHP/1461,Wholesale Pharmacy,1007912008,"SHOP 9,THE MALL,WILSON ROAD",WILSON ROAD,1411,Human,Kampala,Kampala Extra - Akamwesi
SILICON PHARMACY INTERNATIONAL LIMITED,NDA/PRE/RTP/0444,Retail Pharmacy,\N,Entebbe Rd,Entebbe Rd,454,Human,Kampala,Kampala Extra - Akamwesi
SILICON PHARMACY INTERNATIONAL LIMITED,NDA/PRE/RTP/1200,Retail Pharmacy,\N,Masaka Rd,Masaka Rd,885,Human,Wakiso,Kampala Extra - Akamwesi
SILVA INVESTMENTS CO. LTD,NDA/PRE/WHP/0655,Wholesale Pharmacy,\N,MIRAMA HILL ROAD,MIRAMA HILL ROAD,1210,Human,Ntungamo,South Western Region - Mbarara
SILVER PHARMACY AND COSMETICS LTD,NDA/PRE/WHP/1032,Wholesale Pharmacy,\N,"Exit,","Exit,",1549,Human,Mukono,South Eastern Region - Jinja
SKY PHARMACY LTD,NDA/PRE/WHP/1236,Wholesale Pharmacy,\N,REPUBLIC STREET,REPUBLIC STREET,254,Human,Mbale,Eastern Region - Tororo
SM PHARMA INVESTMENTS LIMITED,NDA/PRE/RTP/4553,Retail Pharmacy,\N,MITYANA RD,MITYANA RD,919,Human,Wakiso,Kampala Extra - Akamwesi
SMILE SERVICES LIMITED,NDA/PRE/RTP/3929,Retail Pharmacy,\N,MAIN RD,MAIN RD,1949,Human,Isingiro,South Western Region - Mbarara
SOFTCARE PHARMACY,NDA/PRE/RTP/9691,Retail Pharmacy,1022965628,"KAMPALA HIGHWAY, MBIKO-NJERU MUNICIPALITY","KAMPALA HIGHWAY, MBIKO-NJERU MUNICIPALITY",1092,Human,Buikwe,South Eastern Region - Jinja
SOUTHERN RANGE NYANZA LIMITED,NDA/PRE/PMA/9213,Surgical Instruments and Appliances Outlet,\N,YUSUF LULE RD,YUSUF LULE RD,1363,Human,Jinja,South Eastern Region - Jinja
SPARTAN,NDA/PRE/WHP/1796,Wholesale Pharmacy,\N,NAGONGERA RD - BUSOLWE,NAGONGERA RD - BUSOLWE,410,Human,Butaleja,Eastern Region - Tororo
SPIKE PHARMACEUTICALS LIMITED,NDA/PRE/RTP/7960,Retail Pharmacy,1014308271,"OPP ST.MARY'S, KITENDE ROAD",KITENDE ROAD,422,Human,Wakiso,Kampala Extra - Akamwesi
SPRING PHARMACY LTD,NDA/PRE/RTP/2895,Retail Pharmacy,\N,Kisaasi Road,Kisaasi Road,717,Human,Kampala,Kampala Extra - Akamwesi
ST LITE CARE PHARMACY LTD,NDA/PRE/RTP/4872,Retail Pharmacy,1016029562,NAMULESA TOWN COUNCIL,MAFUMBIRA,1403,Human,Jinja,South Eastern Region - Jinja
ST. BENEDICT MK PHARMACY LTD,NDA/PRE/RTP/9717,Retail Pharmacy,1015880503,"Plot 63/65, Kisenyi Next to Magric Hardware, Bwamba Rd",Bwamba Rd,1328,Human,Fort Portal,Western Region - Hoima
KARAKORAM PHARMACY - SMC LIMITED,NDA/PRE/WHP/5922,Wholesale Pharmacy,1050897700,Koboko Market,koboko municipality transport road,1622,Human,Koboko,West Nile Region - Arua
STAR GOLD PHARMACY LTD,NDA/PRE/WHP/4813,Wholesale Pharmacy,\N,Rhino Camo Road,Rhino Camo Road,1343,Human,Arua,West Nile Region - Arua
STAR PHARMACEUTICALS LTD,NDA/PRE/WHP/0132,Wholesale Pharmacy,1000024227,"Plot 96-98, Warehouse No.11B, Madhvani Complex, 5th Street Industrial Area, Bugolobi","5th Street Industrial Area, Bugolobi",2003,Human,Kampala,Kampala Extra - Akamwesi
SUHAIB PHARMACY LIMITED,NDA/PRE/WHP/9924,Wholesale Pharmacy,\N,KISOGA ROAD,KISOGA ROAD,1493,Human,Buikwe,South Eastern Region - Jinja
SUPER MEDIC LTD,NDA/PRE/EXT/3037,External/Annex Store,\N,BOMBO ROAD,BOMBO ROAD,478,Human,Kampala,Kampala Extra - Akamwesi
SUPER MEDIC LTD,NDA/PRE/WHP/1714,Wholesale Pharmacy,\N,WILSON RD,WILSON RD,277,Human,Kampala,Kampala Extra - Akamwesi
SUPER MEDIC LTD,NDA/PRE/WHP/1318,Wholesale Pharmacy,\N,Adumi Road,Adumi Road,469,Human,Arua,West Nile Region - Arua
SUPER MEDIC LTD,NDA/PRE/WHP/0397,Wholesale Pharmacy,1000043437,"Plot 22, Majestic Plaza, William Street",William Street,478,Human,Kampala,Kampala Extra - Akamwesi
SUPER MEDIC LTD,NDA/PRE/WHP/1265,Wholesale Pharmacy,\N,REPUBLIC STREET,REPUBLIC STREET,425,Human,Mbale,Eastern Region - Tororo
SUPER MEDIC LTD,NDA/PRE/WHP/1450,Wholesale Pharmacy,\N,KUTCH ROAD,KUTCH ROAD,499,Human,Jinja,South Eastern Region - Jinja
SUPER MEDIC LTD,NDA/PRE/WHP/1838,Wholesale Pharmacy,\N,WILSON ROAD,WILSON ROAD,290,Veretinary,Kampala,Kampala Extra - Akamwesi
SUPER MEDIC LTD,NDA/PRE/WHP/2324,Wholesale Pharmacy,\N,PARK,PARK,711,Human,Lira,Northern Region - Lira
Super Medic Ltd,NDA/PRE/RTP/0665,Retail Pharmacy,1000043437,"Plot 22 Majestic Plaza, William Street",William Street,2225,Human,Kampala,Kampala Extra - Akamwesi
SUPER MEDIC LTD,NDA/PRE/RTP/1266,Retail Pharmacy,\N,REPUBLIC STREET,REPUBLIC STREET,425,Human,Mbale,Eastern Region - Tororo
SUPER MEDIC LTD,NDA/PRE/RTP/1317,Retail Pharmacy,1000043437,PLOT 43 PACKWACH RD,PACKWACH RD,469,Human,Arua,West Nile Region - Arua
SUPRAZE LIMITED,NDA/PRE/WHP/5481,Wholesale Pharmacy,\N,KATOOKE-HOIMA RD,KATOOKE-HOIMA RD,1133,Human,Kyenjojo,Western Region - Hoima
SURGIMED UGANDA LIMITED,NDA/PRE/SIA/10478,Surgical Instruments and Appliances Outlet,\N,REPUBLIC STREET,REPUBLIC STREET,\N,Human,Mbale,Eastern Region - Tororo
SURU PHARMACEUTICALS LIMITED,NDA/PRE/RTP/0465,Retail Pharmacy,\N,Entebbe Rd,Entebbe Rd,822,Human,Wakiso,Kampala Extra - Akamwesi
Sylden Pharmaceuticals Limited,NDA/PRE/RTP/0386,Retail Pharmacy,\N,Naalya Rd,Naalya Rd,217,Human,Kampala,Central Regional Office - Masaka
TEXAKIM INVESTMENTS LTD,NDA/PRE/RTP/4630,Retail Pharmacy,\N,BULAMU ROAD,BULAMU ROAD,1443,Human,Wakiso,Kampala Extra - Akamwesi
DAVIMED PHARMA LIMITED,NDA/PRE/WHP/9234,Wholesale Pharmacy,1016412705,Rhino Camp Rd,Rhino Camp Rd,2274,Human,Arua,West Nile Region - Arua
THE MEDICAL CONCIERGE GROUP LIMITED,NDA/PRE/RTP/8376,Retail Pharmacy,1002663894,"GROUND FLOOR, 2ND SHOP, GAYAZA OPP. NESTA PETROL STATION, KABBUBU","GROUND FLOOR, 2ND SHOP, GAYAZA OPP. NESTA PETROL STATION, KABBUBU",1630,Human,Wakiso,Kampala Extra - Akamwesi
TOP MEDICAL STORE (U) LIMITED,NDA/PRE/WHP/0428,Wholesale Pharmacy,1002608832,Titanic Plaza,Wilson Street,1280,Human,Kampala,Kampala Extra - Akamwesi
TOSI LIMITED,NDA/PRE/RTP/4834,Retail Pharmacy,1009822401,"Jinja Highway, Namawojjolo","Jinja Highway,",842,Human,Mukono,South Eastern Region - Jinja
Tosi Pharmacy,NDA/PRE/RTP/3179,Retail Pharmacy,\N,Katosi Road,Katosi Road,693,Human,Mukono,South Eastern Region - Jinja
TOWNCARE PHARMACY LIMITED,NDA/PRE/RTP/4432,Retail Pharmacy,\N,ALONG BOMBO RD,ALONG BOMBO RD,824,Human,Kampala,Kampala Extra - Akamwesi
TOWNCARE PHARMACY LIMITED,NDA/PRE/RTP/5804,Retail Pharmacy,\N,NAJJERA RD,NAJJERA RD,1468,Human,Wakiso,Kampala Extra - Akamwesi
TREMOL PHARMACY (U) LIMITED,NDA/PRE/WHP/6033,Wholesale Pharmacy,1009735325,"NAKIGALALA, KAJJANSI TOWN COUNCIL",TOWN COUNCIL,637,Human,Wakiso,Kampala Extra - Akamwesi
TUSKAM HOLDINGS LIMITED,NDA/PRE/WHP/9623,Wholesale Pharmacy,\N,KYENJOJO RD,KYENJOJO RD,1245,Human,Kagadi,Western Region - Hoima
UNION PSALMS PHARMACISTS LTD,NDA/PRE/RTP/3392,Retail Pharmacy,1007307529,KABAGA TRADING CENTRE,KASANGATI TOWN COUNCIL,723,Human,Wakiso,Kampala Extra - Akamwesi
VAAL HEALTH CARE LIMITED,NDA/PRE/SIA/8067,Surgical Instruments and Appliances Outlet,1014861461,"TWESE PLAZA ROOM S23, WILSON ROAD",WILSON ROAD,\N,Human,Kampala,Kampala Extra - Akamwesi
VANGUARD INVESTMENTS LIMITED,NDA/PRE/RTP/7069,Retail Pharmacy,\N,LUKULI RD,LUKULI RD,1062,Human,Kampala,Kampala Extra - Akamwesi
Vanguard Investments Limited,NDA/PRE/RTP/3194,Retail Pharmacy,\N,Entebbe Rd,Entebbe Rd,1168,Human,Wakiso,Kampala Extra - Akamwesi
REVLON MEDKART EA LTD,NDA/PRE/WHP/9962,Wholesale Pharmacy,1042167268,"BLOCK 14, PLOT 1145, MAKINDYE",NAMASOLE RD,1752,Human,Kampala,Kampala Extra - Akamwesi
VEER ENTERPRISES LIMITED,NDA/PRE/WHP/0981,Wholesale Pharmacy,\N,Mirembe Stage,Mirembe Stage,812,Human,Wakiso,Kampala Extra - Akamwesi
VEERAM HEALTHCARE (U) LIMITED,NDA/PRE/WHP/2314,Wholesale Pharmacy,\N,Nsambya Estate,Nsambya Estate,299,Veretinary,Kampala,Kampala Extra - Akamwesi
VELVET PHARMA LIMITED,NDA/PRE/WHP/0435,Wholesale Pharmacy,\N,WILLIAM STREET,WILLIAM STREET,585,Human,Kampala,Kampala Extra - Akamwesi
VELVET PHARMA LIMITED,NDA/PRE/WHP/0565,Wholesale Pharmacy,\N,JESCO PLAZA WILSON RD,JESCO PLAZA WILSON RD,928,Human,Kampala,Kampala Extra - Akamwesi
VELVET PHARMA LIMITED,NDA/PRE/WHP/0069,Wholesale Pharmacy,\N,William Street,William Street,383,Human,Kampala,Kampala Extra - Akamwesi
VELVET PHARMA LIMITED,NDA/PRE/WHP/0227,Wholesale Pharmacy,1000560409,"Plot 8, Wilson Rd",Wilson Rd,854,Human,Kampala,Kampala Extra - Akamwesi
VENUS PHARMACEUTICALS LIMITED,NDA/PRE/WHP/0025,Wholesale Pharmacy,1000038111,"PLOT 22, MAJESTIC PLAZA, WILLIAM STREET","PLOT 22, MAJESTIC PLAZA, WILLIAM STREET",829,Human,Kampala,Kampala Extra - Akamwesi
Verona Pharmaceuticals Ltd,NDA/PRE/RTP/1930,Retail Pharmacy,\N,Salaama Road,Salaama Road,576,Human,Kampala,Kampala Extra - Akamwesi
VERSE PHARMACY LIMITED,NDA/PRE/RTP/1985,Retail Pharmacy,\N,Entebbe Rd,Entebbe Rd,1911,Human,Kampala,Kampala Extra - Akamwesi
VET CENTRE UGANDA LIMITED,NDA/PRE/WHP/0319,Wholesale Pharmacy,1001941092,NSALO ROAD,NSALO ROAD,725,Veretinary,Kampala,Kampala Extra - Akamwesi
VET CENTRE UGANDA LIMITED,NDA/PRE/RTP/0721,Retail Pharmacy,1001941092,HIGH STREET,HIGH STREET,782,Veretinary,Mbarara,South Western Region - Mbarara
VET CENTRE UGANDA LIMITED,NDA/PRE/WHP/2020,Wholesale Pharmacy,1001941092,Rushere,Rushere,782,Veretinary,Kiruhura,South Western Region - Mbarara
VICTOR PARTNERS &LOGISTICS (U) LTD,NDA/PRE/WHP/7324,Wholesale Pharmacy,1014804490,"MUTO SHOPPING CENTRE, ELGIN STREET",ELGIN STREET,1479,Human,Masaka,Central Regional Office - Masaka
VIGA PHARMACEUTICALS LIMITED,NDA/PRE/WHP/5421,Wholesale Pharmacy,\N,SSENTEMA RD,SSENTEMA RD,918,Human,Kampala,Kampala Extra - Akamwesi
THE BOLD PHARMACY LIMITED,NDA/PRE/RTP/10449,Retail Pharmacy,1049597596,"Nakulabye Next to Chez Johnson Hotel, Makerere Hill Road",Makerere Hill Road,1212,Human,Kampala,Kampala Extra - Akamwesi
VINE PHARMACEUTICALS LIMITED,NDA/PRE/RTP/0639,Retail Pharmacy,1000041145,"Freedom City Mall, Entebbe Road",Entebbe Road,1354,Human,Wakiso,Kampala Extra - Akamwesi
VINE PHARMACEUTICALS LTD,NDA/PRE/RTP/7200,Retail Pharmacy,1000041145,"MIRACLE ARCADE, BAT VALLEY CRESCENT,KAGUGUME-KAMPALA DISTRICT","BAT VALLEY CRESCENT,KAGUGUME-KAMPALA DISTRICT",1701,Human,Kampala,Kampala Extra - Akamwesi
THE BOLD PHARMACY LIMITED,NDA/PRE/RTP/1526,Retail Pharmacy,1049597596,"Bukoto, Kisaasi Rd",Kisaasi Rd,1594,Human,Kampala,Kampala Extra - Akamwesi
Vine Pharmaceuticals Ltd,NDA/PRE/RTP/0691,Retail Pharmacy,1000041145,"JB BUILDING NEXT TO MARIA &JESUS SUPERMARKET, KABALAGALA",KABALAGALA,787,Human,Kampala,Kampala Extra - Akamwesi
Vine Pharmaceuticals Ltd,NDA/PRE/RTP/0969,Retail Pharmacy,\N,Kampala Rd,Kampala Rd,1439,Human,Kampala,Kampala Extra - Akamwesi
Vine Pharmaceuticals Ltd,NDA/PRE/RTP/0962,Retail Pharmacy,\N,BUKOTO - NTINDA RD,BUKOTO - NTINDA RD,1663,Human,Kampala,Kampala Extra - Akamwesi
Vine Pharmaceuticals Ltd,NDA/PRE/RTP/0960,Retail Pharmacy,\N,Entebbe Rd,Entebbe Rd,225,Human,Kampala,Kampala Extra - Akamwesi
VRUSHIK INVESTMENT LIMITED,NDA/PRE/WHP/0591,Wholesale Pharmacy,\N,BUILDING,BUILDING,602,Human,Kampala,Kampala Extra - Akamwesi
WELLGO PHARMACEUTICALS LTD,NDA/PRE/RTP/0986,Retail Pharmacy,\N,Wavamunno Rd,Wavamunno Rd,413,Human,Kampala,Kampala Extra - Akamwesi
WEREDWONG PHARMACEUTICAL CO. LTD,NDA/PRE/WHP/10557,Wholesale Pharmacy,\N,Katakwi Town Council,Katakwi Town Council,2002,Human,Katakwi,North Eastern Region - Soroti
WESTLINK PHARMACEUTICALS LIMITED,NDA/PRE/RTP/2143,Retail Pharmacy,\N,Entebbe Rd,Entebbe Rd,1843,Human,Wakiso,Kampala Extra - Akamwesi
WESTLINK PHARMACEUTICALS LIMITED,NDA/PRE/RTP/1357,Retail Pharmacy,\N,LUBOWA,LUBOWA,1843,Human,Wakiso,Kampala Extra - Akamwesi
WHITE STAR PHARMA (U) LIMITED,NDA/PRE/WHP/1978,Wholesale Pharmacy,\N,Nizam Rd,Nizam Rd,296,Human,Jinja,South Eastern Region - Jinja
WHITE STAR PHARMA (U) LIMITED,NDA/PRE/WHP/7283,Wholesale Pharmacy,\N,main street,main street,1585,Human,Iganga,South Eastern Region - Jinja
WHITE STAR PHARMA (U) LIMITED,NDA/PRE/WHP/2074,Wholesale Pharmacy,\N,Lubani Rd,Lubani Rd,864,Human,Kamuli,South Eastern Region - Jinja
WHITE STAR PHARMA (U) LIMITED,NDA/PRE/WHP/5451,Wholesale Pharmacy,\N,"CLIVE ROAD, WEST","CLIVE ROAD, WEST",1539,Human,Jinja,South Eastern Region - Jinja
WHITE STAR PHARMA (U) LIMITED,NDA/PRE/WHP/1058,Wholesale Pharmacy,\N,KITIMBO RD,KITIMBO RD,1024,Human,Kamuli,South Eastern Region - Jinja
WIDE SPECTRUM ENTERPRISES (U) LIMITED,NDA/PRE/WHP/0063,Wholesale Pharmacy,1000032574,"Plot 243, Kamwokya, Tufnel Drive",Tufnel Drive,437,Human,Kampala,Kampala Extra - Akamwesi
WILBERT PHARMACY LIMITED,NDA/PRE/RTP/1355,Retail Pharmacy,\N,Bus Terminal,Bus Terminal,426,Human,Kampala,Kampala Extra - Akamwesi
WILBERT PHARMACY LIMITED,NDA/PRE/RTP/0457,Retail Pharmacy,\N,Martyrs' Church,Martyrs' Church,426,Human,Kampala,Kampala Extra - Akamwesi
WILBERT PHARMACY LTD,NDA/PRE/RTP/0629,Retail Pharmacy,\N,Mbarara Municipality,Mbarara Municipality,1308,Human,Mbarara,South Western Region - Mbarara
CHIBUBU PHARMACY,NDA/PRE/RTP/3433,Retail Pharmacy,1051698647,"NSA MALL, KIWATULE /NTINDA RD",KIWATULE /NTINDA RD,554,Human,Kampala,Kampala Extra - Akamwesi
YAFFE PHARMACY LTD,NDA/PRE/RTP/4474,Retail Pharmacy,\N,KAPEEKA RD,KAPEEKA RD,1451,Human,Nakaseke,Kampala Extra - Akamwesi
YAMWE PHARMACEUTICALS LIMITED,NDA/PRE/RTP/3444,Retail Pharmacy,\N,"NEXT TO SHELL PETROL STATION, ALONG BOMBO RD","NEXT TO SHELL PETROL STATION, ALONG BOMBO RD",1578,Human,Wakiso,Kampala Extra - Akamwesi
YAQ PHARMACY LTD,NDA/PRE/RTP/5123,Retail Pharmacy,\N,LUSAZZE,LUSAZZE,1073,Human,Kampala,Kampala Extra - Akamwesi
YUG PHARMACEUTICALS LTD,NDA/PRE/WHP/1749,Wholesale Pharmacy,\N,Opp. Shell Main,Opp. Shell Main,484,Human,Luweero,Kampala Extra - Akamwesi
YUG PHARMACEUTICALS LTD,NDA/PRE/WHP/1111,Wholesale Pharmacy,\N,Bbale Galiraya Rd,Bbale Galiraya Rd,480,Human,Kayunga,South Eastern Region - Jinja
ZARIN PHARMACEUTICALS LIMITED,NDA/PRE/WHP/1149,Wholesale Pharmacy,\N,ROAD,ROAD,393,Human,Kabarole,Western Region - Hoima
ZEBRA PHARMACY LIMITED,NDA/PRE/WHP/5033,Wholesale Pharmacy,\N,TRADING CENTRE,TRADING CENTRE,1154,Human,Luweero,Kampala Extra - Akamwesi
ZEE INVESTMENTS LTD,NDA/PRE/WHP/1143,Wholesale Pharmacy,\N,PORT RD,PORT RD,596,Human,Masindi,Western Region - Hoima
ZEE INVESTMENTS LTD,NDA/PRE/WHP/0583,Wholesale Pharmacy,1000125052,"PLOT NO.1 MBAGUTA STREET, MBARARA","PLOT NO.1 MBAGUTA STREET, MBARARA",774,Human,Mbarara,South Western Region - Mbarara
ZEE INVESTMENTS LTD,NDA/PRE/RTP/1142,Retail Pharmacy,\N,PORT RD,PORT RD,1486,Human,Masindi,Western Region - Hoima
ZEE PHARMACEUTICALS LIMITED,NDA/PRE/WHP/7544,Wholesale Pharmacy,\N,WILLIAM STREET,WILLIAM STREET,638,Human,Kampala,Kampala Extra - Akamwesi
ZEE PHARMACEUTICALS LIMITED,NDA/PRE/WHP/5267,Wholesale Pharmacy,\N,OPP. KISERA SUPERMARKET,OPP. KISERA SUPERMARKET,804,Human,Wakiso,Kampala Extra - Akamwesi
ZEE PHARMACEUTICALS LIMITED,NDA/PRE/RTP/1240,Retail Pharmacy,\N,PALLISA RD,PALLISA RD,1240,Human,Mbale,Eastern Region - Tororo
ZEE PHARMACEUTICALS LIMITED,NDA/PRE/WHP/0173,Wholesale Pharmacy,\N,Obote Avenue,Obote Avenue,692,Human,Lira,Northern Region - Lira
ZEE PHARMACEUTICALS LIMITED,NDA/PRE/WHP/1241,Wholesale Pharmacy,\N,PALLISA ROAD,PALLISA ROAD,1240,Human,Mbale,Eastern Region - Tororo
ZEE PHARMACEUTICALS LIMITED,NDA/PRE/WHP/9435,Wholesale Pharmacy,1000033254,"AVENUE ROAD, PLOT NO.6",AVENUE ROAD,1888,Human,Arua,West Nile Region - Arua
ZEE PHARMACEUTICALS LIMITED,NDA/PRE/WHP/9392,Wholesale Pharmacy,\N,MARKET STREET,MARKET STREET,1239,Human,Gulu,Northern Region - Lira
ZEE PHARMACEUTICALS LIMITED,NDA/PRE/WHP/0733,Wholesale Pharmacy,\N,WILLIAM STREET,WILLIAM STREET,319,Human,Kampala,Kampala Extra - Akamwesi
ZEST PHARMACY LIMITED,NDA/PRE/RTP/9294,Retail Pharmacy,\N,HOIMA ROAD,HOIMA ROAD,1658,Human,Wakiso,Kampala Extra - Akamwesi
ZINC PHARMACY LIMITED,NDA/PRE/WHP/6443,Wholesale Pharmacy,1015504540,"MATUGGA T/C, OPP. JORUM PHARMACY",OPP. JORUM PHARMACY,1557,Human,Wakiso,Kampala Extra - Akamwesi
FEEL GOOD GENERAL ENTERPRISE LIMITED,NDA/PRE/WHP/0084,Wholesale Pharmacy,1046463602,"KAZO-LUGOBA, KAMPALA","KAZO-LUGOBA, KAMPALA",1745,Human,Kampala,Kampala Extra - Akamwesi
MAGAN COMPANY LIMITED,NDA/PRE/RTP/0041,Retail Pharmacy,1016926225,Kabanyoro road Kamuli Municipal council,Kabanyoro,2131,Human,Kamuli,South Eastern Region - Jinja
Draster Pharmacy Limited,NDA/PRE/WHP/11875,Wholesale Pharmacy,1046532220,Mukono Kayunga Road Nakifuma Town Council  Mukono District,Mukono-Kayunga Road,1828,Human,Mukono,South Eastern Region - Jinja
ECOMEDS SUPPLIES LIMITED,NDA/PRE/WHP/11872,Wholesale Pharmacy,1047604087,"BAHAI ROAD, KYEBANDO, KAWEMPE - KAMPALA","BAHAI ROAD, KYEBANDO",1632,Human,Kampala,Kampala Extra - Akamwesi
ASHAFAR PHARMACY UGANDA LIMITED,NDA/PRE/RTP/11874,Retail Pharmacy,1046394597,"Mbiko town ,Njeru Municipality",Jinja Kampala high way Njeru Municipality,1452,Human,Buikwe,South Eastern Region - Jinja
ACHILLINUS ENTERPRISES LIMITED,NDA/PRE/RTP/11889,Retail Pharmacy,1016742612,Bukerere Road Misindye Goma Division Mukono Municipality,Bukerere Road,677,Human,Mukono,South Eastern Region - Jinja
CALCARE PHARMACY LTD,NDA/PRE/RTP/11873,Retail Pharmacy,1046536704,Next to Reem Mall Nantabulirirwa Goma Division Mukono Municipality,Nantabulirirwa road,328,Human,Mukono,South Eastern Region - Jinja
MAGAN COMPANY LIMITED,NDA/PRE/RTP/11872,Retail Pharmacy,1016926225,BULANGA TOWN COUNCIL LUUKA DISTRICT,BULANGA TOWN COUNCIL,434,Human,Luuka,South Eastern Region - Jinja
PROLIFE PHARMACY,NDA/PRE/WHP/11857,Wholesale Pharmacy,1046395177,"OPPOSITE KIWANUKA ROAD, STELLA T/C, NAJJANANKUMBI, RUBAGA DIVISON",ENTEBBE ROAD,1546,Human,Kampala,Kampala Extra - Akamwesi
NEBULA COMPANY LIMITED,NDA/PRE/WHP/11871,Wholesale Pharmacy,1010456929,KOMAMBOGA,WALIGO ROAD,764,Human,Kampala,Kampala Extra - Akamwesi
TATA UGANDA LTD,NDA/PRE/EXT/11215,External/Annex Store,\N,HOIMA ROAD,HOIMA ROAD,930,Human,Kampala,Kampala Extra - Akamwesi
SHURIK LTD,NDA/PRE/EXT/2289,External/Annex Store,\N,,,236,Human,Kampala,Kampala Extra - Akamwesi
BI LI MEDICAL TECH INTERNATIONAL CO. LTD,NDA/PRE/PMA/11102,Surgical Instruments and Appliances Outlet,\N,MASINDI MUNICIPALITY,MASINDI MUNICIPALITY,,Human,Wakiso,Kampala Extra - Akamwesi
BIOMEDICS PRODUCTS LTD,NDA/PRE/PMA/11441,Surgical Instruments and Appliances Outlet,\N,SHIMONI ROAD,SHIMONI ROAD,,Human,Kampala,Kampala Extra - Akamwesi
DEI BIOPHARMA LTD,NDA/PRE/PMC/11331,Surgical Instruments and Appliances Outlet,\N,BULABIRA ROAD OPP TRANSFORMER,BULABIRA ROAD OPP TRANSFORMER,1020,Human,Wakiso,Kampala Extra - Akamwesi
Aiveen (U) Limited,NDA/PRE/RTP/0334,Retail Pharmacy,1000273517,PLOT 16 WILSON RD,WILSON RD,1427,Human,Kampala,Kampala Extra - Akamwesi
TUKA PHARMACY -SMC LIMITED,NDA/PRE/RTP/1002,Retail Pharmacy,\N,KADUYU RD,KADUYU RD,1711,Human,Wakiso,Kampala Extra - Akamwesi
CAREMAC INVESTMENT LIMITED,NDA/PRE/RTP/10511,Retail Pharmacy,\N,KIBOGA TOWN COUNCIL,KIBOGA TOWN COUNCIL,346,Human,Fort Portal,Western Region - Hoima
NASSO PHARMACY LTD,NDA/PRE/RTP/10759,Retail Pharmacy,\N,SOWETO RD,SOWETO RD,2093,Human,Ssembabule,Central Regional Office - Masaka
TK SMART CARE PHARMACY LTD,NDA/PRE/RTP/10769,Retail Pharmacy,\N,KAMPALA RD,KAMPALA RD,741,Human,Kampala,Kampala Extra - Akamwesi
SPLENIUM MEDICARE PHARMACEUTICALS CO. LTD,NDA/PRE/RTP/10920,Retail Pharmacy,1043025563,"PLOT 1/3 KATETE CENTRAL, MBARARA CITY, KATETE ROAD","PLOT 1/3 KATETE CENTRAL, MBARARA CITY, KATETE ROAD",2078,Human,Mbarara,South Western Region - Mbarara
ACACIA PHARMACY LIMITED,NDA/PRE/RTP/10925,Retail Pharmacy,\N,KAMPALA ROAD,KAMPALA ROAD,1944,Human,Kampala,Kampala Extra - Akamwesi
KARAKORAM PHARMACY SMC LTD,NDA/PRE/RTP/10943,Retail Pharmacy,1050897700,GO DOWN ROAD,GO DOWN ROAD,2180,Human,Arua,West Nile Region - Arua
CAMP-D PHARMACY LIMITED,NDA/PRE/RTP/10945,Retail Pharmacy,1037872885,"OPP CENTRAL HIGH SCH, KASANJE T/C",KASANJE ROAD,1817,Human,Wakiso,Kampala Extra - Akamwesi
UZIIMA PHARMACIES LTD,NDA/PRE/RTP/10964,Retail Pharmacy,\N,"Akright Estate, Sekiwunga","Akright Estate, Sekiwunga",2109,Human,Kanungu,South Western Region - Mbarara
CRISPHARM Pharmacy,NDA/PRE/RTP/11062,Retail Pharmacy,\N,BULINDO ROAD,BULINDO ROAD,2063,Human,Ntungamo,South Western Region - Mbarara
MALSHAMY PHARMACEUTICALS-SMC LIMITED,NDA/PRE/RTP/11065,Retail Pharmacy,1043717311,"IDUDI TRADING CENTER, IDUDI TOWN",IDUDI TRADING CENTER,1847,Human,Bugweri,South Eastern Region - Jinja
AZASIM PHARMACY (U) LTD,NDA/PRE/RTP/11128,Retail Pharmacy,\N,Ndaiga Rd,Ndaiga Rd,2089,Human,Mityana,Western Region - Hoima
NTANDI PHARMACY (U) - SMC LTD,NDA/PRE/RTP/11155,Retail Pharmacy,\N,MAWANDA,MAWANDA,1053,Human,Bundibugyo,Western Region - Hoima
SOLANO PHARMACY,NDA/PRE/RTP/11162,Retail Pharmacy,\N,MASAKA RD,MASAKA RD,1442,Human,Ntungamo,South Western Region - Mbarara
MERY DDEMBE HEALTH CARE - SMC LIMITED,NDA/PRE/RTP/11173,Retail Pharmacy,\N,KAYEMBA RD,KAYEMBA RD,1898,Human,Gomba,Central Regional Office - Masaka
GOODLUCK PHARMACY LTD,NDA/PRE/RTP/11174,Retail Pharmacy,\N,KIVEBULAYA RD,KIVEBULAYA RD,1418,Human,Kampala,Kampala Extra - Akamwesi
DHAALAS INVESTMENTS LIMITED,NDA/PRE/RTP/11177,Retail Pharmacy,1009017915,"Busembatya T/C, Opp. Police Station, Bugweri Rd",Bugweri Rd,2286,Human,Bugweri,South Eastern Region - Jinja
GOD MERCY MEDICAL CENTRE &PHARMACEUTICAL LTD,NDA/PRE/RTP/11187,Retail Pharmacy,\N,MARKET STREET,MARKET STREET,2028,Human,Nwoya,Northern Region - Lira
ADITO LIMITED,NDA/PRE/RTP/11190,Retail Pharmacy,1044286601,"KIKULU TC SONDE, NAMUGONGO ROAD",NAMUGONGO ROAD,1409,Human,Mukono,South Eastern Region - Jinja
J &V PHARMACY UGANDA LIMITED,NDA/PRE/RTP/11200,Retail Pharmacy,\N,HOIMA -FORT PORTAL RD,HOIMA -FORT PORTAL RD,2081,Human,Wakiso,Kampala Extra - Akamwesi
WAAKO PHARMACEUTICAL LTD,NDA/PRE/RTP/11203,Retail Pharmacy,\N,BULANGE,BULANGE,2128,Human,Luweero,Kampala Extra - Akamwesi
BAGUMA PHARMACEUTICALS CO LTD (SMC),NDA/PRE/RTP/11214,Retail Pharmacy,\N,ALONG IBANDA - KAMWENGE ROAD,ALONG IBANDA - KAMWENGE ROAD,2017,Human,Ntungamo,South Western Region - Mbarara
JOJO LIFE PHARMACY UGANDA LIMITED,NDA/PRE/RTP/11230,Retail Pharmacy,\N,KAROLI VILLAGE NABWERU COUNTY,KAROLI VILLAGE NABWERU COUNTY,1227,Human,Kagadi,Western Region - Hoima
YAFFE PHARMACY LTD,NDA/PRE/RTP/11237,Retail Pharmacy,\N,BEN KIWANUKA STREET,BEN KIWANUKA STREET,1626,Human,Nakaseke,Kampala Extra - Akamwesi
FINE PHARMACY LIMITED,NDA/PRE/RTP/11246,Retail Pharmacy,\N,KYEBANDO CENTRAL,KYEBANDO CENTRAL,1667,Human,Ssembabule,Central Regional Office - Masaka
LOCUS BL PHARMACY LTD,NDA/PRE/RTP/11256,Retail Pharmacy,\N,SSABAGABO ROAD,SSABAGABO ROAD,1878,Human,Isingiro,South Western Region - Mbarara
JOOWZEY INVESTMENTS LTD,NDA/PRE/RTP/11261,Retail Pharmacy,\N,JINJA ROAD,JINJA ROAD,1453,Human,Rubirizi,South Western Region - Mbarara
MA &KK PHARMACEUTICALS LTD,NDA/PRE/RTP/11266,Retail Pharmacy,1043649076,"TTULA, NKOYOYO RD, Kawempe",Kawempe Division,2290,Human,Kampala,Kampala Extra - Akamwesi
SENSIR BON PHARMACY LIMITED,NDA/PRE/RTP/11284,Retail Pharmacy,104490697,OPP. LUCKY STAR JUINOR SCH. SENGE,GULU - KAMPALA HIGHWAY,1875,Human,Wakiso,Kampala Extra - Akamwesi
KADEN PHARMACY LIMITED,NDA/PRE/RTP/11296,Retail Pharmacy,\N,,,2070,Human,Wakiso,Kampala Extra - Akamwesi
ATEKER PHARMACY CO. LTD,NDA/PRE/RTP/11306,Retail Pharmacy,\N,MAIN STREET,MAIN STREET,1935,Human,Kakumiro,North Eastern Region - Soroti
ABIDE PHARMACY LIMITED,NDA/PRE/RTP/11307,Retail Pharmacy,1051656785,"Wright Road, Park cell, Central Ward, Hoima City",WRIGHT ROAD,2152,Human,Hoima,Western Region - Hoima
OTTIMO PHARMACEUTICAL LTD,NDA/PRE/RTP/11308,Retail Pharmacy,\N,ALANYU ROAD,ALANYU ROAD,1921,Human,Mukono,South Eastern Region - Jinja
Pubungu Investment Limited,NDA/PRE/RTP/11339,Retail Pharmacy,\N,RUBABO RD,RUBABO RD,1704,Human,Wakiso,Kampala Extra - Akamwesi
E &A PHARMACY AND MEDICARE LIMITED,NDA/PRE/RTP/11340,Retail Pharmacy,\N,NAKAYI ROAD,NAKAYI ROAD,1845,Human,Kampala,Kampala Extra - Akamwesi
JAVAR PHARMACEUTICALS LIMITED,NDA/PRE/RTP/11354,Retail Pharmacy,\N,Sandi road,Sandi road,2111,Human,Kabarole,Western Region - Hoima
FIAT PHARMACY (U) LIMITED,NDA/PRE/RTP/11355,Retail Pharmacy,\N,ENTEBBE ROAD,ENTEBBE ROAD,1086,Human,Wakiso,Kampala Extra - Akamwesi
POLINE PHARMACY LIMITED,NDA/PRE/RTP/11367,Retail Pharmacy,\N,NSIMBIZIWOME,NSIMBIZIWOME,2130,Human,Budaka,Eastern Region - Tororo
FEELWORTH PHARMACY,NDA/PRE/RTP/11386,Retail Pharmacy,\N,WILSON ROAD,WILSON ROAD,1304,Human,Wakiso,Kampala Extra - Akamwesi
NACHEMA PHARMACY LIMITED,NDA/PRE/RTP/11410,Retail Pharmacy,\N,Kasangati-Gayaza Rd,Kasangati-Gayaza Rd,1005,Human,Gulu,Northern Region - Lira
ELONAM PHARMACY LIMITED,NDA/PRE/RTP/11413,Retail Pharmacy,1045917233,"NAKAYIBA, NYENDO, MUKUNGWE","NAKAYIBA, NYENDO, MUKUNGWE",2290,Human,Masaka,Central Regional Office - Masaka
NANYAMA BENAH PHARMACY LIMITED,NDA/PRE/RTP/11424,Retail Pharmacy,\N,KYAGGWE ROAD,KYAGGWE ROAD,2068,Human,Mbale,Eastern Region - Tororo
DONAM 2020 PHARMACEUTICALS LTD,NDA/PRE/RTP/11442,Retail Pharmacy,\N,WASIKE ROAD,WASIKE ROAD,2071,Human,Kagadi,Western Region - Hoima
NEPTUNE PHARMACEUTICALS LTD,NDA/PRE/RTP/11461,Retail Pharmacy,\N,SALAAMA ROAD,SALAAMA ROAD,2104,Human,Mukono,South Eastern Region - Jinja
BEZETHA PHARMACY (U) LTD,NDA/PRE/RTP/11462,Retail Pharmacy,\N,KISAASI - KYANJA RD,KISAASI - KYANJA RD,227,Human,Kampala,Kampala Extra - Akamwesi
MARIANHEALTH PHARMACEUTICALS (U) LTD,NDA/PRE/RTP/11468,Retail Pharmacy,\N,,,2085,Human,Kampala,Kampala Extra - Akamwesi
VIANNE PHARMACY LIMITED,NDA/PRE/RTP/11469,Retail Pharmacy,\N,WRIGHT ROAD,WRIGHT ROAD,1696,Human,Kagadi,Western Region - Hoima
TRANS WRIGHT PHARMACY LIMITED,NDA/PRE/RTP/11473,Retail Pharmacy,\N,Ben Kiwanuka Street,Ben Kiwanuka Street,1590,Human,Masindi,Western Region - Hoima
ABKA PHARMACY LIMITED,NDA/PRE/RTP/11485,Retail Pharmacy,\N,NKONKONJERU T/CENTRE,NKONKONJERU T/CENTRE,1780,Human,Wakiso,Kampala Extra - Akamwesi
MIVEK PHARMACEUTICALS LIMITED,NDA/PRE/RTP/11489,Retail Pharmacy,\N,AT IDDI AMIN RD,AT IDDI AMIN RD,1979,Human,Wakiso,Kampala Extra - Akamwesi
TYME GOLD PHARMACEUTICALS - SMC LTD,NDA/PRE/RTP/11500,Retail Pharmacy,\N,KUMI ROAD -,KUMI ROAD -,570,Human,Kampala,Kampala Extra - Akamwesi
GEPHEN ENTERPRISES (U) LIMITED,NDA/PRE/RTP/11512,Retail Pharmacy,\N,SOYA-BUNGA,SOYA-BUNGA,2093,Human,Wakiso,Kampala Extra - Akamwesi
GENIUS HEALTHCARE PHARMACY,NDA/PRE/RTP/11519,Retail Pharmacy,\N,KYEBAMBE ROAD,KYEBAMBE ROAD,,Human,Kampala,Kampala Extra - Akamwesi
KIKABI EDWARD AND FAMILY INVESTMENTS LIMITED,NDA/PRE/RTP/11524,Retail Pharmacy,\N,Hospital Road,Hospital Road,2079,Human,Kiboga,Western Region - Hoima
NAHOM PHARMACY LTD,NDA/PRE/RTP/11544,Retail Pharmacy,\N,Kinga,Kinga,1893,Human,Kampala,Kampala Extra - Akamwesi
COMPASS PHARMACY (U) LIMITED,NDA/PRE/RTP/1160,Retail Pharmacy,1038529872,PLOT 8A KAMPALA ROAD KYENJOJO,PLOT 8A KAMPALA ROAD KYENJOJO,1086,Human,Kyenjojo,Western Region - Hoima
LIVEWELL PHARMACY - SMC LTD,NDA/PRE/RTP/3665,Retail Pharmacy,1028002013,PLOT 15 BAKANDULA BLD'G RUBAGA RD,Road,2198,Human,Kampala,Kampala Extra - Akamwesi
LIFELONG PHARMACY,NDA/PRE/RTP/4357,Retail Pharmacy,1015254266,"CENTRAL MARKET AREA, KAMPALA ROAD","CENTRAL MARKET AREA, KAMPALA ROAD",1959,Human,Wakiso,Kampala Extra - Akamwesi
NUETRON CO. LIMITED,NDA/PRE/RTP/5043,Retail Pharmacy,1044565060,"KALISIZO TOWN COUNCIL, KYOTERA","KALISIZO TOWN COUNCIL, KYOTERA",665,Human,Kyotera,Central Regional Office - Masaka
VINTAGE VENTURES LIMITED,NDA/PRE/RTP/5803,Retail Pharmacy,1014435365,"Plot 2188, Block385, Busiro, Akright Estate, Sekiwunga","Plot 2188, Block385, Busiro, Akright Estate, Sekiwunga",1221,Human,Wakiso,Kampala Extra - Akamwesi
GUARDIAN HEALTH LIMITED,NDA/PRE/RTP/5987,Retail Pharmacy,1003583706,"FRAINE SUPERMARKET BLD'G, BULINDO ROAD","FRAINE SUPERMARKET BLD'G, BULINDO ROAD",1367,Human,Wakiso,Kampala Extra - Akamwesi
WALGREENS GENERAL SUPPLIES - SMC LTD,NDA/PRE/RTP/6469,Retail Pharmacy,1035344036,"BWAISE BUSINESS CENTRE, SHOP A14",BWAISE - KAMPALA ROAD,1559,Human,Kampala,Kampala Extra - Akamwesi
NYUNYUZI PHARMACY LTD,NDA/PRE/RTP/6725,Retail Pharmacy,1018582626,"Opp Muhorro Town Council Offices, Ndaiga Rd",Ndaiga Rd,1417,Human,Kagadi,Western Region - Hoima
REWARDS PHARMACY LTD,NDA/PRE/RTP/7093,Retail Pharmacy,1027391431,CORNER HOUSE MAWANDA ROAD,CORNER HOUSE MAWANDA ROAD,1995,Human,Kampala,Kampala Extra - Akamwesi
HELIX PHARMACY LIMITED,NDA/PRE/RTP/7330,Retail Pharmacy,1043861640,"MAYA 14 MILES TRADING CENTRE,MASAKA HIGHWAY",MASAKA HIGHWAY,2121,Human,Wakiso,Kampala Extra - Akamwesi
TJB MODERN PHARMACY LTD,NDA/PRE/RTP/7816,Retail Pharmacy,1013736841,"OPP BULANGE BLDG , MENGO",KIVEBULAYA RD,798,Human,Kampala,Kampala Extra - Akamwesi
VIXEN PHARMACY LIMITED,NDA/PRE/RTP/8329,Retail Pharmacy,1026935783,KAJJANSI TRADING CENTRE,KAJJANSI TRADING CENTRE,1863,Human,Wakiso,Kampala Extra - Akamwesi
HOIMA PHARMA LIMITED,NDA/PRE/RTP/8387,Retail Pharmacy,1026974348,"BUSINSI T/C , WEST DIVISION, HOIMA -FORT PORTAL RD",HOIMA -FORT PORTAL RD,1821,Human,Hoima,Western Region - Hoima
MEDICUB VENTURES LIMITED,NDA/PRE/RTP/9209,Retail Pharmacy,\N,,,1700,Human,Ibanda,South Western Region - Mbarara
TRONIC MEDICAL SUPPLIES LTD,NDA/PRE/SIA/11319,Surgical Instruments and Appliances Outlet,1018517643,"SHOP A5278 SECOND FLOOR, ARUA PARK PLAZA BEN KIWANUKA STREET",BEN KIWANUKA STREET,\N,Human,Kampala,Kampala Extra - Akamwesi
KHODIYAR CARE UGANDA LTD,NDA/PRE/SIA/11327,Surgical Instruments and Appliances Outlet,\N,,,,Human,Kampala,Kampala Extra - Akamwesi
IVY MEDICAL SUPPLIES (U) LTD,NDA/PRE/SIA/11329,Surgical Instruments and Appliances Outlet,\N,,,,Human,Kampala,Kampala Extra - Akamwesi
TISSUE AND HYGIENE LTD,NDA/PRE/SIA/11423,Surgical Instruments and Appliances Outlet,\N,,,,Human,Wakiso,Kampala Extra - Akamwesi
VIDA AFRICA LTD,NDA/PRE/WHP/0827,Wholesale Pharmacy,1018463927,,,1114,Human,Kampala,Kampala Extra - Akamwesi
AAFIYA (A) LIMITED,NDA/PRE/WHP/10736,Wholesale Pharmacy,\N,,,2132,Human,Kiryandongo,Western Region - Hoima
DALNAM EMPIRE LIMITED,NDA/PRE/WHP/10765,Wholesale Pharmacy,\N,,,1481,Human,Wakiso,Kampala Extra - Akamwesi
ABANASSA VETERINARY SERVICES LTD,NDA/PRE/WHP/10770,Wholesale Pharmacy,1042341820,"Plot No. 65 Main Street,_x000D_Ibanda Municipality",MAIN STREET,2202,Human,Ibanda,South Western Region - Mbarara
ACTIPHARM PHARMACY &GENERAL MEDICAL SERVICE,NDA/PRE/WHP/10832,Wholesale Pharmacy,1035487137,"Bukesa, Nakulabye Makerere Rd",Nakulabye Makerere Rd,1763,Human,Kampala,Kampala Extra - Akamwesi
Salvation Pharmacy,NDA/PRE/WHP/10977,Wholesale Pharmacy,\N,,,1252,Human,Soroti,North Eastern Region - Soroti
HEALTH CURE PHARMACEUTICALS (U) LIMITED,NDA/PRE/WHP/11119,Wholesale Pharmacy,1010749431,"Opp. Total II Petrol Station, Plot 74 Pager Crescent Street Rd,Kitgum","Crescent Street Rd,",1181,Human,Kitgum,Northern Region - Lira
ETAN PHARMACY LIMITED,NDA/PRE/WHP/11120,Wholesale Pharmacy,\N,,,2077,Human,Kakumiro,Western Region - Hoima
NYC PHARMACEUTICALS LIMITED,NDA/PRE/WHP/11183,Wholesale Pharmacy,\N,,,575,Human,Rukungiri,South Western Region - Mbarara
ALIKA-N WHOLESALE PHARMACY,NDA/PRE/WHP/11257,Wholesale Pharmacy,\N,,,1311,Human,Isingiro,South Western Region - Mbarara
SEVEN HILLS PHARMA LTD,NDA/PRE/WHP/11282,Wholesale Pharmacy,\N,,,952,Human,Wakiso,Kampala Extra - Akamwesi
GREM-BES PHARMACY,NDA/PRE/WHP/11314,Wholesale Pharmacy,\N,,,1922,Human,Mbarara,South Western Region - Mbarara
ABACUS PHARMA (AFRICA) LTD,NDA/PRE/WHP/11332,Wholesale Pharmacy,\N,,,524,Human,Wakiso,Kampala Extra - Akamwesi
AO AVISON PHARMACEUTICALS LTD,NDA/PRE/WHP/11361,Wholesale Pharmacy,\N,,,2068,Human,Tororo,Eastern Region - Tororo
AFRICA BRANDS ARCADE LIMITED,NDA/PRE/WHP/11364,Wholesale Pharmacy,1006674050,KATI HOUSE,KYAGGWE ROAD,1997,Human,Kampala,Kampala Extra - Akamwesi
AR-RAZAQ PHARMACY LIMITED,NDA/PRE/WHP/11365,Wholesale Pharmacy,1044025826,"Plot No. 16 Wasike Road, Busia Municipality; Busia District",WASIKE ROAD,2258,Human,Tororo,Eastern Region - Tororo
Keveron Pharmacy Ltd,NDA/PRE/WHP/11380,Wholesale Pharmacy,\N,,,1414,Human,Kampala,Kampala Extra - Akamwesi
TAHA HEALTHCARE CO. LTD,NDA/PRE/WHP/11562,Wholesale Pharmacy,1043737498,"FOURTH FLOOR, US MALL, KISAASI - KYANJA ROAD , KAMPALA",KISAASI - KYANJA ROAD,608,Human,Kampala,Kampala Extra - Akamwesi
CORAZON PHARMACY LTD,NDA/PRE/WHP/11577,Wholesale Pharmacy,\N,,,1816,Human,Kampala,Kampala Extra - Akamwesi
PHARMA VILLE LIMITED,NDA/PRE/WHP/2033,Wholesale Pharmacy,\N,,,1523,Human,Hoima,Western Region - Hoima
AIM PHARMACEUTICALS LTD,NDA/PRE/WHP/2269,Wholesale Pharmacy,1026409984,"SP PLAZA, WILLIAM STREET",WILLIAM STREET,977,Human,Kampala,Kampala Extra - Akamwesi
ABUCUS DRUG STORE (A) -SMC LIMITED,NDA/PRE/WHP/4455,Wholesale Pharmacy,80020000921437,"NKONKONJERU T/CENTRE, BUIKWE",NKONKONJERU T/CENTRE,2216,Human,Buikwe,South Eastern Region - Jinja
GREEN PLUS PHARMACEUTICALS LIMITED,NDA/PRE/WHP/6163,Wholesale Pharmacy,1003214823,"Avenue Road, Opp Equity Bank",AT IDDI AMIN RD,1993,Human,Arua,West Nile Region - Arua
MALIX PHARMA (U) LTD,NDA/PRE/WHP/6492,Wholesale Pharmacy,\N,,,967,Human,Mbale,Eastern Region - Tororo
AAFIYA (A) LIMITED,NDA/PRE/WHP/6970,Wholesale Pharmacy,\N,,,892,Human,Kampala,Kampala Extra - Akamwesi
Pentagon Pharmaceuticals,NDA/PRE/WHP/7359,Wholesale Pharmacy,1015880503,"Central Zone, Fortportal",LUGARD STREET,1963,Human,Fort Portal,Western Region - Hoima
AL-UMA TRADE PHARMACEUTICALS LTD,NDA/PRE/WHP/7622,Wholesale Pharmacy,1042388794,Hospital road next to yy bus Terminal,Hospital road next to yy bus Terminal,1536,Human,Arua,West Nile Region - Arua
Royal Pharma 2011 Limited,NDA/PRE/WHP/1452,Wholesale Pharmacy,1001002018,ALDINA ROAD OPP - JINJA CENTRAL MARKET,"PLOT 11, ALDINA ROAD, JINJA",1086,Human,Jinja,South Eastern Region - Jinja
JOLILABS,NDA/PRE/WHP/0037,Wholesale Pharmacy,1032409013,JINJA ROAD MUKONO MUNICIPAL COUNCIL,JINJA ROAD,2037,Human,Mukono,South Eastern Region - Jinja
TAKWANA PHARMACY,NDA/PRE/RTP/11875,Retail Pharmacy,1040168419,Busika road kyampisi mukono district,busika road kyampisi,2126,Human,Mukono,South Eastern Region - Jinja
AIMOR HEALTH CARE PHARMACY LIMITED,NDA/PRE/RTP/0378,Retail Pharmacy,1046844415,Jinja kampala highway seeta.,Jinja kampala highway seeta.,419,Human,Mukono,South Eastern Region - Jinja
CGS GENERAL ENTERPRISES LTD,NDA/PRE/SIA/11856,Surgical Instruments and Appliances Outlet,1000046413,"WAMALA CLOSE,NAJJANNANKUMBI-KAMPALA",WAMALA ROAD,\N,Medical Devices,Kampala,Kampala Extra - Akamwesi
CARETON PHARMACEUTICALS LTD,NDA/PRE/RTP/11864,Retail Pharmacy,1014058905,"NALONGO HOUSE, GANDA - KYEBANDO RD. NANSANA MUNICIPALITY",GANDA - KYEBANDO RD,882,Human,Wakiso,Kampala Extra - Akamwesi
MEDICORE HEALHCARE EA LTD,NDA/PRE/SIA/0007,Surgical Instruments and Appliances Outlet,1015682164,NALUBEGA ARCADE,BOMBO ROAD,\N,Medical Devices,Kampala,Kampala Extra - Akamwesi
MEGA COLLACTIVE SYSTEMS LTD,NDA/PRE/SIA/11858,Surgical Instruments and Appliances Outlet,\N,NAMERE,BUWAMBO ROAD,\N,Medical Devices,Kampala,Kampala Extra - Akamwesi
Mukwano pharmaceuticals,NDA/PRE/WHP/11860,Wholesale Pharmacy,1000760326,Seeta Town Mukono,Seeta Kampala road Seeta town,1021,Human,Mukono,South Eastern Region - Jinja
ALPHA OPTICAL GALLERY,NDA/PRE/SIA/0042,Surgical Instruments and Appliances Outlet,1048302739,"RENE PLAZA, WILLIAM STREET- KAMPALA",WILLIAM STREET,\N,Medical Devices,Kampala,Kampala Extra - Akamwesi
Ocare Health Limited Pharmacy,NDA/PRE/WHP/11856,Wholesale Pharmacy,1018693403,"G &H Plaza, Kisaasi T/C, Nakawa division.","G &H Plaza, Kisaasi T/C, Nakawa division.",2203,Human,Kampala,Kampala Extra - Akamwesi
HASTEN DIAGNOSTIC CENTRE LTD,NDA/PRE/SIA/11861,Surgical Instruments and Appliances Outlet,1018339736,MENGO,KASALINA ROAD,\N,Medical Devices,Kampala,Kampala Extra - Akamwesi
NAKASONGOLA PHARMACY LTD,NDA/PRE/RTP/0043,Retail Pharmacy,1047410926,MARIA DEZI PARK PLAZA- NAKASONGOLA,SASIRA ROAD.,1889,Human,Nakasongola,Kampala Extra - Akamwesi
JANAM CARE PHARMACY,NDA/PRE/WHP/0040,Wholesale Pharmacy,1008899520,MUNICIPALITY - TORORO,NAGONGERA ROAD,2089,Human,Tororo,Eastern Region - Tororo
VIOFIL INVESTMENTS LIMITED,NDA/PRE/RTP/11878,Retail Pharmacy,1016127808,"SSALONGO'S PLAZA, ROOM 3, NEXT TO THE TURN TO TORI GARDENS, SSISA ROAD - KITENDE, KAJJANSI TOWN COUN",SSISA ROAD - KITENDE,1515,Human,Wakiso,Kampala Extra - Akamwesi
RENE BIOTECH LIMTED,NDA/PRE/RTP/11856,Retail Pharmacy,1055412753,"Shop No. LGF 02, Plot 20, Rene Plaza",William Street,795,Human,Kampala,Kampala Extra - Akamwesi
SAFE LIFE SCIENTIFIC COMPANY LTD,NDA/PRE/SIA/11857,Surgical Instruments and Appliances Outlet,1046211074,"KIMBEJJA VILLAGE,NALYA",CHARLES OGWEL LANE,\N,Medical Devices,Wakiso,Kampala Extra - Akamwesi
PLUS ONE OPTICAL SUPPLIES LTD,NDA/PRE/SIA/0030,Surgical Instruments and Appliances Outlet,1022447237,"TWESE PLAZA,CENTRAL DIVISION KAMPALA",WILSON ROAD,\N,Medical Devices,Kampala,Kampala Extra - Akamwesi
AKIMEDICARE (U) LTD,NDA/PRE/SIA/0004,Surgical Instruments and Appliances Outlet,1034867780,"QUEEN'S PALACE,MPERERWE ,KAWEMPE DIVISION ,KAMPALA",GAYAZA ROAD,\N,Medical Devices,Kampala,Kampala Extra - Akamwesi
BARIKI EXIM PHARMA LTD,NDA/PRE/WHP/11858,Wholesale Pharmacy,1046819578,"Room G-13, The Mall Building, Wilson Road","Room G-13, The Mall Building, Wilson Road",2077,Human,Kampala,Kampala Extra - Akamwesi
BRIDE HOUSE LTD,NDA/PRE/SIA/11860,Surgical Instruments and Appliances Outlet,1000220916,"PLOT 333, HOLY MARK COMPLEX,NAMUGONGO",NAMUGONGO ROAD,\N,Medical Devices,Wakiso,Kampala Extra - Akamwesi
Tsuri Pharmacy Limited,NDA/PRE/WHP/11859,Wholesale Pharmacy,10033399328,"Rubis Petrostation Wankulukuku Road, Rubaga Division","Rubis Petrostation Wankulukuku Road, Rubaga Division",1870,Human,Kampala,Kampala Extra - Akamwesi
FROLIVE PHARMACY LIMITED,NDA/PRE/RTP/11894,Retail Pharmacy,1015916838,KLAM COMPLEX RM 5 AND 6 OPPOSITE GREEN LEAF NURSERY AND PRIMARY SCHOOL-WAKISO,katale road,981,Human,Wakiso,Kampala Extra - Akamwesi
RAPHA PHARMACUITICALS,NDA/PRE/RTP/11876,Retail Pharmacy,103976993,MBIKO TRADING CENTRE NJERU MUNICIPAL COUNCIL,JINJA KAMPALA HIGH WAY,1970,Human,Buikwe,South Eastern Region - Jinja
ORTHODOX MISSION PHARMACY LTD,NDA/PRE/WHP/11883,Wholesale Pharmacy,1047273217,"BUGEMBE TRADING CENTRE , CATHEDRAL ROAD, JINJA CITY",CATHEDRAL ROAD,1524,Human,Jinja,South Eastern Region - Jinja
PARAMOUNT PHARMACEUTICALS,NDA/PRE/WHP/11861,Wholesale Pharmacy,1012362503,"SEMAKOKILO PLAZA, OLD-KIRA ROAD, NAKAWA DIVISION","SEMAKOKILO PLAZA, OLD-KIRA ROAD, NAKAWA DIVISION",1962,Human,Kampala,Kampala Extra - Akamwesi
MEDMINDER PHARMACEUTICAL COMPANY-SMC LIMITED,NDA/PRE/WHP/0034,Wholesale Pharmacy,1032665773,KIRYATETE EASTHOIMA,"PLOT 17, KIRYATETE EAST , HOIMA",1464,Human,Hoima,Western Region - Hoima
TEMAT PHARMACY LIMITED,NDA/PRE/RTP/0133,Retail Pharmacy,1045788889,BUKWIRI TRADING CENTER,KAMPALA - HOIMA ROAD,2004,Human,Kyankwanzi,Western Region - Hoima
ROD-ICCARE PHARMACY LTD,NDA/PRE/RTP/11857,Retail Pharmacy,1047308351,"NEXT TO STABEX LWEZA, MAKINDYE SSABAGABO MUNICIPALITY","NEXT TO STABEX LWEZA, MAKINDYE SSABAGABO MUNICIPALITY",2096,Human,Wakiso,Kampala Extra - Akamwesi
DOBYE PHARMACY (U) LTD,NDA/PRE/WHP/0035,Wholesale Pharmacy,1047383452,KIJURA CELL,MASINDI - HOIMA ROAD,1621,Human,Masindi,Western Region - Hoima
POTKOO PHARMACEUTICAL LIMITED,NDA/PRE/RTP/11859,Retail Pharmacy,1046845133,"PLOT 6 , CORNER H'SE NEXT TO KITGUM GENERAL HOSPITAL, , UHURU DRIVE","PLOT 6, UHURU DRIVE",1532,Human,Kitgum,Northern Region - Lira
ASPIN DRUG STORES,NDA/PRE/RTP/11877,Retail Pharmacy,1040097523,"AT KITUBULU, NTANDA-BUNONO, LEILAH BLD'G, KATABI - WAKISO",NTANDA-BUNONO,1991,Human,Wakiso,Kampala Extra - Akamwesi
JEZREEL PHARMACY LIMITED,NDA/PRE/RTP/11868,Retail Pharmacy,1047141297,BUWENGE TOWN COUNCIL JINJA DISTRICT,KAMULI ROAD,1476,Human,Jinja,South Eastern Region - Jinja
INDEX MEDICAL STORE LTD,NDA/PRE/SIA/0003,Surgical Instruments and Appliances Outlet,1024865254,NYUMBWA KUBWA BUILDING -CENTRAL DIVISION,BEN KIWANUKA STREET,\N,Medical Devices,Kampala,Kampala Extra - Akamwesi
KASA MEDICAL SUPPLIES LIMITED,NDA/PRE/SIA/11859,Surgical Instruments and Appliances Outlet,1036958689,"KINGS TOWER BUILDING ,KABALAGALA-MAKINDYE DIVISION",GGABA ROAD,\N,Medical Devices,Kampala,Kampala Extra - Akamwesi
LITE TECH MEDICAL &LABORATORY EQUIPMENTS,NDA/PRE/SIA/0006,Surgical Instruments and Appliances Outlet,\N,"SECOND FLOOR ,RENE PLAZA -CENTRAL DIVISION",WILLIAM STREET,\N,Medical Devices,Kampala,Kampala Extra - Akamwesi
MICROBIO SERVICES LIMITED,NDA/PRE/SIA/0002,Surgical Instruments and Appliances Outlet,1044397402,"PLOT 118,BUKOTO -CENTRAL DIVISION",BUKOTO STREET,\N,Medical Devices,Kampala,Kampala Extra - Akamwesi
ASPIN DRUG STORES PHARMACY,NDA/PRE/RTP/0046,Retail Pharmacy,1040097523,Kayunga Road Naluwerere Naminya Njeru Municipality Buikwe District.,Kayunga Road,2239,Human,Buikwe,South Eastern Region - Jinja
ROYAL CLOUDS MEDICAL CENTRE KAPCHORWA LIMITED,NDA/PRE/WHP/11884,Wholesale Pharmacy,1047465246,MAIN STREET - KUBILAT CENTRAL - TINGEY (KASEREM) - KAPCHORWA,MAIN STREET,2098,Human,Kapchorwa,Eastern Region - Tororo
TRIPLE CARE PHARMACY (U) LIMITED,NDA/PRE/RTP/11871,Retail Pharmacy,1047317395,"KITWE TOWN COUNCIL -  RUHAMA , NTUNGAMO DISTRICT",KITWE TOWN COUNCIL,1941,Human,Ntungamo,South Western Region - Mbarara
GORMBETH (U) LIMITED,NDA/PRE/RTP/11890,Retail Pharmacy,1034382414,"Byaruhangaâ€™s House, Kanungu town Council","Katate Road, Toward Kanungu HC IV",2080,Human,Kanungu,South Western Region - Mbarara
ZENOTEK SCIENTIFIC SUPPLIES LTD,NDA/PRE/SIA/11867,Surgical Instruments and Appliances Outlet,1033698588,PLOT 591 KIREKA,NAMUGONGO ROAD,\N,Medical Devices,Wakiso,Kampala Extra - Akamwesi
SYNED VENTURES UG - SMC LTD,NDA/PRE/RTP/11861,Retail Pharmacy,1047159054,"BLOCK 274, PLOT 205, MPUNGA MUMYUKA","BLOCK 274, PLOT 205, MPUNGA MUMYUKA , WAKISO",2010,Human,Wakiso,Kampala Extra - Akamwesi
APOTEK PHARMA AND MEDICAL SUPPLIES LTD,NDA/PRE/RTP/9590,Retail Pharmacy,1016132123,"NAMASUBA 2, AFTER BAMAKO ARCADE - ALONG ENTEBBE RD",ALONG ENTEBBE RD,1496,Human,Wakiso,Kampala Extra - Akamwesi
LOX KAKINDO LIMITED,NDA/PRE/RTP/0303,Retail Pharmacy,1047534330,"Hoima - Kakumiro Rd, Opp Majeru Rd junction, Kakindo Town Council",HOIMA - KAKUMIRO ROAD,2281,Human,Kakumiro,Western Region - Hoima
NATASHAZ PHARMACY LIMITED,NDA/PRE/RTP/9483,Retail Pharmacy,1033260797,"Shop No.2 Kazo Town Council, Kazo-Rushere Road",Kazo-Rushere Road,1437,Human,Kiruhura,South Western Region - Mbarara
KISOBOKA PHARMACY-SMC LIMITED,NDA/PRE/WHP/6236,Wholesale Pharmacy,1017837949,"IDUDI TOWN COUNCIL, BUSIA-IGANGA HIGHWAY",BUSIA-IGANGA HIGHWAY,1357,Human,Bugweri,South Eastern Region - Jinja
STRANK PHARMACY LTD,NDA/PRE/RTP/4528,Retail Pharmacy,\N,KATALA ZONE,KATALA ZONE,1292,Human,Nakaseke,Kampala Extra - Akamwesi
AIM PHARMACEUTICALS LTD,NDA/PRE/RTP/0835,Retail Pharmacy,1026409984,"SHOP No.4, BHATIA BUILDING, WILSON ROAD, CENTRAL DIVISION, KAMPALA.","SHOP No.4, BHATIA BUILDING, WILSON ROAD, CENTRAL DIVISION, KAMPALA.",1952,Human,Kampala,Kampala Extra - Akamwesi
BLIDA PHARMACY,NDA/PRE/RTP/11768,Retail Pharmacy,\N,KAMPALA-MASAKA ROAD,KAMPALA-MASAKA ROAD,,Human,Wakiso,Kampala Extra - Akamwesi
EKAR AGROSCIENCE LTD,NDA/PRE/WHP/11766,Wholesale Pharmacy,1042666366,WANKULUKUKU ROAD KABOWA ZONE MUTUNDWE,WANKULUKUKU ROAD KABOWA ZONE MUTUNDWE,2114,Veretinary,Kampala,Kampala Extra - Akamwesi
VIP PHARMACY,NDA/PRE/WHP/11767,Wholesale Pharmacy,1046989045,"NALUKENKE SUPERIOR MALL- MUKONO MUNICIPALITY, SIR. ALBERT ROAD",SIR. ALBERT ROAD,1975,Human,Mukono,South Eastern Region - Jinja
DHD PHARMACY LIMITED,NDA/PRE/RTP/11763,Retail Pharmacy,1046910230,KIKUUBE BUHIMBA TOWN COUNCIL,HOIMA-KYENJOJO ROAD,1916,Human,Kikuube,Western Region - Hoima
MID LEAF PHARMACY LTD,NDA/PRE/RTP/5447,Retail Pharmacy,\N,"Sonde Rd, Namugongo","Sonde Rd, Namugongo",2118,Human,Wakiso,Kampala Extra - Akamwesi
Little Hearts Pharmacy,NDA/PRE/WHP/11764,Wholesale Pharmacy,\N,Market street,Market street,,Human,Ngora,North Eastern Region - Soroti
GOSAPE DEVELOPMENTS LIMITED,NDA/PRE/WHP/5154,Wholesale Pharmacy,\N,,,274,Human,Kampala,Kampala Extra - Akamwesi
LLOYDS PHARMACY UGANDA LIMITED,NDA/PRE/RTP/5406,Retail Pharmacy,\N,MITYANA RD,MITYANA RD,1921,Human,Wakiso,Kampala Extra - Akamwesi
"CHRISTINE,JENIS PHARMACY LTD",NDA/PRE/WHP/5304,Wholesale Pharmacy,\N,Kyaliwajjala Road,Kyaliwajjala Road,949,Human,Wakiso,Kampala Extra - Akamwesi
SPRINGER BIOMET (U) LTD,NDA/PRE/SIA/11810,Surgical Instruments and Appliances Outlet,101482486,PRINCE CHARLES DRIVE,PRINCE CHARLES DRIVE,\N,Human,Kampala,Kampala Extra - Akamwesi
TWONGI PHARMACEUTICALS LTD,NDA/PRE/RTP/11802,Retail Pharmacy,\N,"Plot 27, Park Road","Plot 27, Park Road",1994,Human,Ntungamo,South Western Region - Mbarara
URBANMED HEALTHCARE SERVICES LTD,NDA/PRE/RTP/11783,Retail Pharmacy,\N,NTINDA KISAASI ROAD,NTINDA KISAASI ROAD,1130,Human,Kampala,Kampala Extra - Akamwesi
REHMA CARE PHARMACY LTD,NDA/PRE/RTP/11781,Retail Pharmacy,\N,HOSPITAL ROAD,HOSPITAL ROAD,2045,Human,Kasese,South Western Region - Mbarara
MARCHELLE PHARMACY LTD,NDA/PRE/WHP/11780,Wholesale Pharmacy,\N,NEAR SERERE DISTRICT HEADQUARTERS-SOROTI ROAD,NEAR SERERE DISTRICT HEADQUARTERS-SOROTI ROAD,,Human,Serere,North Eastern Region - Soroti
MELO PHARMACEUTICALS LTD,NDA/PRE/WHP/11748,Wholesale Pharmacy,1009592276,"KINGSWAY PLAZA, NAKIVUBO PLACE",NAKIVUBO ROAD,1709,Veretinary,Kampala,Kampala Extra - Akamwesi
INSAF PHARMACY,NDA/PRE/WHP/11747,Wholesale Pharmacy,\N,High street,High street,,Human,Mbarara,South Western Region - Mbarara
HICA'S PHARMACEUTICALS LIMITED,NDA/PRE/RTP/6058,Retail Pharmacy,\N,FORT PORTAL - MUBENDE HIGHWAY,FORT PORTAL - MUBENDE HIGHWAY,1681,Human,Kyegegwa,Western Region - Hoima
FOS PHARMACEUTICALS LIMITED,NDA/PRE/WHP/11621,Wholesale Pharmacy,\N,ENTEBBE ROAD,ENTEBBE ROAD,539,Human,Wakiso,Central Regional Office - Masaka
NETAZZA MEDICAL STORES LTD,NDA/PRE/SIA/11624,Surgical Instruments and Appliances Outlet,\N,WILSON ROAD,WILSON ROAD,,Human,Kampala,Kampala Extra - Akamwesi
MARUTI PHARMA LIMITED,NDA/PRE/WHP/11616,Wholesale Pharmacy,\N,PLOT NO. 46 - KUMI-SOROTI ROAD,PLOT NO. 46 - KUMI-SOROTI ROAD,1783,Human,Mbale,Eastern Region - Tororo
KEZA PHARMACY SERVICES LTD,NDA/PRE/WHP/11618,Wholesale Pharmacy,\N,main street,main street,1901,Human,Lyantonde,South Western Region - Mbarara
NAWODYA ENTERPRSIES (U) LTD,NDA/PRE/RTP/11614,Retail Pharmacy,1046004671,"WAGAGAI - BUDADIRI TOWN - SIRONKO, NAMAGUMBA-BUDADIRI ROAD",NAMAGUMBA-BUDADIRI ROAD,2067,Human,Sironko,Eastern Region - Tororo
KARIHO PHARMACEUTICAL COMPANY LTD,NDA/PRE/RTP/11615,Retail Pharmacy,1046457920,Bukoto Northern bypass round about,Bukoto Northern bypass round about,1664,Human,Kampala,Kampala Extra - Akamwesi
ZEE INVESTMENTS LTD,NDA/PRE/WHP/11740,Wholesale Pharmacy,1000125052,"Plot 36 _x000D_High Street Mbarara city, Next to Post Office Mbarara","PLOT 36 HIGHSTREET, GBK PLAZA, OPP STANBIC, KAMUKUZI MBARARA CITY",1124,Human,Mbarara,South Western Region - Mbarara
SSISA PHARMACY - SMC LIMITED,NDA/PRE/RTP/11607,Retail Pharmacy,\N,,,971,Human,Wakiso,Central Regional Office - Masaka
LIFE MEDICURE PHARMA SMC LTD,NDA/PRE/WHP/11734,Wholesale Pharmacy,1016902662,"Bunamway Trading Center, Off Wankulukuku road",Off Wankulukuku road,514,Human,Wakiso,Kampala Extra - Akamwesi
NATAMBA PHARMACEUTICAL COMPANY,NDA/PRE/RTP/11715,Retail Pharmacy,\N,Mbarara-Ntungamo Road,Mbarara-Ntungamo Road,,Human,Mbarara,South Western Region - Mbarara
BWEZA MEDICARE LTD,NDA/PRE/RTP/11716,Retail Pharmacy,1046015586,"KIBUYE,  KIBUYE - NSAMBYA RD",KIBUYE - NSAMBYA RD,2147,Human,Kampala,Kampala Extra - Akamwesi
RAPHARM UG LTD,NDA/PRE/RTP/11717,Retail Pharmacy,1045918690,"MAKERERE 2, NANFUBAMBI RD",NANFUBAMBI RD,2163,Human,Kampala,Kampala Extra - Akamwesi
CODNUS PHARMACEUTICALS (U) LTD,NDA/PRE/RTP/11701,Retail Pharmacy,\N,Kasagama Road,Kasagama Road,1263,Human,Kasese,South Western Region - Mbarara
SOINS IMPEX UGANDA LTD,NDA/PRE/WHP/11703,Wholesale Pharmacy,\N,"WAKIMESE, KYENGERA, BUSIRO EAST","WAKIMESE, KYENGERA, BUSIRO EAST",1257,Human,Wakiso,Kampala Extra - Akamwesi
ZHENGTU MAO ANIMAL AND HUMAN DRUG INDUSTRIES,NDA/PRE/SIA/11702,Surgical Instruments and Appliances Outlet,\N,HASSAN BULWADDA ROAD,HASSAN BULWADDA ROAD,,Human,Wakiso,Kampala Extra - Akamwesi
SPECPHARM-PHARMACEUTICALS LTD,NDA/PRE/RTP/11695,Retail Pharmacy,\N,Kalera road,Kalera road,1561,Human,Bundibugyo,Western Region - Hoima
NAFLO PHARMACY LIMITED,NDA/PRE/RTP/11696,Retail Pharmacy,\N,MASAKA RD,MASAKA RD,2027,Human,Lwengo,Central Regional Office - Masaka
BUKUNJA PHARMACY LTD,NDA/PRE/RTP/11698,Retail Pharmacy,\N,MBARARA RD,MBARARA RD,1122,Human,Lwengo,Central Regional Office - Masaka
Silva Investments Company limited,NDA/PRE/EXT/11694,External/Annex Store,\N,High street,High street,1379,Human,Mbarara,South Western Region - Mbarara
Provan Pharmacy Limited,NDA/PRE/RTP/11692,Retail Pharmacy,\N,Busabala Road,Busabala Road,1434,Human,Wakiso,Kampala Extra - Akamwesi
JOZTEE HOLDINGS LTD,NDA/PRE/SIA/11690,Surgical Instruments and Appliances Outlet,1012638169,PILKINGTON ROAD,PILKINGTON ROAD,\N,Human,Kampala,Kampala Extra - Akamwesi
MEXXA PHARMACY LTD,NDA/PRE/RTP/11689,Retail Pharmacy,\N,GAYAZA ROAD KU MBUZI,GAYAZA ROAD KU MBUZI,,Human,Wakiso,Kampala Extra - Akamwesi
ELITE SURGICALS CO.SMC LTD,NDA/PRE/SIA/11602,Surgical Instruments and Appliances Outlet,\N,BEN KIWANUKA STREET,BEN KIWANUKA STREET,,Human,Kampala,Kampala Extra - Akamwesi
GLAZER HEALTH CARE LTD,NDA/PRE/WHP/11605,Wholesale Pharmacy,1018381218,"BUWATE, PLOT 2, ROYAL DRIVE",ROYAL DRIVE,857,Human,Wakiso,Kampala Extra - Akamwesi
WHITE STAR PHARMA (U) LTD,NDA/PRE/WHP/11686,Wholesale Pharmacy,1008124352,WILSON LANE,WILSON LANE,1267,Human,Kampala,Kampala Extra - Akamwesi
SERENITY PHARMACY - SMC LTD,NDA/PRE/RTP/10998,Retail Pharmacy,1043546781,"SHOP B7 &B8, DAAKI PLAZA, KALERWE, GAYAZA ROAD",GAYAZA ROAD,2299,Human,Kampala,Kampala Extra - Akamwesi
HUDSON SQUARE LIMITED,NDA/PRE/RTP/5507,Retail Pharmacy,1017683253,"RAMBO HOUSE - RM 02, PIONEER ROAD",PIONEER ROAD,1464,Human,Budaka,Eastern Region - Tororo
LIFECOVER PHARMACY LIMITED,NDA/PRE/RTP/11666,Retail Pharmacy,1045628846,"PLOT 19, BAZAAR STREET, TORORO MUNICIPALITY",BAZAAR STREET,2175,Human,Tororo,Eastern Region - Tororo
BIOSPHERE SOLUTIONS LTD,NDA/PRE/SIA/11665,Surgical Instruments and Appliances Outlet,1043552594,"HAM SHOPPING MALL, MAKERERE HILL RD",MAKERERE HILL RD,\N,Human,Kampala,Kampala Extra - Akamwesi
AMLAK MEDICAL LIMITED,NDA/PRE/SIA/11671,Surgical Instruments and Appliances Outlet,1029928005,"NTINDA COMPLEX, NTINDA ROAD",NTINDA ROAD,,Human,Kampala,Kampala Extra - Akamwesi
KEVERON PHARMACY LTD,NDA/PRE/WHP/10274,Wholesale Pharmacy,\N,KIWATULE,KIWATULE,1459,Human,Kampala,Kampala Extra - Akamwesi
ZYGEN BIOTECH LIMITED,NDA/PRE/PMA/11662,Surgical Instruments and Appliances Outlet,\N,"PLOT 1511, BWEYOGERERE INDUSTRIAL AREA","PLOT 1511, BWEYOGERERE INDUSTRIAL AREA",2064,Human,Wakiso,Central Regional Office - Masaka
KIBOGA PHARMACY LIMITED,NDA/PRE/RTP/5151,Retail Pharmacy,\N,HOIMA ROAD,HOIMA ROAD,1956,Human,Kiboga,Western Region - Hoima
GOODLIFE HEALTH MANAGEMENT,NDA/PRE/RTP/11656,Retail Pharmacy,\N,LUGOGO CHANNEL,LUGOGO CHANNEL,1607,Human,Kampala,Kampala Extra - Akamwesi
HEALTH STEP COMPANY LIMITED,NDA/PRE/SIA/11648,Surgical Instruments and Appliances Outlet,\N,NAALYA ROAD,NAALYA ROAD,,Human,Wakiso,Central Regional Office - Masaka
GB PHARMACY LIMITED,NDA/PRE/WHP/8545,Wholesale Pharmacy,1048065479,"CUKA TAT, LIRA CITY, EAST DIVISION",EAST DIVISION LIRA,1783,Human,Lira,Northern Region - Lira
KRIST SON CO. LTD,NDA/PRE/RTP/5140,Retail Pharmacy,\N,LUNGUJJA - BUSEGA RD,LUNGUJJA - BUSEGA RD,1877,Human,Kampala,Kampala Extra - Akamwesi
ZELAH INVESTMENT SMC LTD,NDA/PRE/SIA/11592,Surgical Instruments and Appliances Outlet,1023993828,MASAKA ROAD,MASAKA ROAD,,Human,Kampala,Kampala Extra - Akamwesi
ECOPHARM LIMITED,NDA/PRE/RTP/0690,Retail Pharmacy,10001190,"Kabalagala,Muyenga Rd",Muyenga Rd,1175,Human,Kampala,Kampala Extra - Akamwesi
LENS HEALTH SUPPLIES- SMC LTD,NDA/PRE/RTP/4787,Retail Pharmacy,\N,GAYAZA RD,GAYAZA RD,682,Human,Wakiso,Central Regional Office - Masaka
SUPER MEDIC LTD,NDA/PRE/RTP/1451,Retail Pharmacy,\N,KUTCH ROAD,KUTCH ROAD,499,Human,Jinja,South Eastern Region - Jinja
KDB PHARMACY LIMITED,NDA/PRE/WHP/11498,Wholesale Pharmacy,1046213411,PLOT 595 ALONG JINJA-KAMPALA HIGHWAY,JINJA-KAMPALA HIGHWAY,2212,Human,Mukono,South Eastern Region - Jinja
AHAN BRIDGE INVESTMENT LIMITED,NDA/PRE/WHP/7702,Wholesale Pharmacy,1021587068,"MACKHAN SINGH, KAKOBA-MBARARA CITY SOUTH",MACKHAN SINGH ST.,1971,Human,Mbarara,South Western Region - Mbarara
HEIGHTS PHARMACY LTD,NDA/PRE/RTP/11487,Retail Pharmacy,\N,Katosi,Katosi,1844,Human,Mukono,South Eastern Region - Jinja
Palace care Pharmaceuticals and Enterprises L,NDA/PRE/RTP/11495,Retail Pharmacy,\N,Kigongi Road,Kigongi Road,2109,Human,Kabale,South Western Region - Mbarara
PENOMAC PHARMA LIMITED,NDA/PRE/RTP/11496,Retail Pharmacy,1036892681,"KAMUK, KABERAMAIDO TOWN, LWALA ROAD","KAMUK, KABERAMAIDO TOWN, LWALA ROAD",2277,Human,Kaberamaido,North Eastern Region - Soroti
SEETA SONS (U) LTD,NDA/PRE/WHP/6119,Wholesale Pharmacy,1015365012,"ROSE KABENI &FAMILY ESTATE BUILDING, KANYANYA",KANYANYA,1185,Human,Kampala,Kampala Extra - Akamwesi
GLASS HEALTH PHARMACY CO. LTD,NDA/PRE/RTP/11482,Retail Pharmacy,\N,KYOBE ROAD,KYOBE ROAD,1470,Human,Wakiso,Central Regional Office - Masaka
OZONE PHARMACEUTICAL COMPANY LIMITED,NDA/PRE/WHP/11589,Wholesale Pharmacy,1046103069,Iganga - Tororo Highway,Iganga - Tororo Highway,2140,Human,Iganga,South Eastern Region - Jinja
LOGOS PHARMACY (U) LTD,NDA/PRE/RTP/11588,Retail Pharmacy,\N,KALIRO ROAD OPPOSITE HIPPO PETROL STATION,KALIRO ROAD OPPOSITE HIPPO PETROL STATION,,Human,Iganga,South Eastern Region - Jinja
ANWAR PHARMACEUTICALS (U) - SMC LIMITED,NDA/PRE/RTP/11586,Retail Pharmacy,1046515005,LIRA ROAD,LIRA ROAD,1558,Human,Soroti,North Eastern Region - Soroti
DOTO PHARMA INTL LIMITED,NDA/PRE/WHP/11582,Wholesale Pharmacy,\N,NEXT TO GAZ PETROL STATION,NEXT TO GAZ PETROL STATION,793,Human,Wakiso,Central Regional Office - Masaka
RAZA MEDIPAK INVESTMENTS LTD,NDA/PRE/SIA/11576,Surgical Instruments and Appliances Outlet,\N,WILSON RD,WILSON RD,,Human,Kampala,Kampala Extra - Akamwesi
EEZY-WAY HEALTHCARE PHARMACY LIMITED,NDA/PRE/RTP/11580,Retail Pharmacy,\N,,,1834,Human,Wakiso,Central Regional Office - Masaka
YAGNAPURUSH PHARMACY LIMITED,NDA/PRE/WHP/11572,Wholesale Pharmacy,\N,ADAMS ROAD,ADAMS ROAD,2124,Human,Soroti,North Eastern Region - Soroti
ANTIQUE KUSH CO. LIMITED,NDA/PRE/WHP/11565,Wholesale Pharmacy,\N,ENYUA ROAD,ENYUA ROAD,1973,Human,Arua,West Nile Region - Arua
HEALTHCURE PHARMACEUTICALS U LTD,NDA/PRE/EXT/11559,External/Annex Store,\N,JANANI LUWUM,JANANI LUWUM,1115,Human,Kitgum,Northern Region - Lira
KNKT VET PHARMACY LIMITED,NDA/PRE/RTP/11550,Retail Pharmacy,\N,Kisiizi Road,Kisiizi Road,1417,Human,Ntungamo,South Western Region - Mbarara
BENOVA INVESTMENTS LIMITED,NDA/PRE/RTP/4321,Retail Pharmacy,1040513639,"BUNGA, GGABA RD","BUNGA, GGABA RD",1446,Human,Kampala,Kampala Extra - Akamwesi
HEALTH TREE-SMC LIMITED,NDA/PRE/WHP/11546,Wholesale Pharmacy,\N,,,461,Human,Wakiso,Central Regional Office - Masaka
ANEOL INVESTMENTS COMPANY LIMITED,NDA/PRE/RTP/11540,Retail Pharmacy,1046075640,"ALONG MUSITA ROAD, MAYUGE TOWN COUNCIL",MAYUGE ROAD,1927,Human,Mayuge,South Eastern Region - Jinja
DVAGO PHARMACY (U) SMC LTD,NDA/PRE/WHP/11541,Wholesale Pharmacy,\N,KABALE-KISORO ROAD,KABALE-KISORO ROAD,1602,Human,Kabale,South Western Region - Mbarara
RON PHARM PHARMACEUTICALS LTD,NDA/PRE/RTP/11538,Retail Pharmacy,\N,BITURA ROAD,BITURA ROAD,1994,Human,Kabale,South Western Region - Mbarara
PARFAITE PHARMACY CO. LTD,NDA/PRE/RTP/11532,Retail Pharmacy,\N,HOIMA RD,HOIMA RD,1968,Human,Kampala,Kampala Extra - Akamwesi
BAKATERENGAS ENTERPRISES LIMITED,NDA/PRE/RTP/11537,Retail Pharmacy,\N,NEW TULA ROAD,NEW TULA ROAD,1192,Human,Wakiso,Central Regional Office - Masaka
KA-BIGYEMANO PHARMACY UGANDA LIMITED,NDA/PRE/RTP/11523,Retail Pharmacy,\N,NEXT TO MWERO FUEL STATION,NEXT TO MWERO FUEL STATION,2121,Human,Kakumiro,Western Region - Hoima
CORE MEDICAL PHARMACY LTD,NDA/PRE/RTP/11525,Retail Pharmacy,\N,Ndahendekire Road,Ndahendekire Road,1645,Human,Mbarara,South Western Region - Mbarara
NAIROBI PHARMACY,NDA/PRE/RTP/6874,Retail Pharmacy,1018464279,"Upper Customs-Mpondwe,_x000D_Opp. White House Building,_x000D_Kasese District.",Kabuyiri ward,2164,Human,Kasese,South Western Region - Mbarara
LIFE EXPERT PHARMACY LTD,NDA/PRE/RTP/5452,Retail Pharmacy,\N,WAIGONA ROAD,WAIGONA ROAD,2053,Human,Iganga,South Eastern Region - Jinja
OJINGA PARTNERS LTD,NDA/PRE/RTP/11356,Retail Pharmacy,\N,KUTCH ROAD WEST,KUTCH ROAD WEST,1998,Human,Jinja,South Eastern Region - Jinja
CHIEF PHARMACEUTICALS LIMITED,NDA/PRE/RTP/6538,Retail Pharmacy,\N,KILOMBE RD,KILOMBE RD,2108,Human,Kampala,Kampala Extra - Akamwesi
RYEKO CITY SOLUTIONS LTD,NDA/PRE/RTP/11345,Retail Pharmacy,\N,,,1387,Human,Wakiso,Central Regional Office - Masaka
L &A MEDICAL CENTRE - SMC LTD,NDA/PRE/RTP/11472,Retail Pharmacy,\N,WITHIN L &A MEDICAL CENTRE,WITHIN L &A MEDICAL CENTRE,2025,Human,Wakiso,Central Regional Office - Masaka
SIGMA PLUS LTD,NDA/PRE/RTP/10641,Retail Pharmacy,1049231685,"KABEREBERE, MBARARA - ISINGIRO ROAD","KABEREBERE, MBARARA - ISINGIRO ROAD",1281,Human,Isingiro,South Western Region - Mbarara
MBUKA PHARMA (U) LTD,NDA/PRE/RTP/4742,Retail Pharmacy,\N,KILEMBE ROAD,KILEMBE ROAD,2061,Human,Kasese,South Western Region - Mbarara
ROHEN GRAND HEALTH PHARMA LIMITED,NDA/PRE/RTP/11471,Retail Pharmacy,\N,ENTEBBE ROAD,ENTEBBE ROAD,1756,Human,Wakiso,Central Regional Office - Masaka
THE UNION PHARMACY,NDA/PRE/RTP/3377,Retail Pharmacy,1013329251,"LUSANJA, KASANGATI TOWN COUNCIL",KASANGATI TOWN COUNCIL,1763,Human,Wakiso,Kampala Extra - Akamwesi
CROSS AND HEART PHARMACY LTD,NDA/PRE/RTP/1684,Retail Pharmacy,1035471890,"KYEBANDO T/C, NANSANA",NANSANA,1917,Human,Wakiso,Kampala Extra - Akamwesi
ASPIN DRUG STORES,NDA/PRE/RTP/11450,Retail Pharmacy,1040097523,"BUSABALA, BUSABALA ROAD",BUSABALA ROAD,1853,Human,Wakiso,Kampala Extra - Akamwesi
SCHWILI PHARMACEUTICAL LIMITED,NDA/PRE/RTP/6679,Retail Pharmacy,1018425814,"BULUME ROAD, BUSOWA TOWN COUNCIL",BULUME RD,2092,Human,Bugiri,South Eastern Region - Jinja
FEBROS PHARMACEUTICALS LTD,NDA/PRE/RTP/2435,Retail Pharmacy,\N,"Makerere Hill Rd, Nakulabye","Makerere Hill Rd, Nakulabye",1258,Human,Kampala,Kampala Extra - Akamwesi
ELUMED PHARMACY LIMITED,NDA/PRE/RTP/11447,Retail Pharmacy,1045853572,"NAMAVUNDU, GAYAZA TOWN COUNCIL","NAMAVUNDU, GAYAZA TOWN COUNCIL",480,Human,Wakiso,Kampala Extra - Akamwesi
JOLAN ENTERPRISES (U) - SMC LTD,NDA/PRE/WHP/11446,Wholesale Pharmacy,\N,OLD BUTABIKA ROAD,OLD BUTABIKA ROAD,2028,Human,Kampala,Kampala Extra - Akamwesi
ASPIN DRUG STORES,NDA/PRE/RTP/11435,Retail Pharmacy,\N,NSASA ROAD,NSASA ROAD,1483,Human,Wakiso,Central Regional Office - Masaka
MARTIN HEALTH CARE (U) LIMITED,NDA/PRE/WHP/11439,Wholesale Pharmacy,\N,OPP. UGANDA RAILWAYS,OPP. UGANDA RAILWAYS,247,Human,Kampala,Kampala Extra - Akamwesi
Jimsil pharmaceuticals company uganda limited,NDA/PRE/WHP/5378,Wholesale Pharmacy,1009433051,"Nankoma Road, Dwaliro zone- Mayuge",Nankoma road,1610,Human,Mayuge,South Eastern Region - Jinja
ASPIN DRUG STORES,NDA/PRE/RTP/11421,Retail Pharmacy,\N,BUWAMBO ROAD,BUWAMBO ROAD,1675,Human,Wakiso,Central Regional Office - Masaka
HOLY CARE PHARMACEUTICALS,NDA/PRE/RTP/11432,Retail Pharmacy,\N,GOMA DIVISION,GOMA DIVISION,1854,Human,Mukono,South Eastern Region - Jinja
C AND E PHARMACY - SMC LIMITED,NDA/PRE/RTP/11428,Retail Pharmacy,\N,ILEUKORIT ROAD,ILEUKORIT ROAD,963,Human,Katakwi,North Eastern Region - Soroti
DALY PHARMACEUTICAL GROUP LIMITED,NDA/PRE/WHP/6357,Wholesale Pharmacy,\N,ARUA-KAMPALA HIGHWAY,ARUA-KAMPALA HIGHWAY,1874,Human,Arua,West Nile Region - Arua
KLASS AFRICA LIMITED,NDA/PRE/SIA/11418,Surgical Instruments and Appliances Outlet,1000036999,BUKOTO STREET,BUKOTO STREET,,Human,Kampala,Kampala Extra - Akamwesi
CYBER PHARMACY LIMITED,NDA/PRE/WHP/6334,Wholesale Pharmacy,1051396297,"Plot 157, Flamingo Building, Uhuru Drive, Kitgum Municipal",UHURU RD,2249,Human,Kitgum,Northern Region - Lira
MUDIFO PHARMACY LTD,NDA/PRE/RTP/11318,Retail Pharmacy,\N,,,1824,Human,Wakiso,Central Regional Office - Masaka
BISHOP MAZZOLIDI PHARMACY LIMITED,NDA/PRE/WHP/11402,Wholesale Pharmacy,1044675108,"IRAKU LANE, ADJUMANI TOWN",IRAKU LANE,1545,Human,Adjumani,West Nile Region - Arua
HUK PHARMACY CO. LIMITED,NDA/PRE/RTP/11398,Retail Pharmacy,\N,KITO ROAD,KITO ROAD,1498,Human,Wakiso,Central Regional Office - Masaka
ZONE LIFE PHARMACEUTICALS (ZLP) LTD,NDA/PRE/RTP/6398,Retail Pharmacy,\N,RUGAAGA-NTANTAMUKI RD,RUGAAGA-NTANTAMUKI RD,2012,Human,Isingiro,South Western Region - Mbarara
RIYADH PHARMACEUTICALS (U) LTD,NDA/PRE/RTP/11384,Retail Pharmacy,1017941470,"GANGU - KIZIBA, BEGANZI ROAD",BEGANZI ROAD,1989,Human,Wakiso,Kampala Extra - Akamwesi
KNOKS VET AND FEED SUPPLIES LTD,NDA/PRE/RTP/11387,Retail Pharmacy,1035292205,"MATUGGA, KAVULE T/C, SEMUTO ROAD",SEMUTO ROAD,1986,Veretinary,Wakiso,Kampala Extra - Akamwesi
ZAN - JE GENERAL SUPPLIES,NDA/PRE/SIA/11379,Surgical Instruments and Appliances Outlet,\N,JOHNSTONE STREET,JOHNSTONE STREET,,Human,Kampala,Kampala Extra - Akamwesi
KIMAALI MEDICAL CHAMBERS (SMC) LIMITED,NDA/PRE/RTP/2128,Retail Pharmacy,1010974091,"Plot 7581, Kansanga, Kitalanga Road, MAKINDYE",Kitalanga Road,2267,Human,Kampala,Kampala Extra - Akamwesi
QUALIWORTH PHARMACY,NDA/PRE/RTP/11281,Retail Pharmacy,1047487045,"WANTONI, KITENGA",KAMPALA-JINJA HIGHWAY,1943,Human,Mukono,South Eastern Region - Jinja
Duse Pharmacy,NDA/PRE/RTP/0123,Retail Pharmacy,\N,WILLIAM STREET,WILLIAM STREET,1389,Human,Kampala,Kampala Extra - Akamwesi
BACTIMED LTD,NDA/PRE/SIA/11275,Surgical Instruments and Appliances Outlet,\N,KAMPALA RD,KAMPALA RD,,Human,Kampala,Kampala Extra - Akamwesi
HAZON PHARMA LTD,NDA/PRE/WHP/8010,Wholesale Pharmacy,1049812563,"NAIGA-C PLAZA, MENGO OPP SIR APOLLO KAGGWA PRI. SCH","NAIGA-C PLAZA, MENGO OPP SIR APOLLO",2087,Human,Kampala,Kampala Extra - Akamwesi
SURE PHARMACY LIMITED,NDA/PRE/RTP/2480,Retail Pharmacy,\N,MAIN STREET,MAIN STREET,1567,Human,Jinja,South Eastern Region - Jinja
PEMUJA INVESTMENTS-SMC LTD,NDA/PRE/RTP/8714,Retail Pharmacy,1048280312,"OPP TEN JOYS NURSERY SCHOOL, KAWAALA RD, LUGOBA - NANSANA",KIRA - BULINDO ROAD,1108,Human,Wakiso,Kampala Extra - Akamwesi
VALOR COMPANY LIMITED,NDA/PRE/WHP/11268,Wholesale Pharmacy,\N,KALIRO RD,KALIRO RD,307,Human,Iganga,South Eastern Region - Jinja
VAIDA PHARMACEUTICALS LIMITED,NDA/PRE/RTP/5983,Retail Pharmacy,\N,OKUDI,OKUDI,1874,Human,Moyo,West Nile Region - Arua
VITALITY CARE LIMITED,NDA/PRE/RTP/11248,Retail Pharmacy,\N,LUWAFU-SALAMA ROAD,LUWAFU-SALAMA ROAD,,Human,Kampala,Kampala Extra - Akamwesi
Greenline Pharmacy SMC - Limited,NDA/PRE/WHP/10246,Wholesale Pharmacy,1038011978,Paidah Town next to Equity Bank,Paidah - Nebbi road,2221,Human,Zombo,West Nile Region - Arua
Josam Pharmacy,NDA/PRE/RTP/0790,Retail Pharmacy,\N,Kira Rd,Kira Rd,1251,Human,Kampala,Kampala Extra - Akamwesi
MUZUNGU PHARMACY LIMITED,NDA/PRE/RTP/7834,Retail Pharmacy,1018611429,"Mafubira Trading Centre, Jinja City",MAFUBIRA-KAYUNGA,1449,Human,Jinja,South Eastern Region - Jinja
Zayn Pharmaceuticals Ltd,NDA/PRE/WHP/1803,Wholesale Pharmacy,1005870876,Plot 62 William Street,William Street,380,Human,Kampala,Kampala Extra - Akamwesi
RMS PHARMACY - SMC LIMITED,NDA/PRE/WHP/11112,Wholesale Pharmacy,\N,Kisiki Road,Kisiki Road,1110,Human,Namutumba,South Eastern Region - Jinja
Imani pharmacy Limited,NDA/PRE/WHP/11110,Wholesale Pharmacy,\N,Nebbi Road,Nebbi Road,,Human,Arua,West Nile Region - Arua
FABIAN PHARMACY LTD,NDA/PRE/WHP/11064,Wholesale Pharmacy,\N,,,1846,Human,Wakiso,Central Regional Office - Masaka
HARIIRA ENTERPRISES LTD,NDA/PRE/RTP/10910,Retail Pharmacy,1042729240,MASHA ALLAH HOUSE 1,OFF MENGO HILL RD,2092,Human,Kampala,Kampala Extra - Akamwesi
BCD PHARMA HOLDINGS LTD,NDA/PRE/WHP/10999,Wholesale Pharmacy,\N,KIKOGA ROAD,KIKOGA ROAD,1514,Human,Kasese,South Western Region - Mbarara
VICTOR HEALTH SERVICES,NDA/PRE/EXT/10928,External/Annex Store,\N,,,1479,Human,Kyotera,Central Regional Office - Masaka
GETWELL PHARMACY SMC LTD,NDA/PRE/RTP/0502,Retail Pharmacy,1017578783,"OPP. KCCA HOSPITAL,KAWEMPE",KAWEMPE,1471,Human,Kampala,Kampala Extra - Akamwesi
ALLEN CARE PHARMACY LTD,NDA/PRE/RTP/9339,Retail Pharmacy,1033007962,"Najjera, Next to Football Pitch",Bulabira Rd,1972,Human,Wakiso,Kampala Extra - Akamwesi
IMAGINE PHARMACEUTICALS LIMITED,NDA/PRE/WHP/2077,Wholesale Pharmacy,1016598303,"PLOT 1167, BLOCK 262 - MOBUTU RD, MAKINDYE","MOBUTU RD, MAKINDYE",2185,Human,Kampala,Kampala Extra - Akamwesi
WIGAM PHARMACEUTICALS SMC LTD,NDA/PRE/WHP/10596,Wholesale Pharmacy,\N,Block1 Plot62 Near Tanga Factory,Block1 Plot62 Near Tanga Factory,1132,Human,Mbarara,South Western Region - Mbarara
J.C. NOBLES LIMITED,NDA/PRE/WHP/7307,Wholesale Pharmacy,1013525733,"NAMUSWA PLAZA,ROOM 210, JUNJU RD,WANDEGEYA","JUNJU RD,WANDEGEYA",696,Human,Kampala,Kampala Extra - Akamwesi
WESTNILE BIOMEDICAL EQUIPMENT &LAB LTD,NDA/PRE/SIA/10529,Surgical Instruments and Appliances Outlet,1022571632,"ARUA- KAMPALA RD, OPP NN TOYOTA CEFFORD, NEXT TO PRIMIUS PHARMACY-ARUA CITY",ARUA- KAMPALA HIGH WAY,,Human,Arua,West Nile Region - Arua
TRANSMED INVESTMENTS LTD,NDA/PRE/WHP/8225,Wholesale Pharmacy,1009989890,"SHOP NO.2, KALUNGI COMMERCIAL BUILDING ,JOHNSTONE STREET ,KAMPALA CENTRAL DIVISION",JOHNSTONE STREET,2302,Human,Kampala,Kampala Extra - Akamwesi
MEDICATRIX (U)LTD,NDA/PRE/WHP/0194,Wholesale Pharmacy,\N,Mawanda Rd,Mawanda Rd,,Human,Kampala,Kampala Extra - Akamwesi
GREAT CARE PHARMACEUTICALS LTD,NDA/PRE/WHP/6185,Wholesale Pharmacy,1017535485,"KIRIRI, MPENJA, GOMBA","KIRIRI, MPENJA, GOMBA",2184,Human,Gomba,Central Regional Office - Masaka
NGWIJJE PHARMACY LIMITED,NDA/PRE/RTP/6097,Retail Pharmacy,1017634294,"SAYUNI COMPLEX, NTINDA-KISAASI RD",NTINDA-KISAASI RD,1160,Human,Kampala,Kampala Extra - Akamwesi
MILAN GROUP OF ENTREPRENUERS LIMITED,NDA/PRE/RTP/4070,Retail Pharmacy,1014739258,Kikuubo Lane-KYOTERA,KIKUUBO LANE,1975,Human,Kyotera,Central Regional Office - Masaka
SUPER MEDIC LTD,NDA/PRE/RTP/1970,Retail Pharmacy,1000043437,High Street,High Street,1843,Human,Mbarara,South Western Region - Mbarara
DANLA MEDICINES PHARMACY COMPANY LIMITED,NDA/PRE/WHP/10853,Wholesale Pharmacy,\N,Ordramacaku Border road,Ordramacaku Border road,953,Human,Arua,West Nile Region - Arua
Acts Pharmaceuticals Ltd,NDA/PRE/WHP/11862,Wholesale Pharmacy,1020241067,"Opposite Harree complex, Kyobe Road, Kakajjo-Bweyogerere, Kira Municipality.","Opposite Harree complex, Kyobe Road, Kakajjo-Bweyogerere, Kira Municipality.",1044,Human,Wakiso,Kampala Extra - Akamwesi
MEDISONMED HEALTH CARE (U) LTD,NDA/PRE/SIA/0008,Surgical Instruments and Appliances Outlet,1040170228,DDUNGU 5 BUILDING -KIBULI,PRESS STATE ROAD,\N,Medical Devices,Kampala,Kampala Extra - Akamwesi
BEATRICE PHARMACY LIMITED,NDA/PRE/RTP/11862,Retail Pharmacy,1046945419,"KASOKOSO STAGE, LUKUNGU VINCENT RENTAL BUILDING, KIRA MUNICIPALITY",KASOKOSO STAGE,489,Human,Wakiso,Kampala Extra - Akamwesi
REVIVE PHARMA LTD,NDA/PRE/WHP/11874,Wholesale Pharmacy,1010938025,"KIBAO BUILDING,6TH STREET INDUSTRIAL AREA",6TH STREET,1778,Human,Kampala,Kampala Extra - Akamwesi
MADINA PHARMACY LTD,NDA/PRE/RTP/0273,Retail Pharmacy,1047340644,"KATANABIRWA T/C, BUTEMBA TOWN COUNCIL, KYANKWANZI",ALONG KIBOGA - HOIMA ROAD,2190,Human,Kyankwanzi,Western Region - Hoima
Matugga Industries &Logistics Hub Ltd,NDA/PRE/RTP/11865,Retail Pharmacy,1032890033,"Mobutu Road, Kibuye B Zone",Mobutu Road,1224,Veretinary,Kampala,Kampala Extra - Akamwesi
MPUGWE PHARMACY LTD,NDA/PRE/RTP/0327,Retail Pharmacy,1024353225,"JUMA ROAD, CENTRAL WARD, LUKAYA TOWN COUNCIL",JUMA ROAD,2134,Human,Kalungu,Central Regional Office - Masaka
FINELINK HEALTH LIMITED,NDA/PRE/WHP/11870,Wholesale Pharmacy,1047799799,"Shop No. 2, Ibanda Main Street, Opp. Shell Petrol Station, Ibanda Municipality","Ibanda Main Street, Ibanda Municipality",1959,Human,Ibanda,South Western Region - Mbarara
DW MAXCOM LIMITED,NDA/PRE/SIA/11866,Surgical Instruments and Appliances Outlet,1015359292,PLOT 37/39 NTINDA,STRETCHER ROAD,\N,Medical Devices,Kampala,Kampala Extra - Akamwesi
THEITUNGO PHARMACY CO. LTD,NDA/PRE/WHP/11887,Wholesale Pharmacy,1044074164,Lyantonde high street near DFCU-Lyantonde,High street,1895,Human,Lyantonde,South Western Region - Mbarara
FLOKAT PHARMACY LTD,NDA/PRE/RTP/11869,Retail Pharmacy,1047597663,"Cell 3, Ntungamo-Mbarara Road, Western division, Ntungamo",Ntungamo-Mbarara Road,2026,Human,Ntungamo,South Western Region - Mbarara
SCAB SCOTTISH MEDICAL SUPPLIES,NDA/PRE/SIA/0011,Surgical Instruments and Appliances Outlet,1035878351,TWESE PLAZA  ROOM B.15,WILSON ROAD,\N,Medical Devices,Kampala,Kampala Extra - Akamwesi
APUCARE PHARMACY LTD,NDA/PRE/RTP/11896,Retail Pharmacy,1032779094,"KABULENGWA, BOSCO AND KFH FAMILY ENTERPRISES BLD'G","KABULENGWA, BOSCO AND KFH FAMILY ENTERPRISES BLD'G",2007,Human,Wakiso,Kampala Extra - Akamwesi
MEDIPROVISIONS CO.SMC LIMITED,NDA/PRE/SIA/0005,Surgical Instruments and Appliances Outlet,1047768497,"KATALEMWA ,MATUGGA",BOMBO ROAD,\N,Medical Devices,Wakiso,Kampala Extra - Akamwesi
ANWAR PHARMACEUTICALS (U) - SMC LTD,NDA/PRE/WHP/0083,Wholesale Pharmacy,1046515005,"AMEN, NAKATUNYA, LIRA ROAD - SOROTI",LIRA ROAD,1558,Human,Soroti,North Eastern Region - Soroti
GAVANA PHARMACY LTD,NDA/PRE/WHP/0038,Wholesale Pharmacy,1013622771,"COMMERCIAL COMPLEX, LUKAYA, KALUNGU","COMMERCIAL COMPLEX, LUKAYA, KALUNGU",1845,Human,Kalungu,Central Regional Office - Masaka
BELLEVUE LOGISTICS LTD,NDA/PRE/SIA/11863,Surgical Instruments and Appliances Outlet,1010388073,"MINISTERS VILLAGE ,NTINDA",MARTYRS WAY ROAD,\N,Medical Devices,Kampala,Kampala Extra - Akamwesi
Qualiworth Pharmacy,NDA/PRE/WHP/11865,Wholesale Pharmacy,1047487045,"Next to Eco petrostation, Kireka road, Kira Municipality","Next to Eco petrostation, Kireka road, Kira Municipality",2040,Human,Wakiso,Kampala Extra - Akamwesi
MEDSELECT PHARMACY LTD,NDA/PRE/WHP/11867,Wholesale Pharmacy,1047141908,"ROOM Z2 &Z11, KASOLO KYEYUNE'S BUILDING, BUJJUKO TRADING CENTRE, SENTEMA RD","ROOM Z2 &Z11, KASOLO KYEYUNE'S BUILDING, BUJJUKO TRADING CENTRE, SENTEMA RD",1218,Human,Wakiso,Kampala Extra - Akamwesi
AIZA PHARMACY (U) LTD,NDA/PRE/WHP/11876,Wholesale Pharmacy,1018183452,"EXPERT MALL NGOBE, BUNAMWAYA - NGOBE, MAKINDYE SSABAGABO","EXPERT MALL NGOBE, BUNAMWAYA - NGOBE",475,Human,Wakiso,Kampala Extra - Akamwesi
ROYAL PHARMA 2011 LTD,NDA/PRE/WHP/0033,Wholesale Pharmacy,1001002018,"PLOT 3, EAST WARD A CELL, PANDWONG DIVISION, GUU WARD - KITGUM MUNICIPALITY","PLOT 3, EAST WARD A CELL, PANDWONG DIVISION, GUU WARD - KITGUM MUNICIPALITY",2172,Human,Kitgum,Northern Region - Lira
Spenomatic Chemicals Uganda Limited,NDA/PRE/SIA/0018,Surgical Instruments and Appliances Outlet,1036175516,"Plot 150.155,158 Kyagwe Block 189 at Lwanyonyi Mukono Uganda,Warehouse number 10 (GMR industrial Par",Jinja road,\N,Medical Devices,Mukono,South Eastern Region - Jinja
KAMPALA RADIATION AND DOSIMETRY SERVICES-SMC LTD,NDA/PRE/SIA/0017,Surgical Instruments and Appliances Outlet,1047196304,Plot 2184 Namilyango Road Gwafu west Seeta Mukono Municipality.,Namilyango Road,\N,Medical Devices,Mukono,South Eastern Region - Jinja
JORAMS1 WYCLIFF PHARMACY,NDA/PRE/RTP/0063,Retail Pharmacy,1048303174,"KAMULI ROAD, KAMULI MUNICIPLE COUNCIL KAMULI DISRRICT","JINJA ROAD, KAMULI MUNICIPLE COUNCIL",2158,Human,Kamuli,South Eastern Region - Jinja
PILLPOINT PHARMACY LIMITED,NDA/PRE/RTP/0283,Retail Pharmacy,1048122999,"Gogonya 1, Nsambya",Kabega Road,2230,Human,Kampala,Kampala Extra - Akamwesi
MAGARA PHARMACEUTICAL COMPANY LTD,NDA/PRE/RTP/0071,Retail Pharmacy,1047930732,"Bushyenyi highway, Kamukuzi sub county, Rwebikona village, Mbarara city",Bushyenyi highway,2078,Human,Mbarara,South Western Region - Mbarara
ALTIM PHARMACY LIMITED,NDA/PRE/WHP/0177,Wholesale Pharmacy,1036777099,"OPPOSITE GOD'S GRACE PLAZA, BUNAMWAYA T/C, MAKINDYE SSABAGABO MUNICIPALITY","OPPOSITE GOD'S GRACE PLAZA, BUNAMWAYA T/C, MAKINDYE SSABAGABO MUNICIPALITY",2135,Human,Wakiso,Kampala Extra - Akamwesi
MEDET HOLDINGS LIMITED,NDA/PRE/RTP/0211,Retail Pharmacy,1016555778,"OPPOSITE KARIBU PETROSTATION, BUWATE, KIRA MUNICIPALITY.","OPPOSITE KARIBU PETROSTATION, BUWATE, KIRA MUNICIPALITY.",2148,Human,Wakiso,Kampala Extra - Akamwesi
GOODLIFE HEALTH MANAGEMENT,NDA/PRE/RTP/0212,Retail Pharmacy,1008658273,"INSIDE SALI INTERNATIONAL HOSPITAL, OLD KIRA ROAD, NAKAWA DIVISION.","INSIDE SALI INTERNATIONAL HOSPITAL, OLD KIRA ROAD, NAKAWA DIVISION.",1674,Human,Kampala,Kampala Extra - Akamwesi
AHABWE PHARMACY (U) LTD,NDA/PRE/RTP/11884,Retail Pharmacy,1046051452,"Ibanda-Fortpotal Road, Nsorora village, Kibale county, Kamwenge district","Ibanda-Fortpotal Road,",2202,Human,Kamwenge,South Western Region - Mbarara
PALWAK PHARMACY,NDA/PRE/RTP/0048,Retail Pharmacy,1016230321,"PABO TOWN COUNCIL- GULU ELEGU HIGHWAY, AMURU DISTRICT","PABO TOWN COUNCIL- GULU ELEGU HIGHWAY, AMURU DISTRICT",1171,Human,Amuru,Northern Region - Lira
ASPIN DRUG STORES,NDA/PRE/WHP/11886,Wholesale Pharmacy,1040097523,"PLOT 28, KITEBERO DRIVE, KATETE ROAD, MBARARA CITY","PLOT 28, KITEBERO DRIVE, KATETE ROAD, MBARARA CITY",1972,Human,Mbarara,South Western Region - Mbarara
Surya Investments Limited,NDA/PRE/PMA/11877,Surgical Instruments and Appliances Outlet,\N,Industrial Area,Industrial Area,1672,Human,Mukono,South Eastern Region - Jinja
Srk Medical Devices Co. Ltd,NDA/PRE/PMA/11919,Surgical Instruments and Appliances Outlet,\N,Namanve,Namanve,555,Human,Mukono,South Eastern Region - Jinja
Munkaga Community Pharmacy,NDA/PRE/RTP/6880,Retail Pharmacy,1018567700,"PLOT No 225, NAUYO-BUGEMA, MBALE",TORORO ROAD,1558,Human,Mbale,Eastern Region - Tororo
WHITAG PHARMACEUTICALS LIMITED,NDA/PRE/RTP/8499,Retail Pharmacy,1027341184,"LUWEERO, Gulu Highway",Gulu Highway,2205,Human,Luweero,Kampala Extra - Akamwesi
Genon Logistics Ltd,NDA/PRE/SIA/11832,Surgical Instruments and Appliances Outlet,1013967570,Jinja Rd,Jinja Rd,\N,Human,Kampala,Kampala Extra - Akamwesi
Major Pharmacy,NDA/PRE/WHP/11825,Wholesale Pharmacy,\N,Kulambiro Ring Rd,Kulambiro Ring Rd,1588,Human,Kampala,Kampala Extra - Akamwesi
CHEMIST WAREHOUSE LIMITED,NDA/PRE/WHP/11836,Wholesale Pharmacy,1044187457,"SHOP No. LA 079 &080, NALUKOLONGO MARKET PLAZA, NATETE, MASAKA ROAD",Masaka Road,1954,Human,Kampala,Kampala Extra - Akamwesi
LIMCAT LOGISTICS (U) LIMITED,NDA/PRE/WHP/11888,Wholesale Pharmacy,1047638731,HOSPITAL CELLKIJUNGU,TAYALI ROAD,2151,Human,Hoima,Western Region - Hoima
MARHATAB FAMILY PHARMACEUTICAL LIMITED,NDA/PRE/RTP/0166,Retail Pharmacy,1048464056,"ALONG KATWE ROAD, KALISIZO TOWN COUNCIL, KYOTERA","ALONG KATWE ROAD,",2231,Human,Kyotera,Central Regional Office - Masaka
ERIKA PHARMACEUTICALS LTD,NDA/PRE/RTP/11903,Retail Pharmacy,1027967828,"BULAGA TRADING CENTRE, KU MWENDA, KAWEESA'BUILDING",MITYANA RD,900,Human,Wakiso,Kampala Extra - Akamwesi
NIC-LINK HEALTH LIMITED,NDA/PRE/WHP/11885,Wholesale Pharmacy,1046177445,"plot 020, Isingiro T/C, Kikagate highway, Isingiro District","plot 020, Isingiro T/C, Kikagate highway, Isingiro District",1164,Human,Isingiro,South Western Region - Mbarara
FLOKAT PHARMACY LIMITED,NDA/PRE/WHP/0047,Wholesale Pharmacy,1047597663,"PLOT 282, Kyabukuju, Akatojo ward, Rubale T/C, Ntungamo-Kabale Raod, Ntungamo District","PLOT 282, Kyabukuju, Akatojo ward, Rubale T/C, Ntungamo-Kabale Raod, Ntungamo District",2026,Human,Ntungamo,South Western Region - Mbarara
MIVA VET CENTRE LIMITED,NDA/PRE/RTP/0164,Retail Pharmacy,1048249206,"RONALD NTESIBE BLD'G, ALONG SEMBABULE ROAD, SEMBABULE TOWN COUNCIL","RONALD NTESIBE BLD'G, ALONG SEMBABULE ROAD, SEMBABULE TOWN COUNCIL",2019,Veretinary,Ssembabule,Central Regional Office - Masaka
REDIM PHARMACY UGANDA LTD,NDA/PRE/WHP/0032,Wholesale Pharmacy,1048887311,"KITGUM CENTRAL DIVISION, OPPOSITE GAPCO FUEL STATION, OGWOK ROAD-KITGUM DISTRICT","KITGUM CENTRAL DIVISION, OPPOSITE GAPCO FUEL STATION, OGWOK ROAD-KITGUM DISTRICT",2159,Human,Kitgum,Northern Region - Lira
PIVOTAL PHARMACEUTICAL CARE-SMC LTD,NDA/PRE/RTP/0167,Retail Pharmacy,1049777350,"DAAKI CENTER, SIYALU BLOCK NO.1 MUTUKULA, KYOTERA","DAAKI CENTER, SIYALU BLOCK NO.1 MUTUKULA, KYOTERA",1548,Human,Kyotera,Central Regional Office - Masaka
WHITE STAR PHARMACY,NDA/PRE/RTP/0147,Retail Pharmacy,1008124352,PLOT 1 ALDINA ROAD JINJA CITY,PLOT 1 ALDINA ROAD JINJA CITY,1326,Human,Jinja,South Eastern Region - Jinja
AFRICA-ASIA LINK LIMITED,NDA/PRE/SIA/11865,Surgical Instruments and Appliances Outlet,1000031804,"Plot 17, Kisementi",Cooper Road,\N,Medical Devices,Kampala,Kampala Extra - Akamwesi
SURELYTE PHARMACY LTD,NDA/PRE/RTP/0159,Retail Pharmacy,1049167192,BUSEYI,IGANGA-TORORO ROAD,2257,Human,Iganga,South Eastern Region - Jinja
ASPIN GROUP LIMITED,NDA/PRE/RTP/0150,Retail Pharmacy,1040097523,Jinja iganga highway,Jinja iganga highway,2154,Human,Jinja,South Eastern Region - Jinja
ASPIN DRUG STORES PHARMACY,NDA/PRE/RTP/0070,Retail Pharmacy,1040097523,"Cell 6, Park ward, central division ,Ntungamo district","Cell 6, Park ward, central division ,Ntungamo district",2121,Human,Ntungamo,South Western Region - Mbarara
BALABA PHARMACY LIMITED,NDA/PRE/RTP/0242,Retail Pharmacy,1049865330,"KANONI TOWN COUNCIL, GOMBA, NEAR ROUND-ABOUT ON KLA ROAD","KANONI TOWN COUNCIL, GOMBA, NEAR ROUND-ABOUT ON KLA ROAD",2233,Human,Gomba,Central Regional Office - Masaka
TOWNCARE PHARMACY LIMITED,NDA/PRE/RTP/0110,Retail Pharmacy,1009476815,"TONG TONG PLAZA, GROUND FLOOR, NEW TAXI PARK, KAMPALA",KAMPALA CENTRAL,1735,Human,Kampala,Kampala Extra - Akamwesi
MEDVIN PHARMA LIMITED,NDA/PRE/WHP/1567,Wholesale Pharmacy,1000897196,Wilson Rd,Wilson Rd,633,Human,Kampala,Kampala Extra - Akamwesi
WANDESAD HEALTH CARE SERVICES LTD,NDA/PRE/RTP/0223,Retail Pharmacy,1050049495,"COMMUNITY HOSPITAL BUILDING, NSASA ROAD, KIRA MUNICIPLAITY",NSASA ROAD,2210,Human,Wakiso,Kampala Extra - Akamwesi
STAR AFRICA LOGISTICS CO LTD,NDA/PRE/SIA/0012,Surgical Instruments and Appliances Outlet,1035081867,NAKWERO B,KALAGI ROAD,\N,Medical Devices,Wakiso,Kampala Extra - Akamwesi
MED-OPTICS LTD,NDA/PRE/SIA/0013,Surgical Instruments and Appliances Outlet,1000225179,MABIRIZI COMPLEX,KAMPALA ROAD,\N,Medical Devices,Kampala,Kampala Extra - Akamwesi
AREMM PHARMACY (U) LTD,NDA/PRE/WHP/0021,Wholesale Pharmacy,1050429804,"OPPOSITE KANYANYA LC 1 OFFICE, KIZANYIRO ROAD, KANYANYA, KAWEMPE DIVISION","OPPOSITE KANYANYA LC 1 OFFICE, KIZANYIRO ROAD, KANYANYA, KAWEMPE DIVISION",1822,Human,Kampala,Kampala Extra - Akamwesi
MAKERERE UNIVERSITY WALTER REED PROGRAM LIMITED,NDA/PRE/RTP/0059,Retail Pharmacy,1000041138,PLOT 42 NAKASERO ROAD,NAKASERO ROAD,810,Human,Kampala,Kampala Extra - Akamwesi
JACKSON AND KINTU (J &k) PHARMACY LTD,NDA/PRE/RTP/0090,Retail Pharmacy,1015143890,"BIG WAVE HOUSE, MUTESA 1 ROAD, RUBAGA DIVISION","BIG WAVE HOUSE, MUTESA 1 ROAD, RUBAGA DIVISION",2179,Human,Kampala,Kampala Extra - Akamwesi
RHODUM PHARMACY LTD,NDA/PRE/RTP/0241,Retail Pharmacy,1017915411,"Mirembe, Mutundwe, Makindye Ssabagabo",Mutundwe Road,1983,Human,Wakiso,Kampala Extra - Akamwesi
TITANIUM FAMILY MEDICARE LIMITED,NDA/PRE/WHP/0020,Wholesale Pharmacy,1047367086,MASANAFU SENTEMA ROAD,Sentema Road,2291,Human,Kampala,Kampala Extra - Akamwesi
Novic Pharmacy Ltd,NDA/PRE/RTP/0143,Retail Pharmacy,1048493125,"Kyarusozi road, Katooke town Coucil, Kyenjojo district",Kyarusozi road,2144,Human,Kyenjojo,Western Region - Hoima
BENE SPECTRUM CO. LIMITED,NDA/PRE/RTP/0193,Retail Pharmacy,1048754438,KITI B. JOKOLERA,BUWAMBO RD,2289,Human,Wakiso,Kampala Extra - Akamwesi
BIIGO PHARMA - SMC LIMITED,NDA/PRE/RTP/0153,Retail Pharmacy,1047525883,BAJJO TRADING CENTET,BUKERERE ROAD,2222,Human,Mukono,South Eastern Region - Jinja
Beyond Logistics Limited,NDA/PRE/WHP/0017,Wholesale Pharmacy,1002741618,Plot 1188 Central Zone,Kyaggwe Block 113,403,Human,Mukono,South Eastern Region - Jinja
ACROMED HEALTHCARE TECHNOLOGIES LIMITED,NDA/PRE/SIA/0009,Surgical Instruments and Appliances Outlet,1048488244,ARUA PARK PLAZA F2-660,BEN KIWANUKA STREET,\N,Medical Devices,Kampala,Kampala Extra - Akamwesi
ADLAI PHARMACY Co. LTD,NDA/PRE/RTP/0107,Retail Pharmacy,1047616162,NEXT TO MS COMMUNITY  MEDICAL CLINIC,KAYUNGA ROAD,2224,Human,Mukono,South Eastern Region - Jinja
JUBILEE DENTAL LIMITED,NDA/PRE/SIA/0023,Surgical Instruments and Appliances Outlet,1000330951,"PLOT 16, KASUMBA CIRCULAR ROAD, NTINDA - NAKAWA DIVISION",KASUMBA CIRCULAR ROAD,\N,Medical Devices,Kampala,Kampala Extra - Akamwesi
100GRAINS LIMITED,NDA/PRE/SIA/0028,Surgical Instruments and Appliances Outlet,1046202948,"PLOT 5552, NAMUNGOONA ROAD, KAMPALA",namungooona road,\N,Medical Devices,Kampala,Kampala Extra - Akamwesi
KETON SCIENTIFIC LIMITED,NDA/PRE/SIA/0027,Surgical Instruments and Appliances Outlet,1019817008,"PLOT 7,STRETCHER ROAD NTINDA",STRETCHER ROAD,\N,Human,Kampala,Kampala Extra - Akamwesi
S KANT EAST AFRICA LTD,NDA/PRE/WHP/0028,Wholesale Pharmacy,1023592317,"PLOT M73, 4TH STREET, INDUSTRIAL AREA",PLOT M73 4TH STREET INDUSTRIAL AREA,1643,Human,Kampala,Kampala Extra - Akamwesi
SEN LOGISTICS AND MEDICAL SUPPLIES LTD,NDA/PRE/RTP/0118,Retail Pharmacy,1016777356,"Next to Stabex petrostation, Entebbe road, Lubowa-Makindye Ssabagabo Minicipality","Next to Stabex petrostation, Entebbe road, Lubowa-Makindye Ssabagabo Minicipality",603,Human,Wakiso,Kampala Extra - Akamwesi
MULTIPLE SUPER INVESTMENTS LTD,NDA/PRE/WHP/0027,Wholesale Pharmacy,1000789412,OPP KAWEMPE MARKET,BOMBO RD,2251,Human,Kampala,Kampala Extra - Akamwesi
DEVINE LIFE PHARMACEUTICALS (A) LTD,NDA/PRE/RTP/0127,Retail Pharmacy,1009443873,"ROOM 1, NALUBEGA'S MALL, NAMUSERA TRADING CENTRE, HOIMA RD",HOIMA ROAD,1851,Human,Wakiso,Kampala Extra - Akamwesi
JOKATA HEALTHCARE LTD,NDA/PRE/SIA/0035,Surgical Instruments and Appliances Outlet,1050446249,"PLOT 688, KYAMBOGO,EAST AFRICAN ROAD",EAST AFRICAN ROAD,\N,Medical Devices,Kampala,Kampala Extra - Akamwesi
MAFAZA INTERNATIONAL LTD,NDA/PRE/WHP/0019,Wholesale Pharmacy,1046731422,"Kimathi Avenue, Central Division, Kampala",Kimathi Avenue,880,Human,Kampala,Kampala Extra - Akamwesi
Gric Medical Supplies ltd,NDA/PRE/SIA/0029,Surgical Instruments and Appliances Outlet,1026463952,"International Paramedical Building, Maya-Nakirebe",Maya-Nakirebe,\N,Medical Devices,Wakiso,Kampala Extra - Akamwesi
JOHJAN PRO BIOMEDITRONIX ENGINEERING COMPANY LIMITED,NDA/PRE/SIA/0031,Surgical Instruments and Appliances Outlet,1041680328,BWEYOGERERE,NAMULONDO ROAD,\N,Medical Devices,Wakiso,Kampala Extra - Akamwesi
ARIEL INVESTMENTS LTD,NDA/PRE/SIA/0032,Surgical Instruments and Appliances Outlet,1005672841,PLOT 1 KISEMENTI,COOPER ROAD,\N,Medical Devices,Kampala,Kampala Extra - Akamwesi
International Paramedical Institute IPI Maya,NDA/PRE/SIA/0033,Surgical Instruments and Appliances Outlet,1009517852,"INTERNATIONAL PARAMEDICAL BUILDING ,NAKIREBE MAYA",KATULAGA ROAD,\N,Medical Devices,Wakiso,Kampala Extra - Akamwesi
WAK LEGACY LTD,NDA/PRE/RTP/7800,Retail Pharmacy,1022648193,"FRIENDSHIP VILLAS, NANTABULILWA VILLAGE",NAMILYANGO RD,1760,Human,Mukono,South Eastern Region - Jinja
GILAM VENTURES (U) LTD,NDA/PRE/WHP/0036,Wholesale Pharmacy,1015798053,"EDWARD STREET, BWEYALE TOWN COUNCIL","EDWARD STREET, BWEYALE TOWN COUNCIL",1347,Human,Kiryandongo,Western Region - Hoima
AMPHARM PHARMACEUTICAL SERVICES LTD,NDA/PRE/RTP/0161,Retail Pharmacy,1046462953,ADJUMANI TOWN COUNCIL,WANI ROAD,1312,Human,Adjumani,West Nile Region - Arua
MAHANTJI PHARMA LTD,NDA/PRE/WHP/0039,Wholesale Pharmacy,1027636582,"Opposite Icon City, Lukaya town, Kalungu.",LUKAYA MASAKA ROAD,2187,Human,Masaka,Central Regional Office - Masaka
SOMNATH PHARMACY (U) LTD,NDA/PRE/WHP/0044,Wholesale Pharmacy,1034705507,"Bushekwire, road, KAbale municipality","Bushekwire, road, KAbale municipality",2279,Human,Kabale,South Western Region - Mbarara
SINAISTEVE INVESTMENT LIMITED,NDA/PRE/WHP/0049,Wholesale Pharmacy,1016798047,MBALE SOROTI ROAD - BUKEDEA,MBALE SOROTI ROAD - BUKEDEA TOWN,2147,Human,Bukedea,North Eastern Region - Soroti
TRIPLEX VET CENTRE LTD,NDA/PRE/WHP/0050,Wholesale Pharmacy,1049428267,"Old Mbale road, central ward, cell g, east division, soroti city",Old Mbale road,2241,Veretinary,Soroti,North Eastern Region - Soroti
VANIECOM PHARMACEUTICALS LTD,NDA/PRE/RTP/0180,Retail Pharmacy,1028111005,Plot 94 Kabanyoro,Gayaza-Zirobwe Road,2168,Human,Wakiso,Kampala Extra - Akamwesi
YUNIA PHARMACY LTD,NDA/PRE/WHP/0054,Wholesale Pharmacy,1047858969,TTULA - KIRONDE,TTULA RD,1964,Human,Kampala,Kampala Extra - Akamwesi
NAILA PHARMACY LTD,NDA/PRE/RTP/0184,Retail Pharmacy,1047616673,NAKAWUKA TRADING CENTRE-WAKISO DISTRICT,MAIN STREET,1892,Human,Wakiso,Kampala Extra - Akamwesi
ERINA MULUNGI PHARMACY COMPANY LTD,NDA/PRE/WHP/0061,Wholesale Pharmacy,1048952449,KIKYUUSA T/CENTRE,KIKYUUSA,2288,Human,Luweero,Kampala Extra - Akamwesi
KAN-MALIN PHARMACY LIMITED,NDA/PRE/RTP/0226,Retail Pharmacy,1049590837,NEXT TO NGOBE POLICE STATION,Ngobe,2242,Human,Wakiso,Kampala Extra - Akamwesi
GRACINNO INVESTMENTS LIMITED,NDA/PRE/WHP/0057,Wholesale Pharmacy,1049383050,"Gracinno Investments, SM house,  Ndegye Lubugumu Trading Centre",Ndegye-Lubugumu road,793,Human,Wakiso,Kampala Extra - Akamwesi
EQUINOPHARM PHARMACEUTICALS LTD,NDA/PRE/RTP/0220,Retail Pharmacy,1030044277,"KAKOOGE TOWN COUNCIL,  NAKASONGOLA",KAMPALA-GULU HIGHWAY,2191,Human,Nakasongola,Kampala Extra - Akamwesi
DISNEY PHARMACY LIMITED,NDA/PRE/RTP/8197,Retail Pharmacy,1026514482,LUWEERO TRADING CENTRE,POLICE ROAD,1817,Human,Luweero,Kampala Extra - Akamwesi
PLASTERGEN CO. LIMITED,NDA/PRE/SIA/0034,Surgical Instruments and Appliances Outlet,1050379005,"EBONY VILLAS , SEKIWUNGA VILLAGE, KAJJANSI",Sekiwunga Road,\N,Medical Devices,Wakiso,Kampala Extra - Akamwesi
PROSCA PHARMACY LTD,NDA/PRE/RTP/0237,Retail Pharmacy,1046860394,"GENESIS PLAZA,NEXT TO SHREE SWAMINARAYAN TEMPLE",NAKIVUBO,1108,Human,Kampala,Kampala Extra - Akamwesi
JOINT MEDICAL STORE,NDA/PRE/WHP/0065,Wholesale Pharmacy,1000028849,"PLOT 17-41, JOMO KENYATTA ROAD, HOLY ROSARY CHURCH, GULU CITY - GULU","PLOT 17-41, JOMO KENYATTA ROAD, HOLY ROSARY CHURCH, GULU CITY - GULU",1152,Human,Gulu,Northern Region - Lira
GOD'S LOVE PHARMACEUTICALS (U) LTD,NDA/PRE/RTP/0239,Retail Pharmacy,1048672713,KITI B. - JOKOLERA VILLAGE,WATUBA RD,2151,Human,Wakiso,Kampala Extra - Akamwesi
WAVACK MEDICAL TECHNOLOGIES LIMITED,NDA/PRE/SIA/8542,Surgical Instruments and Appliances Outlet,1019160287,"ARUA PARK PLAZA, ROOM A7-356, A7-357",67,\N,Human,Kampala,Kampala Extra - Akamwesi
Jerusalem healing pharmacy,NDA/PRE/RTP/0254,Retail Pharmacy,1029947940,Ndejje ku ma store,Ndejje- Lubungumu Road,2245,Human,Wakiso,Kampala Extra - Akamwesi
ROYAL PHARMA 2011 LTD,NDA/PRE/WHP/0067,Wholesale Pharmacy,1001002018,"Lumu zone, Luwero Town Council","Lumu zone, Luwero Town Council",2129,Human,Luweero,Kampala Extra - Akamwesi
BANABUKALASA INVESTMENTS LIMITED VETERINARY PHARMACY,NDA/PRE/WHP/0068,Wholesale Pharmacy,1024057955,KIKOMA,Kampala Gulu highway,2155,Veretinary,Luweero,Kampala Extra - Akamwesi
VIVIAN'S EXPERT PHARMACY,NDA/PRE/RTP/0262,Retail Pharmacy,1035712115,"BWEBAJJA, OPP RUBIS PETROL STATION",ENTEBBE ROAD,629,Human,Wakiso,Kampala Extra - Akamwesi
UNITED HEALTHCARE DISTRIBUTORS LIMITED,NDA/PRE/WHP/0076,Wholesale Pharmacy,1000442815,"PLOT 120, BLOCK 250 BUNGA-GGABA RD","PLOT 120,BUNGA,  GGABA ROAD",347,Veretinary,Kampala,Kampala Extra - Akamwesi
COUNTRY MEDICAL LTD,NDA/PRE/SIA/0036,Surgical Instruments and Appliances Outlet,1003406458,EQUATORIA MALL,WILLIAM STREET,\N,Medical Devices,Kampala,Kampala Extra - Akamwesi
ELIDRAZ ENTERPRISES LTD,NDA/PRE/RTP/0274,Retail Pharmacy,1047474663,"NEAR KINUBI FOOD MARKET, KINUBI CELL, HOIMA CITY",HOIMA - MASINDI ROAD,2227,Human,Hoima,Western Region - Hoima
CLOUD DENTAL CLINIC LIMITED,NDA/PRE/SIA/0037,Surgical Instruments and Appliances Outlet,1039800948,NGUVU BUILDING WAKALIGA,WAKALIGA ROAD,\N,Medical Devices,Kampala,Kampala Extra - Akamwesi
"GLOBAL SURGICAL INITIATIVES , INC",NDA/PRE/RTP/0238,Retail Pharmacy,1014695767,"WITHIN GLOBAL SURGICAL INITIATIVES , INC, BUDONDO - KYABIRWA",PK ROAD,1375,Human,Jinja,South Eastern Region - Jinja
FOREN PHARMACY LIMITED,NDA/PRE/WHP/0080,Wholesale Pharmacy,104473826,"Kampala-Entebbe Road, Namulanda , Wakiso, Uganda",Kampala-Entebbe Road,2193,Human,Wakiso,Kampala Extra - Akamwesi
MILLENNIUM OPTICAL LAB SUPPLIES LIMITED,NDA/PRE/SIA/0038,Surgical Instruments and Appliances Outlet,1030393291,PRIME COMPLEX,WILSON ROAD,\N,Medical Devices,Kampala,Kampala Extra - Akamwesi
GRAYWOOD CONCEPTS LTD,NDA/PRE/SIA/0039,Surgical Instruments and Appliances Outlet,1023261219,"PLOT 11,GATHANI BUILDING,SHOP.5,BOMBO ROAD",BOMBO ROAD,\N,Medical Devices,Kampala,Kampala Extra - Akamwesi
VEC VET PHARMACY LIMITED,NDA/PRE/WHP/0078,Wholesale Pharmacy,1016627465,"KINGS WAY PLAZA, FIRST FLOOR  SHOP F1,CONTAINER VILLAGE",NAKIVUBO PLACE,2182,Veretinary,Kampala,Kampala Extra - Akamwesi
SYNCHPHARMA AFRICA LIMITED,NDA/PRE/WHP/0081,Wholesale Pharmacy,1050039595,"TIRUPATI MAZIMA MALL, KABALAGALA",GGABA ROAD,2262,Human,Kampala,Kampala Extra - Akamwesi
PROFARMA UGANDA LIMITED,NDA/PRE/WHP/0098,Wholesale Pharmacy,1014255456,"SUITE G4, KANJOKYA HOUSE, KANJOKYA STREET, NAKAWA DIVISION","SUITE G4, KANJOKYA HOUSE, KANJOKYA STREET, NAKAWA DIVISION",1167,Human,Kampala,Kampala Extra - Akamwesi
CH PLUS PHARMACY LIMITED,NDA/PRE/RTP/11887,Retail Pharmacy,1049577609,KINAWATAKA-KIREKA,KINAWATAKA ROAD,2244,Human,Wakiso,Kampala Extra - Akamwesi
KAROFER PHARMA (U) LTD,NDA/PRE/SIA/0040,Surgical Instruments and Appliances Outlet,1050004972,"PLOT 26/28 RAMGHARIA SIKH TEMPLE BUILDING,RASHID KHAMIS ROAD",RASHID KHAMIS ROAD,\N,Medical Devices,Kampala,Kampala Extra - Akamwesi
SOLIS MEDICAL (U) LIMITED,NDA/PRE/SIA/0022,Surgical Instruments and Appliances Outlet,1034075190,"PLOT 18, MINISTERS' VILLAGE, MARTYRS WAY ROAD",MARTYRS WAY ROAD,\N,Human,Kampala,Kampala Extra - Akamwesi
MIWANI LAB SUPPLES LTD,NDA/PRE/SIA/0041,Surgical Instruments and Appliances Outlet,1028065070,"MABIRIZI COMPLEX ,6TH FLOOR,KAMPALA ROAD",KAMPALA ROAD,\N,Medical Devices,Kampala,Kampala Extra - Akamwesi
THOMAS AND TOM LENS AND FRAMES OPTICAL LTD,NDA/PRE/SIA/0043,Surgical Instruments and Appliances Outlet,1001844979,"NAKASERO,YUSUF LULE ROAD",YUSUF LULE ROAD,\N,Medical Devices,Kampala,Kampala Extra - Akamwesi
NEWTECH MEDICAL INNOVATION UGANDA LTD,NDA/PRE/SIA/0044,Surgical Instruments and Appliances Outlet,1050400628,"PLOT 1615,FRAINE SUPERMARKET BUILDING, SECOND FLOOR, ROOM 10, NTINDA",BUKOTO NTINDA ROAD,\N,Medical Devices,Kampala,Kampala Extra - Akamwesi
Peak Pharmaceuticals Limited,NDA/PRE/RTP/0354,Retail Pharmacy,1017216438,"Zanta, Konoweeka Road, Makindye Ssabagabo","Konoweeka Road, Makindye Ssabagabo",1601,Human,Wakiso,Kampala Extra - Akamwesi
ERIS WELLNESS LIMITED,NDA/PRE/WHP/0099,Wholesale Pharmacy,1044154957,Plot 51 William Street,WILLIAM STREET,315,Human,Kampala,Kampala Extra - Akamwesi
SOWELL HEALTHCARE UG. LTD,NDA/PRE/SIA/0045,Surgical Instruments and Appliances Outlet,\N,"SB SUPERMARKET BUILDING ,MUTUNGO B -NAKAWA DIVISION",OLD BUTABIKA ROAD,\N,Medical Devices,Kampala,Kampala Extra - Akamwesi
ELIO COMPANY LIMITED,NDA/PRE/SIA/0046,Surgical Instruments and Appliances Outlet,1048203257,AFTER LUGOBA POLICE ST. JINJA KALORI ROAD,JINJA KALOLI RD,\N,Medical Devices,Kampala,Kampala Extra - Akamwesi
ANTONIA MEDICAL EQUIPMEMT SUPPLIES LTD,NDA/PRE/SIA/0047,Surgical Instruments and Appliances Outlet,1052092498,"PLOT 85,WANDEGEYA ,BOMBO ROAD",BOMBO ROAD,\N,Medical Devices,Kampala,Kampala Extra - Akamwesi
ELONS CLINICAL ENGINEERING CONSULTS AND BIOMEDICAL  SUPPLIES LTD,NDA/PRE/SIA/0048,Surgical Instruments and Appliances Outlet,1046322503,"ARUA PARK PLAZA ROOM A5-293,BEN KIWANUKA STREET",BEN KIWANUKA STREET,\N,Medical Devices,Kampala,Kampala Extra - Akamwesi
MEDPATH HEARING TECHNOLOGIES UGANDA LTD,NDA/PRE/SIA/0049,Surgical Instruments and Appliances Outlet,1048738949,"ESAMI BUILDING ROOM 01, BOMBO ROAD",BOMBO ROAD,\N,Medical Devices,Kampala,Kampala Extra - Akamwesi
DEUS PRIMUS (U) LTD,NDA/PRE/WHP/0108,Wholesale Pharmacy,1047231690,BAHAI ROAD,BAHAI ROAD,1739,Human,Kampala,Kampala Extra - Akamwesi
INVOKE LAB,NDA/PRE/WHP/0112,Wholesale Pharmacy,1046752762,"PLOT 14, KANJOKYA STREET, KAMWOKYA, KAMPALA CENTRAL","PLOT 14, KANJOKYA STREET, KAMWOKYA, KAMPALA CENTRAL",383,Human,Kampala,Kampala Extra - Akamwesi
MICRO-HAEM SCIENTIFICS AND MEDICAL SUPPLIES LIMITED,NDA/PRE/SIA/0025,Surgical Instruments and Appliances Outlet,1001410585,"PLOT 16 MARTYR'S WAY RD, NTINDA",MARTYRS WAY RD,\N,Human,Kampala,Kampala Extra - Akamwesi
JACBECS INVESTMENTS LIMITED,NDA/PRE/SIA/0050,Surgical Instruments and Appliances Outlet,1047315041,"ARUA PARK PLAZA ROOM A5-299,BEN KIWANUKA STREET",BEN KIWANUKA,\N,Medical Devices,Kampala,Kampala Extra - Akamwesi
LOTTAM MEDICAL ENTERPRISES LTD,NDA/PRE/SIA/0051,Surgical Instruments and Appliances Outlet,1046619285,"ARUA PARK PLAZA,ROOM A5-292 BEN KWANUKA STREET",BEN KIWANUKA STREET,\N,Medical Devices,Kampala,Kampala Extra - Akamwesi
TAUBER PHARMACEUTICALS AND COSMETICS LTD,NDA/PRE/RTP/0422,Retail Pharmacy,1049860659,"KIBUMBIRO-A , BUSEGA COMMUNITY ROAD, KAMPALA",BUSEGA COMMUNITY ROAD,2170,Human,Kampala,Kampala Extra - Akamwesi
VAX SCIENTIFICS AND MEDICAL SUPPLIES LIMITED,NDA/PRE/SIA/0052,Surgical Instruments and Appliances Outlet,1051272061,"MARTYRS MALL,KYALIWAJJALA,NAMUGONGO ROAD",NAMUGONGO ROAD,\N,Medical Devices,Wakiso,Kampala Extra - Akamwesi
ACHLA PHARMACEUTICALS LIMITED,NDA/PRE/WHP/0128,Wholesale Pharmacy,1052637911,"PLOT 4 &6, WAREHOUSE N3-L301, FACTORY CLOSE, NTINDA INDUSTRIAL AREA, NAKAWA DIVISION","PLOT 4 &6, WAREHOUSE N3-L301, FACTORY CLOSE, NTINDA INDUSTRIAL AREA, NAKAWA DIVISION",1977,Human,Kampala,Kampala Extra - Akamwesi
ANALYSIS MEDICAL SYSTEMS LIMITED,NDA/PRE/SIA/0053,Surgical Instruments and Appliances Outlet,1028448879,"TITANIC PLAZA ROOM D05,D06 JOHNSTONE STREET.",JOHNSTONE STREET,\N,Medical Devices,Kampala,Kampala Extra - Akamwesi
BAW.COM LIMITED,NDA/PRE/WHP/11868,Wholesale Pharmacy,1018876353,"SERUMAGA ROAD, KALONDA, BUKOTO, NAKAWA, KAMPALA","SERUMAGA ROAD, KALONDA, BUKOTO",1948,Human,Kampala,Kampala Extra - Akamwesi
LA RAPID PHARMA CARE UGANDA LTD,NDA/PRE/WHP/0012,Wholesale Pharmacy,1048752222,"WAREHOUSE NO. A3, PLOT 40 &41, SIR APOLLO KAGGWA ROAD, OLD KAMPALA.","WAREHOUSE NO. A3, PLOT 40 &41, SIR APOLLO KAGGWA ROAD, OLD KAMPALA.",2260,Human,Kampala,Kampala Extra - Akamwesi
Coral Agro Animal Technology ltd,NDA/PRE/WHP/0125,Wholesale Pharmacy,1043246792,"PLOT 18, MUWAFU CURVE ROAD, NTINDA, NAKAWA DIVISION","PLOT 18, MUWAFU CURVE ROAD, NTINDA, NAKAWA DIVISION",2092,Veretinary,Kampala,Kampala Extra - Akamwesi
Mobile Scan International,NDA/PRE/SIA/0054,Surgical Instruments and Appliances Outlet,1014785183,"PLOT 1355 KYEBANDO CENTRAL,KIKAAYA  ROAD.",Kikaaya Road,\N,Medical Devices,Kampala,Kampala Extra - Akamwesi
BT MEDICAL SUPPLIES LTD,NDA/PRE/SIA/0055,Surgical Instruments and Appliances Outlet,1053181753,"PLOT 2438,MUKALAZI ROAD,BUKOTO.",MUKALAZI ROAD,\N,Medical Devices,Kampala,Kampala Extra - Akamwesi
ELS TOP HEALTHCARE IMPEX LIMITED,NDA/PRE/WHP/0142,Wholesale Pharmacy,1018018788,"FIRST FLOOR, PLOT 33, NAGURU HEIGHTS, NAGURU DRIVE, NAKAWA DIVISION",NAGURU DRIVE,1313,Human,Kampala,Kampala Extra - Akamwesi
BCI PHARMACEUTICALS - SMC LIMITED,NDA/PRE/WHP/0134,Wholesale Pharmacy,1051409763,"PLOT 1, WILSON ONE BUILDING, SHOP WC 29 &30, WB 17 &18, WILSON ROAD",WILSON ROAD-KAMPALA,2196,Human,Kampala,Kampala Extra - Akamwesi
Vitabene Essentials Limited,NDA/PRE/WHP/0123,Wholesale Pharmacy,1052099951,"N.NAKAYENGA APARTMENTS, NGOBE-BUNAMWAYA, MAKINDYE SSABAGABO MUNICIPALITY","N.NAKAYENGA APARTMENTS, NGOBE-BUNAMWAYA, MAKINDYE SSABAGABO MUNICIPALITY",1595,Human,Wakiso,Kampala Extra - Akamwesi
ANKUNDA HEALTHCARE CO.LIMITED,NDA/PRE/RTP/11891,Retail Pharmacy,1046874126,"PLOT 34, Nyakasharara T.C, ALONG KAZO-RUSHERE RD, Kiruhura district","PLOT 34, ALONG KAZO-RUSHERE RD, Kiruhura district",2247,Human,Kiruhura,South Western Region - Mbarara
SINOVAS MEDICAL SUPPLIES LIMITED,NDA/PRE/SIA/0056,Surgical Instruments and Appliances Outlet,1049883501,"PLOT 21 GOGONYA ,NSAMBYA,KABEGA ROAD.",KABEGA ROAD,\N,Medical Devices,Kampala,Kampala Extra - Akamwesi
ROOTT SURGICAL LIMITED,NDA/PRE/SIA/0057,Surgical Instruments and Appliances Outlet,1044407782,"PLOT 83,TUFNELL DRIVE ,KAMWOKYA",TUFNELL DRIVE,\N,Medical Devices,Kampala,Kampala Extra - Akamwesi
METROPOLIS HEALTHCARE UGANDA LIMITED,NDA/PRE/SIA/0058,Surgical Instruments and Appliances Outlet,1021915646,"PLOT 79, BUGANDA ROAD",BUGANDA ROAD,\N,Medical Devices,Kampala,Kampala Extra - Akamwesi
GOLDFINCH MEDICAL AND DENTAL SUPPLIES - SMC LIMITED,NDA/PRE/SIA/0059,Surgical Instruments and Appliances Outlet,1052464740,"MAJANJA TOWERS ROOM M3,KIREKA B, KINAWATA ROAD, KIRA MUNICIPALITY, WAKISO",Kinawataka road,\N,Medical Devices,Wakiso,Kampala Extra - Akamwesi
TSURI PHARMACY LTD,NDA/PRE/RTP/0560,Retail Pharmacy,1047544572,"Rubis Petrol Station, Makerere Hill Road",Makerere Hill Road,2216,Human,Kampala,Kampala Extra - Akamwesi
DIASURGE HEALTHCARE SMC LTD,NDA/PRE/SIA/0060,Surgical Instruments and Appliances Outlet,1016534580,"Nizam Road, Pyara Courts",Nizam,\N,Medical Devices,Jinja,South Eastern Region - Jinja
DOXA PHARMACY LTD,NDA/PRE/RTP/0566,Retail Pharmacy,1050212072,"NALUGALA- GARUGA, KATABI",GARUGA ROAD,2301,Human,Wakiso,Kampala Extra - Akamwesi
BUKOOLA CHEMICAL INDUSTRIES LIMITED,NDA/PRE/WHP/0139,Wholesale Pharmacy,1000081167,SEBCO PLAZA CONTAINER VILLAGE,NAKIVUBO ROAD,772,Veretinary,Kampala,Kampala Extra - Akamwesi
3T Pharmaceutical Company Limited,NDA/PRE/RTP/0314,Retail Pharmacy,1008428245,"HAKI PETROSTATION, HANLON ROAD, MAKINDYE DIVISION.","HAKI PETROSTATION, HANLON ROAD, MAKINDYE DIVISION.",1972,Human,Kampala,Kampala Extra - Akamwesi
LONZA PHARMA LTD,NDA/PRE/WHP/0157,Wholesale Pharmacy,1053771889,"SHOP NO.B1, FIRST FLOOR, BIBI MART BUILDING, KITINTALE ROAD, NAKAWA DIVISION",KITINTALE RD,1160,Human,Kampala,Kampala Extra - Akamwesi
WELLMED SUPPLY LIMITED,NDA/PRE/WHP/0179,Wholesale Pharmacy,1027864128,"BOMBAY GARDENS,OLD KAMPALA",Nsalo Road,747,Human,Kampala,Kampala Extra - Akamwesi
REHAN PHARMACEUTICALS LIMITED,NDA/PRE/WHP/0029,Wholesale Pharmacy,1049220601,"MABANDA ROAD, MATUGGA T/C, NANSANA MUNICIPALITY","MABANDA ROAD, MATUGGA T/C, NANSANA MUNICIPALITY",2183,Human,Wakiso,Kampala Extra - Akamwesi
Guardian Health Limeted,NDA/PRE/RTP/0232,Retail Pharmacy,1003583706,"NEXT TO NAALYA MAIN MARKET, NAALYA-NAMUGONGO ROAD, KIRA MUNICIPALITY","NEXT TO NAALYA MAIN MARKET, NAALYA-NAMUGONGO ROAD, KIRA MUNICIPALITY",2148,Human,Wakiso,Kampala Extra - Akamwesi
PAMOJA LOGISTICS U LIMITED,NDA/PRE/SIA/11868,Surgical Instruments and Appliances Outlet,101093114,"SECOND FLOOR, FRAINE SUPERMARKET BUILDING, NTINDA T/C, NAKAWA DIVISION",BUKOTO-NTINDA ROAD,\N,Medical Devices,Kampala,Kampala Extra - Akamwesi
MEDTEC ENTERPRISE UGANDA LTD,NDA/PRE/SIA/11869,Surgical Instruments and Appliances Outlet,1041192004,"ARUA PARK PLAZA ROOM A5-282,BEN KIWANUKA STREET",BEN KIWANUKA STREET,\N,Medical Devices,Kampala,Kampala Extra - Akamwesi
BM2 MEDICALS SMC LTD,NDA/PRE/SIA/11870,Surgical Instruments and Appliances Outlet,1053202620,"BAFAKI AND MONICA MEMO HOUSE, KANYOGOGA, KAWANDA",KIRINYABIGO -KIVULU ROAD,\N,Medical Devices,Wakiso,Kampala Extra - Akamwesi
LA MYSTIQUE MEDICAL SUPPLIES LIMITED,NDA/PRE/SIA/11871,Surgical Instruments and Appliances Outlet,1048592234,"ARUA PARK PLAZA ROOM A5-298, BEN KIWANUKA STREET",benikiwanuka street,\N,Medical Devices,Kampala,Kampala Extra - Akamwesi
TRICARE INVESTMENTS LTD,NDA/PRE/SIA/11875,Surgical Instruments and Appliances Outlet,1053340246,"PLOT 1288,KIKAAYA,KISAASI BAHAI TEMPLEÂ ROAD",Kikaaya,\N,Medical Devices,Kampala,Kampala Extra - Akamwesi
BIOSCIENTIFIC INVESTMENTS LIMITED,NDA/PRE/SIA/11874,Surgical Instruments and Appliances Outlet,1014814642,"PLOT 165,LUYOMBYE END CLOSE, LOWER NSOOBA ,KAWEMPE DIVISION.",Upper Nsooba,\N,Medical Devices,Kampala,Kampala Extra - Akamwesi
Next Generation Pharmacy Services Limited,NDA/PRE/WHP/11879,Wholesale Pharmacy,1013613230,"Zampa House, Ave-Maria Road, Nsambya, Makindye Division.","Zampa House, Ave-Maria Road, Nsambya, Makindye Division.",1927,Human,Kampala,Kampala Extra - Akamwesi
ALONS PHARMACY LTD,NDA/PRE/RTP/0339,Retail Pharmacy,1050512092,"OLD MBALE ROAD, PAMBA TRADING CENTRE, SOROTI CITY","OLD MBALE ROAD, PAMBA TRADING CENTRE, SOROTI CITY",2271,Human,Soroti,North Eastern Region - Soroti
ASTER INVESTMENTS(U) LTD,NDA/PRE/WHP/0104,Wholesale Pharmacy,1012018025,"BAKULI, ALBER COOK ROAD",ALBERT COOK ROAD,741,Human,Kampala,Kampala Extra - Akamwesi
N2M COMPANY LIMITED,NDA/PRE/SIA/11877,Surgical Instruments and Appliances Outlet,1003616372,"PLOT 9797, ST.MARYS KITENDE ROAD,KITENDE","LWEZA ENTEBBE ROAD, KITENDE",\N,Medical Devices,Wakiso,Kampala Extra - Akamwesi
RAINY PHARMA UGANDA LIMITED,NDA/PRE/WHP/0111,Wholesale Pharmacy,1045804002,"ALPHA MALL, BUKOTO-KISASI ROAD, NAKAWA DIVISION","ALPHA MALL, BUKOTO-KISASI ROAD, NAKAWA DIVISION",2228,Human,Kampala,Kampala Extra - Akamwesi
Piston Medical Limited,NDA/PRE/WHP/11892,Wholesale Pharmacy,1016889120,"RUBICON WAREHOUSE, NAMUGONGO ROAD, KIREKA",NAMUGONGO ROAD,2285,Human,Wakiso,Kampala Extra - Akamwesi
MAYWOOD PHARMACY LIMITED,NDA/PRE/RTP/11880,Retail Pharmacy,10141138433,"NEXT TO KIRA DIVISION COUNCIL OFFICES, KIRA-BULINDO ROAD, KIRA MUNICIPALITY.","NEXT TO KIRA DIVISION COUNCIL OFFICES, KIRA-BULINDO ROAD, KIRA MUNICIPALITY.",1690,Human,Wakiso,Kampala Extra - Akamwesi
SAHYUN PHARMACY LIMITED,NDA/PRE/WHP/11900,Wholesale Pharmacy,1048670469,NDEJJE ZANTA,NDEJJE ZANTA,2259,Human,Wakiso,Kampala Extra - Akamwesi
HAFITH PHARMA LTD,NDA/PRE/RTP/11866,Retail Pharmacy,1047958700,"NEXT TO GASLINE PETRO. STATION, MATUGGA, NANSANA MUNICIPALITY",BOMBO RD,2120,Human,Wakiso,Kampala Extra - Akamwesi
ACCULEX MEDICAL SUPPLIES LTD,NDA/PRE/SIA/11878,Surgical Instruments and Appliances Outlet,1053957394,"ARUA PARK PLAZA ROOM A3-212,BEN KIWANUKA STREET",BEN KIWANUKA STREET,\N,Medical Devices,Kampala,Kampala Extra - Akamwesi
LABORA MEDS (U) LIMITED,NDA/PRE/SIA/11879,Surgical Instruments and Appliances Outlet,1010611487,"Bishop Wills Rd, Opp Eazy View mall. on the First floor, Mbarara city","Bishop Wills Rd, Opp Eazy View mall. on the First floor, Mbarara city",\N,Medical Devices,Mbarara,South Western Region - Mbarara
JENA PHARMACEUTICALS,NDA/PRE/RTP/0420,Retail Pharmacy,1052146573,"Makerere Kavule, NV Residentials",Bombo Road,2269,Veretinary,Kampala,Kampala Extra - Akamwesi
PALMAX PHARMACY LIMITED,NDA/PRE/RTP/7527,Retail Pharmacy,1020429054,"Grand Hope Hotel Building, Adjumani T.C",Magni Rd,1695,Human,Adjumani,West Nile Region - Arua
VASAN PHARMA LIMITED,NDA/PRE/WHP/11906,Wholesale Pharmacy,1052301086,"WAREHOUSE No.4, JR COMPLEX, JINJA ROAD, CENTRAL DIVISION",JINJA ROAD,716,Human,Kampala,Kampala Extra - Akamwesi
LINGINENI PHARMA (U) LIMITED,NDA/PRE/WHP/0181,Wholesale Pharmacy,1053777885,"BLOCK 5 A1, WANDEGEYA CONDOMINIUM FLATS, WANDEGEYA, KAWEMPE DIVISION",MAKERERE HILL ROAD,716,Human,Kampala,Kampala Extra - Akamwesi
AIM  PHARMACEUTICAL LTD,NDA/PRE/RTP/0052,Retail Pharmacy,1026409984,JINJA CITY,NAPIER,2209,Human,Jinja,South Eastern Region - Jinja
BIOPHARM PHARMACEUTICALS LIMITED,NDA/PRE/RTP/11994,Retail Pharmacy,1037620167,"KITENDE - KAJJANSI, Opp. ST ANTHONY PS, KAJJANSI TC, ENTEBBE ROAD",ENTEBBE ROAD,1992,Human,Wakiso,Kampala Extra - Akamwesi
ELSMED HEALTHCARE SOLUTIONS - SMC LIMITED,NDA/PRE/WHP/11907,Wholesale Pharmacy,1034926170,"PLOTBELL ROAD, PLOT 265, EAGLENEST BUILDING,  LUZIRI T.CENTRE, NAKAWA DIVISION",Portbell road,1415,Human,Kampala,Kampala Extra - Akamwesi
PHARMVAC UGANDA LIMITED,NDA/PRE/WHP/11896,Wholesale Pharmacy,1054153603,"PLOT 3120, POVA-HOUSE, KIWATULE ROAD, NAKAWA DIVISION",KIWATULE ROAD,2049,Veretinary,Kampala,Kampala Extra - Akamwesi
Mpindi Medical Laboratory supplies and Instruments,NDA/PRE/SIA/11880,Surgical Instruments and Appliances Outlet,1009721614,Rena Plaza Kampala-Jinja Highway Gulu ward Mukono Municipality,Kampala-Jinja Highway Mukono Municipality,\N,Medical Devices,Mukono,South Eastern Region - Jinja
QUBE GLOBAL PHARMA LTD,NDA/PRE/SIA/11881,Surgical Instruments and Appliances Outlet,1046684299,opp Coca-Cola plant namanve jinja road..mukono municipality,opp Coca-Cola plant namanve jinja road..mukono municipality,\N,Medical Devices,Mukono,South Eastern Region - Jinja
WINNER GLOBAL ENTERPRISES LIMITED,NDA/PRE/SIA/11882,Surgical Instruments and Appliances Outlet,1009989631,"PLOT 582,NTINDA KIGOWA ROAD,NTINDA",NTINDA KIGOWA ROAD,\N,Medical Devices,Kampala,Kampala Extra - Akamwesi
TECHPLUS MEDICAL SYSTEMS (SMC) LTD,NDA/PRE/SIA/11883,Surgical Instruments and Appliances Outlet,\N,"ARUA PARK PLAZA ROOM A5-285 ,BEN KIWANUKA STREET",BEN KIWANUKA STREET,\N,Medical Devices,Kampala,Kampala Extra - Akamwesi
NAIM GENERAL VENTURES (U) LTD,NDA/PRE/SIA/11884,Surgical Instruments and Appliances Outlet,1036265274,BEFORE AGENDA KIREKA NAMUGONGO ROAD NEXT TO BUMALI HARDWARE,KIREKA NAMUGONGO ROAD,\N,Medical Devices,Wakiso,Kampala Extra - Akamwesi
VORTEX HEALTHCARE PHARMACY LIMITED,NDA/PRE/RTP/11983,Retail Pharmacy,1015118320,"KATOOKE - WAMALA RD. ALI'S BUILDING, OPP. PARKING LOT. NABWERU DIVISION, NANSANA MUNICIPALITY",Katooke-Wamala Road,2303,Human,Wakiso,Kampala Extra - Akamwesi
NYANJE PHARMACY-SMC LTD,NDA/PRE/RTP/0484,Retail Pharmacy,1051043224,NYENJE Bukerere rd,nyenje rd,2110,Human,Mukono,South Eastern Region - Jinja
PRENAM PHARMA LIMITED,NDA/PRE/RTP/11913,Retail Pharmacy,1050875866,"TOTAL PETROL STATION, KUMBUZI, GAYAZA ROAD, KITETIKA",GAYAZA ROAD,2317,Human,Wakiso,Kampala Extra - Akamwesi
FINE LIGHT PHARMACY LIMITED,NDA/PRE/WHP/11940,Wholesale Pharmacy,1054077936,"MIAH COMPLEX, BWAISE- NABWERU ROAD- KAMPALA DISTRICT",north bwaise,2301,Human,Kampala,Kampala Extra - Akamwesi
Luts Pharma and Medical Supplies Ltd,NDA/PRE/WHP/11921,Wholesale Pharmacy,1054840608,"PLOT 114, KYADONDO ROAD, OPPOSITE UGANDA SOCIETY OF THE DEAF HEADOFFICE",KYADONDO ROAD,1021,Human,Kampala,Kampala Extra - Akamwesi
CLABANE BY UNITY UGANDA -SMC LTD,NDA/PRE/WHP/11895,Wholesale Pharmacy,1025703137,"SHOP No.049, FIRST FLOOR, FOREST MALL, LUGOGO BYPASS, NAKAWA DIVIDSION","SHOP No.049, FIRST FLOOR, FOREST MALL, LUGOGO BYPASS, NAKAWA DIVIDSION",1827,Human,Kampala,Kampala Extra - Akamwesi
QUANTUM LIFE SCIENCES LTD,NDA/PRE/WHP/0175,Wholesale Pharmacy,1050710583,"PLOT 1097, CHURCH TO CHURCH ROAD, KAMWOKYA, CENTRAL DIVISION","PLOT 1097, CHURCH TO CHURCH ROAD, KAMWOKYA, CENTRAL DIVISION",2200,Human,Kampala,Kampala Extra - Akamwesi
KF JESUS PHARMACY,NDA/PRE/RTP/0357,Retail Pharmacy,1015166928,"OCHIENG ZONE 1, NANSANA MUNICILIPALITY",HOIMA ROAD,2265,Human,Wakiso,Kampala Extra - Akamwesi
ROHEN GRAND HEALH PHARM LIMITED,NDA/PRE/WHP/11918,Wholesale Pharmacy,1044886610,KAWUKU ENEBBE ROAD WAKISO,ENTEBBE ROAD,1756,Human,Wakiso,Kampala Extra - Akamwesi
BIOCELGEN UGANDA LTD,NDA/PRE/WHP/11927,Wholesale Pharmacy,1054037127,"BOMBO ROAD, PLOT 28, LEVEL 4 - BIBLE HOUSE.",BOMBO ROAD,2224,Human,Kampala,Kampala Extra - Akamwesi
Medipro Diagnostics Limited,NDA/PRE/SIA/11885,Surgical Instruments and Appliances Outlet,1009693646,"PLOT 478 KYEBANDO,BAHAI ROAD",BAHAI ROAD,\N,Medical Devices,Kampala,Kampala Extra - Akamwesi
JOINTTECH SUPPLIES LTD,NDA/PRE/SIA/11886,Surgical Instruments and Appliances Outlet,\N,"ARUA PARK PLAZA ROOM 280,BEN KIWANUKA STREET,KAMPALA","ARUA PARK PLAZA ROOM 280,BEN KIWANUKA STREET,KAMPALA",\N,Medical Devices,Kampala,Kampala Extra - Akamwesi
EXON GENETIC AND BIOTECHNOLOGY COMPANY LTD,NDA/PRE/SIA/11888,Surgical Instruments and Appliances Outlet,1018952258,"PLOT 7 ,MPANGA CLOSE, BUGOLOBI,NAKAWA DIV.","MPANGA CLOSE, BUGOLOBI",\N,Medical Devices,Kampala,Kampala Extra - Akamwesi
Beba health innovations,NDA/PRE/SIA/11889,Surgical Instruments and Appliances Outlet,1041389273,"APONYE COMPLEX,NTINDA TRADING CENTER","APONYE COMPLEX,NTINDA TRADING CENTER",\N,Medical Devices,Kampala,Kampala Extra - Akamwesi
F &S SCIENTIFIC UGANDA LIMITED,NDA/PRE/SIA/11890,Surgical Instruments and Appliances Outlet,1041601220,"PLOT 4847,KAYONGO ROAD,KISUGU.",KAYONGO ROAD,\N,Medical Devices,Kampala,Kampala Extra - Akamwesi
Maersil Healthcare Ltd,NDA/PRE/SIA/11891,Surgical Instruments and Appliances Outlet,1019406836,"PLOT 12812, NAMUTO  COMPLEX ROOM C-04 ,NANSANA",HOIMA ROAD,\N,Medical Devices,Wakiso,Kampala Extra - Akamwesi
SEAV TECH-SMC LIMITED,NDA/PRE/SIA/11892,Surgical Instruments and Appliances Outlet,1027288062,"SNOW COMPLEX ROOM MJ 24 MWANGA  2 ROAD, MENGO KISENYI",Kisenyi,\N,Medical Devices,Kampala,Kampala Extra - Akamwesi
SHREE LAXMI PHARMA LIMITED,NDA/PRE/SIA/11893,Surgical Instruments and Appliances Outlet,1054846946,"MAMA NANBI COMPLEX ROOM 001.,NANSANA MASITOWA ,HOIMA ROAD",HOIMA ROAD,\N,Medical Devices,Wakiso,Kampala Extra - Akamwesi
DHARMIK VENTURES CO. LIMITED,NDA/PRE/SIA/11894,Surgical Instruments and Appliances Outlet,1053944718,"R. ALMEIDA &SONS  BUILDING, FIRST FLOOR,BOMBO ROAD",Bombo Road,\N,Medical Devices,Kampala,Kampala Extra - Akamwesi
DAWA LIFE SCIENCES (UGANDA) LIMITED,NDA/PRE/WHP/11932,Wholesale Pharmacy,1054717777,Plot 19/21/23 China town  Industrial Area,Kibira Road,2295,Veretinary,Kampala,Kampala Extra - Akamwesi
IMAGING THE WORLD CONSORTIUM FOR HEALTH LTD,NDA/PRE/SIA/11394,Surgical Instruments and Appliances Outlet,1027295266,"PLOT 435, NAALYA - NAMUGONGO ROAD - WAKISO",PLOT 435,\N,Human,Wakiso,Kampala Extra - Akamwesi
CROGEN MEDICAL SUPPLIES LTD,NDA/PRE/SIA/11895,Surgical Instruments and Appliances Outlet,1044300350,"ARUA PARK PLAZA ROOM A5-281, BEN KIWANUKA STREET",BEN KIWANUKA STREET,\N,Medical Devices,Kampala,Kampala Extra - Akamwesi
GWS HEALTHCARE SERVICES(U)LTD,NDA/PRE/WHP/11939,Wholesale Pharmacy,1055012595,"PLOT 101. BUKOTO STREET, LOWER KOLOLO",BUKOTO STREET,1937,Human,Kampala,Kampala Extra - Akamwesi
CAREWAY PHARMACEUTICALS LTD,NDA/PRE/RTP/12000,Retail Pharmacy,1054906506,Jinja kampala high way seeta,Jinja kampala high way seeta,2222,Human,Mukono,South Eastern Region - Jinja
MARYVILLE PRODUCTS (U) LTD,NDA/PRE/RTP/12002,Retail Pharmacy,1052707782,seeta to namilyango road,Namilyango road,2245,Human,Mukono,South Eastern Region - Jinja
CROSS ROAD PHARMACY COMPANY LIMITED,NDA/PRE/WHP/0172,Wholesale Pharmacy,1046862327,"NAKALEMA APARTMENTS, NAMASUBA KIKAJJO- MAKINDYE SSABAGABO",KIKAJJO ROAD,2269,Human,Kampala,Kampala Extra - Akamwesi
DAWA LIFE SCIENCES (UGANDA) LIMITED,NDA/PRE/WHP/11929,Wholesale Pharmacy,1054717777,"PLot 19/21/23 China Town, , industrial Area",Kibira Road,1995,Human,Kampala,Kampala Extra - Akamwesi
BIOTECH  DIAGNOSTIC SUPPLIES - SMC LTD,NDA/PRE/SIA/11896,Surgical Instruments and Appliances Outlet,1017401418,"PLOT 20-21, 27-28 MARTYRS CRESCENT ROAD,NTINDA",Martyrs Crescent Road,\N,Medical Devices,Kampala,Kampala Extra - Akamwesi
Zentra Diagnostics,NDA/PRE/SIA/11897,Surgical Instruments and Appliances Outlet,1053160482,"ST MARK CHURCH ROAD,KYANJA",ST MARK CHURCH ROAD,\N,Medical Devices,Kampala,Kampala Extra - Akamwesi
MOLECULES PHARMACY LIMITED,NDA/PRE/RTP/0447,Retail Pharmacy,1051047822,"AIRPORT ROAD, GOAN'S QUARTER - GULU CITY","AIRPORT ROAD, GOAN'S QUARTER - GULU CITY",2153,Human,Gulu,Northern Region - Lira
JEPHIES INVESTMENT LIMITED,NDA/PRE/RTP/0301,Retail Pharmacy,1051130296,"Matete Road, Kyabakuza, Masaka City","KYABAKUZA, MASAKA CITY, MASAKA",2308,Human,Masaka,Central Regional Office - Masaka
UZIIMA PHARMACIES LTD,NDA/PRE/RTP/0335,Retail Pharmacy,1042787592,"RWENSHAMA -RUKUNGIRI RD,_x000D_WESIGEMUKAMA HOUSE_x000D_BUKUNGU T/C, RUKUNGIRI  DIST.","Rwenshama - Rukungiri road, Central ward, Bikurungu T/C, Rukungiri district",2109,Human,Rukungiri,South Western Region - Mbarara
TWENDE INVESTMENTS EAST AFRICA LIMITED,NDA/PRE/WHP/7263,Wholesale Pharmacy,1047676347,"SHOP No. 9, ORJ MALL, KIWATULE","SHOP No. 9, ORJ MALL, KIWATULE",2044,Human,Kampala,Kampala Extra - Akamwesi
BETHESDA HOSPITAL PHARMACY SOROTI LTD,NDA/PRE/WHP/11935,Wholesale Pharmacy,1004362630,"ODERAI TRADING CENTER, SOROTI CITY, NORTH EASTERN REGION",SERERE ROAD,2250,Human,Soroti,North Eastern Region - Soroti
mediczant co.smc ltd,NDA/PRE/SIA/11899,Surgical Instruments and Appliances Outlet,1017861502,"HANIS SHOPPING CENTER ROOM HSC2-07,HSC2-08,RUBAGA ROAD",RUBAGA  ROAD,\N,Medical Devices,Kampala,Kampala Extra - Akamwesi
RHINNATO MEDICAL SERVICES,NDA/PRE/RTP/11991,Retail Pharmacy,1030183926,Warr Town Council,Warr,2143,Human,Zombo,West Nile Region - Arua
WATANDA HILLS LIMITED,NDA/PRE/RTP/11932,Retail Pharmacy,1029712023,"Plot No. 7806 Biira, Bulenga ( Near Maama Fina Signage)",MITYANA ROAD,2115,Human,Wakiso,Kampala Extra - Akamwesi
